"Geneid","baseMean","log2FoldChange","lfcSE","stat","pvalue","padj"
"ENSG00000165197.5",1180.47600344891,-7.75777453969512,0.437133591046618,-17.7469192452606,1.82071924404122e-70,3.73320273798211e-66
"ENSG00000102760.13",5689.81664284387,-4.57198113527514,0.270466434528783,-16.904061101854,4.19960445183456e-64,4.30543448402079e-60
"ENSG00000118526.7",789.936897658053,-5.25401091194764,0.363863998805678,-14.4394909339562,2.91990746985145e-47,1.99565942539447e-43
"ENSG00000140807.7",866.843082084356,-4.52661542238782,0.335399602678052,-13.4961860009503,1.64683516537892e-41,8.44167705773236e-38
"ENSG00000116016.14",37390.1786913964,-3.44612329823041,0.268092967878755,-12.8542099611838,8.14537875561741e-38,3.34025692010359e-34
"ENSG00000204305.16",17855.0002295225,-6.33565769867739,0.497566021135947,-12.7333005662505,3.86163040798158e-37,1.31964783142091e-33
"ENSG00000168874.14",1285.00525465329,-5.36389378355192,0.424485889715306,-12.6362122122584,1.33323480039145e-36,3.90523519246091e-33
"ENSG00000166851.15",479.151099116919,3.68899035896572,0.294300213153769,12.5347865685651,4.8165640890439e-36,1.23448537602195e-32
"ENSG00000165072.10",859.544535173022,-4.74324663232747,0.381267280168088,-12.4407387652996,1.5704465144382e-35,3.57782614800454e-32
"ENSG00000117724.15",1009.9071863164,4.44520096985048,0.35790711290704,12.4199849892479,2.03599692885702e-35,4.17460810292842e-32
"ENSG00000134917.10",1642.39714487423,-7.46605439697316,0.601971457051367,-12.4026717704259,2.52753125380051e-35,4.71131825708414e-32
"ENSG00000173114.13",247.235047481516,-4.38671235297073,0.354141921805125,-12.3868767939443,3.07798898614922e-35,5.25925718100031e-32
"ENSG00000168309.18",4369.92464553168,-7.13563186379285,0.58699135504573,-12.1562810124128,5.31225060602407e-34,8.37864510968596e-31
"ENSG00000197766.9",6340.27409665548,-3.5895036735652,0.299211081592245,-11.9965599350925,3.70372833806482e-33,5.42437470312008e-30
"ENSG00000022267.19",6911.22960125893,-4.89019100477377,0.408063258307916,-11.9839042237019,4.31512456571813e-33,5.89848760636564e-30
"ENSG00000118785.15",19165.0879262269,7.36844768701695,0.616431935850375,11.9533840777605,6.23342878482825e-33,7.98813898775741e-30
"ENSG00000123243.15",1201.67431069571,-4.17244683129187,0.35415166919089,-11.7815252454532,4.86054904874121e-32,5.86239398208175e-29
"ENSG00000175084.13",2766.37072329672,-7.63400719079068,0.663203428725471,-11.5108077855712,1.16383108346883e-30,1.32573291863583e-27
"ENSG00000105974.13",15825.7185060497,-4.61322014710199,0.412307297919965,-11.1887909100204,4.62699907926931e-29,4.7435994560669e-26
"ENSG00000131747.15",2017.28462300255,4.52958200099079,0.404820833135312,11.1891030061607,4.61074301807161e-29,4.7435994560669e-26
"ENSG00000183317.17",238.709877508645,4.27888521674173,0.386400072536701,11.0737174262184,1.68272257548601e-28,1.64297827084596e-25
"ENSG00000168079.17",857.440078421663,-6.20939651343875,0.561388431164015,-11.0607845989342,1.94389585032446e-28,1.81171093250239e-25
"ENSG00000174371.17",168.880256259371,4.07806925918099,0.369908955848412,11.024521560522,2.91062086652575e-28,2.59475522814105e-25
"ENSG00000179913.11",607.695319472978,5.61413667642107,0.509509340160495,11.0187119919188,3.10469666693038e-28,2.65244585244752e-25
"ENSG00000102547.19",648.858460172798,-2.77466970879239,0.254733769947704,-10.8924298076459,1.25253148437379e-27,1.02727622222401e-24
"ENSG00000186994.12",1626.8150272284,-4.60228726933076,0.422802145613805,-10.8852032021961,1.35595878390377e-27,1.06932995789088e-24
"ENSG00000148773.14",1271.83559479262,4.51724712826421,0.417656356955241,10.815703036811,2.90060088964952e-27,2.20273780153236e-24
"ENSG00000167434.10",703.651067125564,-9.12084082616165,0.84488169532116,-10.7954058854294,3.61860074087034e-27,2.64984962824305e-24
"ENSG00000154188.10",1169.25463531828,-4.24546009072319,0.394477766491998,-10.7622290819508,5.18993540629744e-27,3.66946329554216e-24
"ENSG00000266524.3",495.239366916272,-7.07048409250279,0.661208374670166,-10.6932766785203,1.09435031333997e-26,7.47951960824091e-24
"ENSG00000166482.12",12280.3992443358,-4.37888321760717,0.411143246920053,-10.6505050257061,1.73421642512345e-26,1.14704430905584e-23
"ENSG00000080986.13",244.286900214963,3.22106541217939,0.303975737858446,10.5964556081754,3.0948824951187e-26,1.98304595874731e-23
"ENSG00000261143.2",536.765469860724,-8.46711650496114,0.801027244782616,-10.5703227450884,4.09084353748538e-26,2.54177745129092e-23
"ENSG00000004799.8",2785.78496448084,-4.60331452594011,0.437421094275436,-10.5237597961874,6.71397587586729e-26,4.04892239290538e-23
"ENSG00000108576.10",2441.79867531508,-9.05991553740232,0.864151793796269,-10.4841714180811,1.02136979542205e-25,5.98347608152392e-23
"ENSG00000156970.13",323.302711980315,4.62157851393762,0.443478326023299,10.4212049219623,1.98423260605787e-25,1.13013070429474e-22
"ENSG00000105971.15",5072.57611007267,-3.5318029270868,0.339844115002985,-10.392420439753,2.68452557437925e-25,1.48766249667763e-22
"ENSG00000166923.12",911.22057633026,4.3629984744168,0.42111773553443,10.3605194136025,3.74920492694052e-25,2.02299204794706e-22
"ENSG00000060718.22",3457.93264967222,9.43138949324605,0.914456597217959,10.3136546031152,6.11314852814343e-25,3.21394865182187e-22
"ENSG00000107317.13",466.406814045248,-4.20265904890258,0.409061758893237,-10.2738986413038,9.23936721845957e-25,4.73609963618238e-22
"ENSG00000117399.14",689.294575380987,5.18181253294182,0.505314836821689,10.2546217829941,1.12816789480227e-24,5.64194012561603e-22
"ENSG00000164530.15",220.869566546548,-6.01720991745511,0.587581205211639,-10.2406439553964,1.30365755182245e-24,6.36433201013512e-22
"ENSG00000043591.6",392.35433381255,-5.28488361322641,0.518701815078597,-10.1886738384087,2.22782435983878e-24,1.06230955056126e-21
"ENSG00000211445.13",16471.202767021,-3.61011098259466,0.354438152807582,-10.1854468939029,2.30299282041776e-24,1.07319465431468e-21
"ENSG00000163815.6",1543.05592126981,-5.57836255576144,0.548390928997226,-10.1722371045814,2.63779597270683e-24,1.2018970805418e-21
"ENSG00000147655.12",170.424388206136,-7.70669156270927,0.758263189081562,-10.1636103053399,2.88202481472785e-24,1.28463123480826e-21
"ENSG00000109805.10",263.274368505266,4.05555967770238,0.4003971051098,10.1288436553262,4.11486671177096e-24,1.79513249059897e-21
"ENSG00000088325.16",818.203926662714,4.42363289872932,0.438374535068971,10.0909896557594,6.05558842811438e-24,2.58674552354286e-21
"ENSG00000148488.17",434.905677592212,-5.43099436742129,0.539431512107907,-10.0679961135361,7.652123371298e-24,3.20202321643049e-21
"ENSG00000142748.14",1862.28450128969,-6.23743149510014,0.620542689035287,-10.0515751862245,9.04105385585884e-24,3.70755536521059e-21
"ENSG00000135069.14",236.937099216192,3.24258587497514,0.323472158220428,10.0243121164249,1.19186630038494e-23,4.79176992609664e-21
"ENSG00000168497.5",4663.40870956741,-4.82183551987002,0.48253571390893,-9.99270184751559,1.6404821840377e-23,6.4685474425979e-21
"ENSG00000105227.16",1819.68270974543,-4.66881426517578,0.468873250346734,-9.95751892803262,2.33825101222564e-23,9.04594316125934e-21
"ENSG00000102683.8",145.22563859965,-5.52447770869917,0.555664381219218,-9.94211235310345,2.72976197884021e-23,1.03071566706487e-20
"ENSG00000163145.13",402.539944413256,-4.24922496784345,0.427451202628052,-9.94084223349566,2.76479524427272e-23,1.03071566706487e-20
"ENSG00000154678.18",299.707878002901,-3.7994300402653,0.383032918547064,-9.91933031416058,3.43050084377083e-23,1.25605338036923e-20
"ENSG00000168481.9",954.626047287027,-8.77803168667523,0.885755525400651,-9.91021950747041,3.7581956761974e-23,1.35189551131143e-20
"ENSG00000011426.11",899.129209347397,4.83880445910724,0.48907374624683,9.89381355315104,4.42829944870023e-23,1.56548020510602e-20
"ENSG00000132688.11",2161.79546403087,-3.23524461389789,0.327091495433725,-9.89094690342815,4.55696927848588e-23,1.58366267942499e-20
"ENSG00000090889.12",341.336446526009,4.21515909234527,0.427529061060686,9.85935103893897,6.2451720128193e-23,2.13418344918078e-20
"ENSG00000122756.15",101.894676761672,-6.5198456581588,0.666831031132834,-9.77735791191762,1.40839016966357e-22,4.73403803914455e-20
"ENSG00000134057.15",580.116177869922,2.9184226749802,0.299963591374599,9.72925634609979,2.26240832884105e-22,7.48200328621884e-20
"ENSG00000197245.6",579.013584339943,-4.41791744455303,0.454236394971645,-9.72603140888526,2.33526594285452e-22,7.60036395115699e-20
"ENSG00000168484.13",310199.455469273,-9.80505531813776,1.01353934998566,-9.6740746358555,3.88591060194293e-22,1.24494860909747e-19
"ENSG00000243566.7",1628.33976566664,-6.07789198296993,0.630960056487665,-9.63276822435232,5.8141652650191e-22,1.83405607067618e-19
"ENSG00000137273.6",400.050110732098,-3.25217456878425,0.339175530119952,-9.58847051151977,8.94004069628523e-22,2.77737264297928e-19
"ENSG00000158764.7",335.686680189992,-8.20109598951609,0.85578068985146,-9.58317485632863,9.41067216273355e-22,2.87994659738341e-19
"ENSG00000233493.4",211.351354344701,-4.83682304034597,0.50642305775488,-9.5509534297056,1.28508110392469e-21,3.87489749336349e-19
"ENSG00000157456.8",398.471102665631,3.80403787419687,0.400108161511496,9.50752381512611,1.9525481271115e-21,5.80218069540496e-19
"ENSG00000046653.15",417.837240768213,-2.69601686135954,0.283614044507779,-9.50593566703848,1.98257577101413e-21,5.80724765841053e-19
"ENSG00000080618.17",394.447833181414,-7.22345240458204,0.763488741211256,-9.46111188636811,3.04685856970524e-21,8.79898424130088e-19
"ENSG00000276043.5",790.70504298086,4.74454950564764,0.502487731708447,9.44212008821843,3.65311774535879e-21,1.04032675348384e-18
"ENSG00000149554.15",317.795275824426,3.17993491675564,0.336894828719613,9.43895437291558,3.76517834927001e-21,1.05755091607441e-18
"ENSG00000092853.14",206.314805183995,3.60338495047773,0.382548486684707,9.41942021965862,4.53585641471074e-21,1.25679999901661e-18
"ENSG00000144218.21",559.796731916466,-4.56218492575144,0.484917670881947,-9.40816390018111,5.04879050511292e-21,1.38027200689114e-18
"ENSG00000183856.11",931.185537078065,4.89173439781273,0.526402938419509,9.29275663334982,1.50343097225908e-20,4.05609850726318e-18
"ENSG00000154764.6",166.817460316823,-5.81123898652402,0.633149491994012,-9.17830474478053,4.37931168501344e-20,1.16614814012358e-17
"ENSG00000143546.10",1419.53498501875,-4.71840176771388,0.514809660951668,-9.16533259883183,4.93944163662834e-20,1.29843988868497e-17
"ENSG00000141338.15",1301.10735122283,-4.41308071579629,0.481860899808799,-9.15841214248218,5.26665258214853e-20,1.36692967777688e-17
"ENSG00000018625.15",172.283308934553,-5.02452668865081,0.550646471116191,-9.12477778794408,7.18835738520751e-20,1.84237599782868e-17
"ENSG00000143228.13",272.20174765197,4.04574858298428,0.443581839008734,9.12063621005147,7.46845961006085e-20,1.89053451660108e-17
"ENSG00000047648.23",475.625355648625,-2.78903542960398,0.305958724265628,-9.115724470019,7.81465903553137e-20,1.95404596176263e-17
"ENSG00000120156.22",2024.65432396069,-3.97026341233967,0.435670844613151,-9.11298853579477,8.01432820252486e-20,1.97982874053698e-17
"ENSG00000078098.15",695.519672423045,2.79595875528743,0.30700237805001,9.10728696320386,8.44677473247336e-20,2.06181748945993e-17
"ENSG00000099953.10",7749.17227321893,7.99727144666851,0.88103825760787,9.07709895411593,1.11507218938593e-19,2.68981649072578e-17
"ENSG00000163808.17",194.251962511283,3.45281926524467,0.380503545619007,9.07434189510005,1.14366528024639e-19,2.72671080304325e-17
"ENSG00000134690.11",345.215895711176,4.21447891560383,0.466137969786048,9.04126929959864,1.54862999434369e-19,3.6497826901176e-17
"ENSG00000186193.9",208.439791668769,3.99948214956919,0.443182532829986,9.02445799032308,1.80587096723041e-19,4.20767935364686e-17
"ENSG00000137807.16",468.1278755326,3.32304085787421,0.369202166408502,9.00059956364787,2.24488325385853e-19,5.17180744237252e-17
"ENSG00000165304.8",350.525292919305,4.15911854933717,0.462966463091128,8.9836281478525,2.61982036867829e-19,5.96853298215329e-17
"ENSG00000237649.8",527.028546140711,3.80500579820253,0.424768200010081,8.9578405306994,3.31098883735363e-19,7.46027638693393e-17
"ENSG00000171509.16",212.671474447202,-5.62384129292816,0.627957593876125,-8.95576603861814,3.37384779340656e-19,7.51927990826175e-17
"ENSG00000135476.12",259.301493043736,2.82284173029591,0.315967517758861,8.93396178923124,4.11019348347206e-19,9.06187174033453e-17
"ENSG00000205364.4",432.398725232896,-5.47685476727775,0.613238297037278,-8.93103838057397,4.22028641830457e-19,9.20561199158691e-17
"ENSG00000165795.25",3014.69872364742,-2.62779814167937,0.294336170210475,-8.9278804565551,4.34248534113053e-19,9.37245467732004e-17
"ENSG00000185008.19",269.910986625034,-3.71386253250988,0.416123180264211,-8.92491144125117,4.4605594354049e-19,9.5270115274523e-17
"ENSG00000093009.11",237.898250740972,3.93977286830009,0.445839306603567,8.83675532853649,9.8538620791083e-19,2.08292358835089e-16
"ENSG00000184661.14",105.456731888281,3.78692076004052,0.43065173112088,8.79346461741626,1.45017287336754e-18,3.03411679546205e-16
"ENSG00000290667.2",285.423224177369,-8.72637479341341,0.99281582312618,-8.78952026160883,1.50199958921616e-18,3.11080803810991e-16
"ENSG00000112984.12",400.940099060958,3.96058427265436,0.451403923754902,8.77392522357612,1.72543830407951e-18,3.53783869868463e-16
"ENSG00000120913.24",1466.00492077933,-2.53019252792058,0.289639986456474,-8.73564647918808,2.42266544270288e-18,4.91825071655247e-16
"ENSG00000267107.10",686.788025319938,-3.98954256971534,0.457462977914352,-8.72101735511867,2.75713168720337e-18,5.54237530533508e-16
"ENSG00000163501.7",68.6063681895942,-5.96237164623049,0.684039660460702,-8.71641220658876,2.87156449460637e-18,5.71636489295233e-16
"ENSG00000077152.12",313.959980577245,3.85862232794268,0.44343866330761,8.70159200634698,3.27260301078848e-18,6.45206270511606e-16
"ENSG00000246430.10",211.242233008138,-4.90508948465711,0.565057172583692,-8.68069590591845,3.9335455656874e-18,7.68127793131947e-16
"ENSG00000189292.17",255.432477038842,-5.64605407265079,0.65150615635679,-8.66615613308003,4.46953929552394e-18,8.64560695428518e-16
"ENSG00000103710.11",918.403761236895,-3.55879185735632,0.411258375016141,-8.6534209965126,4.99782440486676e-18,9.57713940162506e-16
"ENSG00000150625.17",728.921556790198,-6.2540482911259,0.722910825042695,-8.65120299001821,5.09593671695643e-18,9.67473022634025e-16
"ENSG00000170296.10",239.915442452866,2.67742601942123,0.310870865071496,8.61266307090393,7.13826537956122e-18,1.34277975543599e-15
"ENSG00000131153.9",165.887566932209,2.899188081447,0.336687703734799,8.61091168250868,7.24818150767155e-18,1.35106103302998e-15
"ENSG00000169218.14",184.197941161241,-5.62499870178917,0.653769059346497,-8.60395367656566,7.70160747873067e-18,1.42264648417922e-15
"ENSG00000105219.10",175.728496575392,4.94673559162409,0.576513323049611,8.58043586132077,9.45143195271554e-18,1.73028714962928e-15
"ENSG00000146670.10",336.314795162005,3.24210576565823,0.378104214729883,8.5746353501359,9.94012255637718e-18,1.80364843270759e-15
"ENSG00000137745.13",821.580842481848,10.754734869243,1.25448055578767,8.57305824281207,1.00772506875311e-17,1.81249077278191e-15
"ENSG00000123473.17",310.212091476087,3.24993230710396,0.38072795510196,8.53610107572379,1.38826928915455e-17,2.47522378302826e-15
"ENSG00000226516.8",97.2797220316398,-5.03542608978813,0.591316095564802,-8.51562493826334,1.65694294559993e-17,2.92878949625698e-15
"ENSG00000114854.8",600.537017165644,-3.71083977237743,0.436236131449524,-8.50649339853409,1.79272806872462e-17,3.14171763428458e-15
"ENSG00000076555.16",1044.27281235375,-2.48472939975577,0.292688913581601,-8.48931846905444,2.07852411840996e-17,3.58134945578806e-15
"ENSG00000198075.10",392.075450551364,-3.87830762222564,0.456834386280312,-8.48952648640141,2.07480727578977e-17,3.58134945578806e-15
"ENSG00000129596.5",241.297680094252,-3.89735204316458,0.459728150349779,-8.47751446196916,2.30055773567015e-17,3.93088631768173e-15
"ENSG00000185532.20",520.735219914624,-2.81921759068925,0.332594878799761,-8.47643114909945,2.32207054495189e-17,3.93485408708211e-15
"ENSG00000186198.4",103.638461926487,-4.42772833884011,0.523841071672895,-8.4524268490443,2.85309313999927e-17,4.79506735594632e-15
"ENSG00000165495.16",363.881004299239,-4.05901164270683,0.4806401988729,-8.44501074239151,3.04017496221317e-17,5.06794694513974e-15
"ENSG00000175445.17",2629.87137374959,-3.60703685543595,0.428027685845665,-8.42711108350254,3.54303483837111e-17,5.85857954241622e-15
"ENSG00000274736.5",159.435990168375,-4.43673120756156,0.52917680606548,-8.3842132850633,5.10661280112317e-17,8.37647910993836e-15
"ENSG00000149403.13",80.0771481936437,-4.50483934941821,0.538352467853264,-8.36782520452022,5.86913687404027e-17,9.55085575121601e-15
"ENSG00000088836.14",348.06226910046,3.46832175502804,0.415114967697609,8.35508720455136,6.53843916060426e-17,1.05562327991362e-14
"ENSG00000065325.13",56.6296028404153,-5.455968684809,0.653116642271155,-8.35374316268584,6.61330631497149e-17,1.0593690053295e-14
"ENSG00000175063.17",674.001108838777,4.6752807045315,0.559899895296684,8.350208213656,6.81427336389417e-17,1.08309969808749e-14
"ENSG00000067840.13",304.695489259118,-3.19671313852955,0.383151593936571,-8.34320720340981,7.23023171359423e-17,1.14037439273489e-14
"ENSG00000155511.19",336.30070471855,-6.77473916214295,0.814469489439879,-8.31797783708513,8.94767386506645e-17,1.40048171701773e-14
"ENSG00000122952.17",560.181691829428,3.22438217383308,0.388923459380857,8.29053145563938,1.12743572295184e-16,1.75128348965187e-14
"ENSG00000071082.11",11378.2002021802,-1.86035414821708,0.224592973175348,-8.2832250800858,1.19883532323345e-16,1.84818943365253e-14
"ENSG00000094804.12",313.811988968499,3.29835042051519,0.399476630295823,8.25667929078274,1.49781170803896e-16,2.29187546728589e-14
"ENSG00000075218.19",310.221200898733,3.94448022922247,0.478461323085363,8.24409422225906,1.66415987108112e-16,2.52755066641832e-14
"ENSG00000170373.9",188.244203133292,10.4428665461393,1.26798893260456,8.23577105258221,1.78404828665065e-16,2.68971515216801e-14
"ENSG00000168496.4",625.133053270056,1.97275047700369,0.240110996450138,8.21599387853673,2.10414194065312e-16,3.14914790884319e-14
"ENSG00000177098.9",998.43375398503,-4.54508387128548,0.553396763752675,-8.21306550559587,2.15611844702523e-16,3.2035545389714e-14
"ENSG00000108381.11",206.445806470602,-5.03267633779256,0.614210752721275,-8.19372880643194,2.5325533411709e-16,3.73578947535022e-14
"ENSG00000243364.8",268.59518460382,2.45722563786968,0.300042292614545,8.18959759458446,2.62101019771464e-16,3.83865664956722e-14
"ENSG00000241644.2",2881.49894373282,-5.99118938768757,0.731957359548129,-8.18516175776442,2.71938134821724e-16,3.95448192651392e-14
"ENSG00000142583.18",292.2412764233,3.64358451415629,0.445495828841338,8.17871746102013,2.86880892937255e-16,4.14239847097569e-14
"ENSG00000234380.4",135.656941242369,4.42546966718957,0.542083446590065,8.16381628147412,3.24602485872368e-16,4.65430025896995e-14
"ENSG00000294802.1",132.259552163626,-8.32922222930749,1.02121876873101,-8.15615858652655,3.45848277627327e-16,4.92449519754911e-14
"ENSG00000100307.13",1683.35122445892,-2.52142182833679,0.309565532204921,-8.14503413987223,3.79174913766215e-16,5.36179478059481e-14
"ENSG00000123485.12",335.541214405983,4.88983892556619,0.600987293970601,8.13634327151914,4.07395649213619e-16,5.72139752840825e-14
"ENSG00000159307.20",486.061237795933,-3.7639403514835,0.464695679898585,-8.09979630605764,5.50512849613878e-16,7.67871800577071e-14
"ENSG00000213741.11",4322.44504463776,-2.98896456510626,0.36927357376503,-8.09417401475944,5.76542206569683e-16,7.98744689425998e-14
"ENSG00000156298.13",1198.79965766242,-3.8292228520211,0.473679468432607,-8.08399583940571,6.26784713881686e-16,8.62523072042287e-14
"ENSG00000272620.2",849.040337119171,6.88686443692866,0.852416799758048,8.0792218535386,6.51813507523506e-16,8.90985610550798e-14
"ENSG00000114654.8",852.627271926204,-4.85507301755115,0.601832245494462,-8.06715335360979,7.19561456170058e-16,9.77078681941117e-14
"ENSG00000128165.9",224.01507289166,4.24184445464527,0.52609993929154,8.06281114640965,7.45596638748729e-16,1.00577062374368e-13
"ENSG00000101331.17",401.244044559546,-4.41065621202748,0.548689738661361,-8.03852505568659,9.09262694146759e-16,1.21853086802517e-13
"ENSG00000235997.5",330.871377798674,-4.77958336047002,0.594717016612865,-8.03673550101445,9.22635324216259e-16,1.22842303167079e-13
"ENSG00000111206.13",689.038666886869,4.23302410790357,0.529477223176047,7.99472370598295,1.29864760791643e-15,1.71790132598183e-13
"ENSG00000108342.13",4536.20601000358,-9.32497759216934,1.16695589874952,-7.99085689713016,1.34004034357956e-15,1.76129405158688e-13
"ENSG00000272789.1",145.018279629723,-6.14262693677982,0.768884550581117,-7.98901074567992,1.36025839633378e-15,1.77648013747948e-13
"ENSG00000165810.17",1801.5524080171,-5.35661105349663,0.671618025056065,-7.97568089845337,1.5154301498181e-15,1.96660631594116e-13
"ENSG00000126787.13",390.3008375843,4.92297308339311,0.617799911118106,7.96855582980488,1.60539338725043e-15,2.07025069259012e-13
"ENSG00000089685.15",469.236182300218,4.05917990012265,0.509877150528101,7.96109395355016,1.70524837464771e-15,2.18527579211104e-13
"ENSG00000117650.13",289.246563370491,4.86158299585068,0.612141329960929,7.94192902505207,1.99060840288873e-15,2.53512016725656e-13
"ENSG00000131831.18",641.444719676024,-2.93608537287124,0.369790092492275,-7.93987030069652,2.02392776989535e-15,2.56164290086014e-13
"ENSG00000185641.6",342.36808672267,-2.35306173539738,0.296563053672845,-7.93443993193155,2.11447327948272e-15,2.65982577438735e-13
"ENSG00000162063.13",251.257639823523,2.7310337743892,0.344415124014858,7.92948272001952,2.20060576739079e-15,2.75129394235249e-13
"ENSG00000085999.13",142.781136856427,3.97861173087108,0.50241717120763,7.91894059135742,2.39542760154427e-15,2.97671803285234e-13
"ENSG00000170477.13",187.391349365805,-5.41970131399048,0.686733644486779,-7.89199911421381,2.97383840716086e-15,3.67322787351965e-13
"ENSG00000143476.18",357.118960988739,2.40581885318649,0.305097780013678,7.88540268329265,3.13522841635201e-15,3.84938463765759e-13
"ENSG00000235385.4",56.5902886716367,-4.53356027540144,0.575152501365542,-7.88236209464055,3.21249479935113e-15,3.92077341463664e-13
"ENSG00000198873.12",2234.42730502016,-3.66997406411887,0.466008787879814,-7.87533231039708,3.39838388715188e-15,4.12310433267231e-13
"ENSG00000196616.15",11902.982673365,-7.01577066057239,0.891055328949283,-7.87355221683626,3.44711114294184e-15,4.15762158087527e-13
"ENSG00000134201.12",483.9254110789,-4.37607343387664,0.558839434242205,-7.83064537993935,4.85371922786908e-15,5.8199215817677e-13
"ENSG00000135744.9",1202.06665437113,4.2639341475132,0.545683940811311,7.81392639331419,5.54334748047684e-15,6.60818585695914e-13
"ENSG00000105699.17",5830.88602102211,2.43483318294244,0.311910840270392,7.80618326965397,5.89458471046875e-15,6.98627542794516e-13
"ENSG00000100985.7",2930.05177328242,4.95328897356353,0.635863752070164,7.78985900271442,6.70840126688214e-15,7.90511836644549e-13
"ENSG00000135917.16",354.683442410304,-4.95316854316667,0.635991870490994,-7.78810040345762,6.80241190421539e-15,7.97009449623042e-13
"ENSG00000115306.17",17053.8050934799,-2.12689405799519,0.27375468675255,-7.76934299545971,7.88942659181739e-15,9.19118197946726e-13
"ENSG00000119138.5",3239.55610439024,-3.09498151789046,0.39871159132883,-7.76245683647039,8.3299726167732e-15,9.64959087764507e-13
"ENSG00000111344.12",108.640255514187,3.73470495830723,0.481288469661922,7.75980559212368,8.50596709533691e-15,9.79810951251619e-13
"ENSG00000142945.13",468.271647631397,3.92536516320677,0.506677893943568,7.74725957087829,9.38968912161291e-15,1.07556528351704e-12
"ENSG00000168477.21",2856.25186822762,-2.77673490292145,0.358790739025825,-7.73914875969413,1.00084625359332e-14,1.14007508798207e-12
"ENSG00000138160.7",407.285641449556,2.97143847885189,0.384132864889391,7.73544455694387,1.03042398815184e-14,1.16728251121907e-12
"ENSG00000140538.17",167.183245594997,-3.71200602491202,0.479938449535497,-7.73433766039091,1.03942820424383e-14,1.17101296152833e-12
"ENSG00000079462.8",463.596665142654,2.23064962007923,0.288472673918229,7.73262018124993,1.05355278601671e-14,1.18043968986266e-12
"ENSG00000136160.17",1987.92794174032,-3.9813425987377,0.515543893275979,-7.72260645633604,1.13974657306217e-14,1.27007411598189e-12
"ENSG00000171877.21",299.570423001193,6.8498411577347,0.887827124072584,7.71528710039129,1.20710199259258e-14,1.33786050033071e-12
"ENSG00000168078.10",100.768962665552,3.23715625566909,0.419664214889429,7.71368189332512,1.22238930861895e-14,1.34751991311413e-12
"ENSG00000157654.19",6002.04813880526,-2.28067067832961,0.295886234121887,-7.70793100631409,1.27873842475239e-14,1.40209907278733e-12
"ENSG00000164035.10",1492.03353699049,-3.58057461903131,0.464868373333499,-7.70234075799903,1.3359605242038e-14,1.45704971214227e-12
"ENSG00000066279.19",439.270654587072,4.51489764422826,0.586463971317345,7.69850811821682,1.37663989767462e-14,1.49347219375241e-12
"ENSG00000224215.2",64.648485579522,-5.0046333421583,0.650792893878177,-7.69005529905975,1.47071446365975e-14,1.58713312436207e-12
"ENSG00000164741.15",5379.52205610706,-3.21276852073984,0.417935281117066,-7.68723930689146,1.50343769071861e-14,1.61395216808871e-12
"ENSG00000143320.9",1341.9456181165,4.95835178964801,0.646566023820111,7.66874782617333,1.7368351821791e-14,1.8547952383021e-12
"ENSG00000108823.17",360.371202351892,-5.18582064535967,0.678391860302402,-7.64428488727448,2.10109748005542e-14,2.23217112596147e-12
"ENSG00000087586.18",409.454209732348,2.91079881919974,0.38214750982373,7.61695090082461,2.59738076256108e-14,2.74519047193569e-12
"ENSG00000186185.14",320.261595865206,4.89597852510226,0.645172339779675,7.58863674591851,3.23288671974932e-14,3.39933893855077e-12
"ENSG00000268388.7",1307.70596246616,-6.9934651621374,0.922009992011423,-7.58502101141086,3.32433188998006e-14,3.4776582179669e-12
"ENSG00000186076.5",182.748334742259,3.0874081181551,0.40720413126465,7.58196658900923,3.40355937845189e-14,3.54246606577551e-12
"ENSG00000034971.17",141.255008487759,-8.34875456153408,1.10184177472179,-7.57709024387109,3.53390979836067e-14,3.65955992452461e-12
"ENSG00000167513.9",369.770051893639,3.69157885519641,0.487728840543394,7.56891647228306,3.76350030604968e-14,3.87772915955993e-12
"ENSG00000101003.12",250.460017614403,3.35905172955695,0.444656141354705,7.55426815723977,4.21221546653613e-14,4.31836329629285e-12
"ENSG00000112742.10",180.346479046293,4.02496533548193,0.533097583963407,7.5501473962002,4.34765920084368e-14,4.43504498776611e-12
"ENSG00000129810.15",67.0626546738039,3.68881694960073,0.488768780575422,7.54716155409502,4.44846646031207e-14,4.50049742271299e-12
"ENSG00000198848.13",2168.18922812132,-3.81585148765188,0.505615097649933,-7.5469492611825,4.45572072186274e-14,4.50049742271299e-12
"ENSG00000071991.9",56.3167287280227,-6.12505179195377,0.811852936150893,-7.54453364545738,4.5390884034024e-14,4.56222885408641e-12
"ENSG00000211970.3",91.4893714255447,6.8972386139745,0.914631044223437,7.54100646105946,4.663580074694e-14,4.66449004153785e-12
"ENSG00000178999.13",219.063265988678,3.53825705177947,0.470019188178383,7.52789915980329,5.15631875303563e-14,5.13228930641954e-12
"ENSG00000236485.2",98.2056836636524,-9.19008214663259,1.22141799057064,-7.52410904176959,5.30810322270005e-14,5.25784292165419e-12
"ENSG00000197959.15",264.667461580005,-2.23007819514163,0.297216718308644,-7.50320576794005,6.22756763036567e-14,6.13894455254893e-12
"ENSG00000247627.2",275.307782475218,3.8968268298501,0.51953888412068,7.50054894629395,6.35511206426847e-14,6.2346994146297e-12
"ENSG00000290677.2",116.481876339089,-7.11963326169375,0.949714007275991,-7.49660761781811,6.54906497723545e-14,6.39438229967789e-12
"ENSG00000076382.17",563.843009535804,3.23342502200852,0.431777827608052,7.48863145641575,6.95954596469993e-14,6.73728154763631e-12
"ENSG00000154839.10",88.112750687553,3.72048150781089,0.496825322186951,7.48851023018288,6.96597584909724e-14,6.73728154763631e-12
"ENSG00000290931.2",150.356173961519,3.80834214252722,0.508639896698123,7.487305198136,7.03020957991017e-14,6.76748437682996e-12
"ENSG00000136732.16",1491.45332348976,-2.43227620036531,0.325114715298725,-7.48128609967859,7.35987550913512e-14,7.05172371211712e-12
"ENSG00000115163.15",114.592780189781,4.04424708578306,0.541130233952159,7.47370379999985,7.79685342873381e-14,7.4356596605934e-12
"ENSG00000163687.14",785.590620434246,-6.3354611700084,0.850222992532673,-7.45152886437017,9.22647002521539e-14,8.75831210171372e-12
"ENSG00000161649.14",206.676643702771,-6.14888248935902,0.826098556141427,-7.44327955017796,9.82159399101317e-14,9.2802748014624e-12
"ENSG00000135363.12",1317.98416069955,-3.07055270762086,0.413434018627974,-7.42694739492127,1.11132531733061e-13,1.04525753699756e-11
"ENSG00000162062.15",179.690294603498,4.21401659053208,0.568031499704449,7.41863187644465,1.18336313255579e-13,1.10793048721114e-11
"ENSG00000223803.1",121.562948657116,-2.36536562031363,0.319136660684692,-7.41176402372217,1.24630377699874e-13,1.16155512016282e-11
"ENSG00000101282.9",240.690755445663,-5.52383219520978,0.747035491252611,-7.39433702935259,1.42115535148298e-13,1.31852349895055e-11
"ENSG00000169083.18",247.831441068043,-2.70739893849674,0.366610390523889,-7.38494873161627,1.52512143859538e-13,1.4086076566198e-11
"ENSG00000255399.7",268.812600988478,-2.91331209618202,0.39531314750217,-7.36963117617036,1.71100735517881e-13,1.57320604531778e-11
"ENSG00000233968.10",63.863953822391,-3.6548099277833,0.497400855162846,-7.34781593125074,2.0147167845155e-13,1.84418539954044e-11
"ENSG00000198826.11",197.359699688574,2.37394841527088,0.323207579678316,7.34496516954717,2.05812687684058e-13,1.87554815478842e-11
"ENSG00000138180.16",478.329393737355,4.26789786912297,0.581329113512039,7.34162072726569,2.11022681731253e-13,1.91451728593699e-11
"ENSG00000103175.11",433.379242240809,-4.51085745036368,0.614511402780815,-7.34055939393629,2.12702955239018e-13,1.92126052608847e-11
"ENSG00000162367.12",403.175582447205,-4.0847247284092,0.556902942190378,-7.33471565501774,2.22192717361054e-13,1.99817520911011e-11
"ENSG00000185565.14",751.809576870894,-3.23860086490713,0.442064815521696,-7.32607697150733,2.36987711331739e-13,2.12191966512925e-11
"ENSG00000185842.16",256.484881242318,2.23360414920056,0.305130872153301,7.32015129586224,2.47691536460618e-13,2.20811620156022e-11
"ENSG00000198756.12",164.053542279947,-2.65286843483996,0.362660790967,-7.31501309465062,2.57356294077474e-13,2.28434348647815e-11
"ENSG00000127564.17",382.495434144067,4.46073363255113,0.610010469007842,7.3125525858701,2.62114646302495e-13,2.31655116714929e-11
"ENSG00000211959.2",1737.36444539539,6.87364596946854,0.940620891302381,7.30756251857356,2.72031769264016e-13,2.39387956952334e-11
"ENSG00000069535.14",1309.43634689851,-3.14873436716071,0.431210238520814,-7.30208628153601,2.83339466041168e-13,2.48273179987526e-11
"ENSG00000021852.14",126.890920501745,-6.82117145429624,0.936679380818189,-7.28229060443067,3.28199126772653e-13,2.86357229589212e-11
"ENSG00000267280.7",375.277976266872,-4.0182677599173,0.551946276199653,-7.28017912827404,3.33377216137332e-13,2.89642645749147e-11
"ENSG00000085840.13",147.627638572391,3.06740711101135,0.421470433028238,7.27787021493354,3.39131348244196e-13,2.92165931277269e-11
"ENSG00000139304.16",111.004195479505,-4.98916692545285,0.685482488456907,-7.27832878223335,3.37980826134785e-13,2.92165931277269e-11
"ENSG00000142731.11",207.248626315993,2.4651678075582,0.339281786305283,7.26584186673686,3.7072207332639e-13,3.18045413869636e-11
"ENSG00000135218.19",3915.5692394493,-4.33862460409425,0.597439626132455,-7.26203019404735,3.81323047413789e-13,3.25776990173847e-11
"ENSG00000149503.14",672.052688984154,1.62532236402736,0.223971156781606,7.25683783297243,3.96244280870187e-13,3.37120030496361e-11
"ENSG00000176771.18",615.261287072299,-3.97059284949221,0.548284370250862,-7.2418494214517,4.42607112627313e-13,3.75008935426051e-11
"ENSG00000140534.14",150.396761982668,3.44019174581002,0.475393330120984,7.23651664387997,4.60355193810773e-13,3.88441271353748e-11
"ENSG00000165548.11",256.211253914622,4.85401896209945,0.672008158174425,7.2231548130098,5.0795130248396e-13,4.26845635497177e-11
"ENSG00000073111.15",798.158306831811,2.92198138217371,0.405039475463606,7.21406568786716,5.43055382585936e-13,4.54481941409879e-11
"ENSG00000133392.19",6188.94553967234,-4.68686126391576,0.650155113751091,-7.20883549907768,5.64323847201278e-13,4.70361632642886e-11
"ENSG00000135063.20",1022.90998766676,-3.06804393675202,0.426342715901443,-7.19619175447871,6.1917536989333e-13,5.13990760497685e-11
"ENSG00000133121.21",984.242977475745,-1.68834138053089,0.234857023696899,-7.18880514601866,6.53607729557891e-13,5.38215778588554e-11
"ENSG00000188001.10",220.981540677251,-1.88242081509124,0.261847420747514,-7.18899888231613,6.52681083478834e-13,5.38215778588554e-11
"ENSG00000259417.3",150.423652136509,-5.22246996841735,0.726589505360257,-7.18764850013619,6.59166931119273e-13,5.40622350226783e-11
"ENSG00000188095.6",173.768342498978,6.68672246924723,0.93057251808984,7.18560062677638,6.6912371558509e-13,5.46602098181541e-11
"ENSG00000035499.13",125.002729918513,3.61801480726892,0.503580109683377,7.18458639985548,6.74109417523371e-13,5.48489662575365e-11
"ENSG00000165323.16",132.113456804026,-3.43812223868932,0.478625214969517,-7.18332869050429,6.8034269444185e-13,5.51373383669395e-11
"ENSG00000228288.10",50.8578589472661,4.45716546495634,0.620549391863003,7.18261192968882,6.83920274189821e-13,5.52090602440476e-11
"ENSG00000123119.12",227.482555558993,-5.80461864357108,0.808238523606529,-7.18181387552485,6.87925344785578e-13,5.53145932136607e-11
"ENSG00000169679.15",393.79425276728,3.29573687914987,0.459327956848821,7.17512798863797,7.2239572066869e-13,5.78593822523079e-11
"ENSG00000169607.13",160.669230169347,3.56716756783719,0.498305392990579,7.15859715350228,8.15068150855119e-13,6.50278496697796e-11
"ENSG00000117834.13",213.730608310631,-4.5971073781439,0.642230825323097,-7.15802978754743,8.18447738844952e-13,6.50443892917709e-11
"ENSG00000121152.10",266.352778448022,3.27866252472614,0.45838771911223,7.15259678220876,8.51514541867998e-13,6.74110199477275e-11
"ENSG00000065328.17",113.718742734274,3.55070862503461,0.496480251949036,7.15176205115022,8.56709820841957e-13,6.75614544867057e-11
"ENSG00000267207.2",57.6229102957621,-3.84755929271204,0.538778351153255,-7.14126557697862,9.24754815911265e-13,7.2648171438485e-11
"ENSG00000024526.17",174.67705595209,4.68399884018282,0.656117636386238,7.13896194892936,9.40383591961169e-13,7.3593989196839e-11
"ENSG00000051341.15",153.67846979489,3.33701818924296,0.467530448374831,7.13754195227856,9.501462823609e-13,7.40752827890794e-11
"ENSG00000172159.16",296.145275857699,-3.38640624189334,0.474679777192207,-7.13408576603868,9.74325672694211e-13,7.56726272459171e-11
"ENSG00000230623.9",65.6602050051814,5.14155935920224,0.72174598030745,7.12377969463999,1.05006840416387e-12,8.12475568263244e-11
"ENSG00000133800.9",2066.06781893409,-4.88885244266487,0.686926573859377,-7.11699420099256,1.10306125482778e-12,8.49919984553619e-11
"ENSG00000146374.14",221.29617758836,-3.17170931402138,0.445681780633752,-7.11653348160488,1.10675300368619e-12,8.49919984553619e-11
"ENSG00000109906.15",1515.18387887828,-5.09016935793227,0.718144264580449,-7.08794821456386,1.36114881497538e-12,1.04138042172594e-10
"ENSG00000156076.10",3647.5725889928,-7.37944872139932,1.04175128170672,-7.08369536086334,1.40360284569685e-12,1.0659063980803e-10
"ENSG00000244953.1",187.521862097772,-5.43299225339999,0.766923781620166,-7.08413584714053,1.39914607684104e-12,1.0659063980803e-10
"ENSG00000198406.7",76.8075075664705,3.34850448497242,0.472896255700073,7.08084372547063,1.43279407010362e-12,1.08405939532858e-10
"ENSG00000049540.19",3954.91064050097,-3.08883394542361,0.436360575343616,-7.07862744701736,1.45589195956491e-12,1.09748561540143e-10
"ENSG00000305880.1",102.432241861399,5.35421683093726,0.757649919783751,7.06687441142403,1.58462239984834e-12,1.19015009840624e-10
"ENSG00000072571.20",195.145019796223,3.37419637912656,0.477940931197331,7.05986066243286,1.66669644720742e-12,1.24722423188106e-10
"ENSG00000089250.20",181.681935683313,-6.12451540242635,0.868427063102398,-7.05242347071373,1.75828122636166e-12,1.31097448237526e-10
"ENSG00000183019.8",655.609734340986,-3.78467015432493,0.536942547473554,-7.04855700508879,1.80782688401365e-12,1.34303197209478e-10
"ENSG00000163221.9",78.975687051191,-5.33057052379768,0.756506520451993,-7.04629818737425,1.83740290078186e-12,1.36007613998669e-10
"ENSG00000087589.17",518.237021210923,-2.70275967511979,0.384262049182868,-7.03363676133825,2.01218554042035e-12,1.48409540722226e-10
"ENSG00000180198.17",1008.99599190458,1.98099514284817,0.282165212251701,7.02069233496103,2.20771518855042e-12,1.62247283964293e-10
"ENSG00000189129.14",766.864272787807,-3.94847296227642,0.562797738489863,-7.01579393846043,2.28646828136764e-12,1.67434805861293e-10
"ENSG00000137960.6",250.427422901289,-3.33649962725486,0.475847703466573,-7.01169639560788,2.35445690102887e-12,1.71799944123473e-10
"ENSG00000183090.5",40.224086636099,-6.58851619523441,0.940593216225071,-7.00463928676461,2.47622967677694e-12,1.80044727988065e-10
"ENSG00000253177.3",65.4355739194185,-5.44894818786412,0.778636115491818,-6.99806762035735,2.59516841047284e-12,1.88025911972915e-10
"ENSG00000310006.1",41.100401889878,-4.84428707599418,0.692491878076633,-6.99544244395903,2.64423121176117e-12,1.90906044950531e-10
"ENSG00000197299.13",157.658325130047,2.42705074318463,0.347008277753594,6.99421569680261,2.66746905176532e-12,1.91908019078583e-10
"ENSG00000234456.11",943.771387093023,-1.84859395560866,0.264746189195469,-6.98251393618284,2.89944195928281e-12,2.0786768508089e-10
"ENSG00000130037.5",63.4918935091821,-4.82022106377128,0.690849147698604,-6.97724109500413,3.01032869888552e-12,2.15065434292504e-10
"ENSG00000175832.13",540.267325672307,3.6288035674159,0.521057019673674,6.96431183229915,3.30012902130815e-12,2.34950852267022e-10
"ENSG00000129250.12",5550.68419603243,-1.75448666143388,0.251969617897444,-6.96308815354074,3.32893363661781e-12,2.36181506177202e-10
"ENSG00000138100.14",46.7592095786909,4.63229165253545,0.666779774329111,6.94725879649887,3.72452095277045e-12,2.6333647453657e-10
"ENSG00000118193.12",168.095528042856,3.68773781980998,0.531014787051789,6.94469892314002,3.79268309360519e-12,2.67234275433955e-10
"ENSG00000114812.13",2471.41294708623,-4.89205624744274,0.704765036445207,-6.94140031707302,3.88232134362673e-12,2.72613413800419e-10
"ENSG00000131055.5",309.023508929021,-4.15238998760397,0.598250405443567,-6.94088955029662,3.8963856704883e-12,2.72667207466526e-10
"ENSG00000180581.7",56.895630158019,3.54459115187823,0.510880561047753,6.9381993016307,3.97129206000803e-12,2.76963851695254e-10
"ENSG00000230838.3",168.447135400854,4.97403553539686,0.718037461268187,6.92726466751719,4.29055436020851e-12,2.98215344412594e-10
"ENSG00000160957.15",761.886036737902,3.22405541432538,0.465600196292146,6.9245147231476,4.37472542458591e-12,3.02225025010361e-10
"ENSG00000185883.12",747.54987908569,3.29651785151193,0.47607148659813,6.92441774882989,4.37772300175951e-12,3.02225025010361e-10
"ENSG00000172927.9",415.933452311785,8.28974539420549,1.19751643527575,6.92244811846497,4.43904394582499e-12,3.05430057265757e-10
"ENSG00000121068.14",3086.41219367078,-3.66429799248349,0.529728027669378,-6.9173194565618,4.60269396498526e-12,3.15630893170762e-10
"ENSG00000051180.17",117.909123414926,2.7336051642255,0.395479255308536,6.91213288063076,4.77420317646458e-12,3.26300873100766e-10
"ENSG00000135451.13",309.584251049386,4.38099808360401,0.634274355762623,6.90710265014025,4.94652021339196e-12,3.36954984901624e-10
"ENSG00000069011.16",169.023918153483,5.69792057911002,0.825295271660264,6.90409938693504,5.05229202235967e-12,3.43020515319413e-10
"ENSG00000115255.12",493.553842421774,3.36110464717417,0.486861669263657,6.90361320137934,5.06962220134233e-12,3.43061167050571e-10
"ENSG00000220205.10",1734.09711530261,-1.45456698857976,0.211087587343653,-6.89082198950764,5.54709171689379e-12,3.74136738694705e-10
"ENSG00000122679.8",3163.58387635476,-4.38622479032582,0.636830174385727,-6.88758944966243,5.67456928675554e-12,3.81479897231592e-10
"ENSG00000167641.11",1010.86172368719,-4.31861534509607,0.627227015434715,-6.88525085626764,5.76857905699584e-12,3.86532499949813e-10
"ENSG00000258947.8",75.1290624663096,5.36550411510069,0.779531564584775,6.88298506290592,5.86111754214582e-12,3.91453922098234e-10
"ENSG00000171056.8",954.885186365399,-4.25225564507624,0.618131042154068,-6.87921388037389,6.01837445895299e-12,3.99946413630138e-10
"ENSG00000205363.7",184.948387970013,-4.12721391022173,0.599972676963868,-6.87900310912038,6.02728452066488e-12,3.99946413630138e-10
"ENSG00000160801.14",262.85197709157,-3.51742187263227,0.511594150425163,-6.87541456388643,6.18098423727647e-12,4.08822260648764e-10
"ENSG00000241684.9",132.59169098266,-3.15490107609793,0.459466520092048,-6.86644388249635,6.58220513484442e-12,4.33959916671544e-10
"ENSG00000137868.19",741.856662133878,7.05721471115462,1.02805220264932,6.86464626306715,6.66562151144249e-12,4.38050972662233e-10
"ENSG00000147689.17",730.138924765194,6.38797390719121,0.930889958852515,6.86222237810526,6.77974114585845e-12,4.44127196340836e-10
"ENSG00000104738.19",1766.19954513472,2.66162424194172,0.388456495368906,6.85179492085479,7.2929058622274e-12,4.76222107640479e-10
"ENSG00000099977.16",156.432603210026,2.81696803155542,0.411250449142685,6.84976280859468,7.39725349149681e-12,4.81502493935398e-10
"ENSG00000101057.16",652.06832261082,4.36603374691379,0.637703966872188,6.8464898663377,7.56840042280006e-12,4.91083804649027e-10
"ENSG00000183807.8",267.154955546217,-4.16397278099448,0.608395085721304,-6.84419200404575,7.69087124866922e-12,4.97456227390264e-10
"ENSG00000164045.12",93.3441545717549,3.42601793724131,0.500723897991818,6.84212986634262,7.80243043348805e-12,5.03085011346663e-10
"ENSG00000128050.9",1039.10803842926,1.67075671266343,0.24486580087349,6.823152546021,8.90639912612129e-12,5.72466481761727e-10
"ENSG00000127329.16",4189.15954952053,-4.06789276623475,0.597134724653529,-6.81235339076124,9.60148882776354e-12,6.15215396638949e-10
"ENSG00000145386.11",363.924287982512,3.27203881562393,0.480946243074937,6.80333584623532,1.02223958183957e-11,6.52959513583758e-10
"ENSG00000149488.14",105.098457767355,-4.78805356922611,0.704176956675125,-6.79950334051488,1.04980430891336e-11,6.68484085402471e-10
"ENSG00000175643.10",246.969890593242,2.47896650667014,0.364661412723644,6.79799512691739,1.06085042949208e-11,6.73426538894908e-10
"ENSG00000282849.2",28.7037711247191,3.49130117483033,0.513782855001513,6.79528548071159,1.08098255577359e-11,6.84088466777213e-10
"ENSG00000121075.11",1095.9541237845,-4.20212604987511,0.618547598349999,-6.79353708766221,1.09417092315487e-11,6.89493537698249e-10
"ENSG00000129173.13",172.541847358718,4.21851157146521,0.620984536156269,6.79326348056376,1.09624899185344e-11,6.89493537698249e-10
"ENSG00000181234.10",81.4448279610454,-5.7229031976028,0.842846653376969,-6.78996965186169,1.12157135453532e-11,7.03262967993646e-10
"ENSG00000062038.15",2166.39160595701,4.28371992277625,0.632903973212283,6.76835681886206,1.30253201701274e-11,8.14241356000892e-10
"ENSG00000172061.9",1515.13573181944,5.66003015898171,0.836303960245262,6.7679102671256,1.30655743680018e-11,8.14275187968114e-10
"ENSG00000080031.10",179.514203488118,5.52618782396807,0.816842627133293,6.76530293645694,1.3303055212018e-11,8.24104175358203e-10
"ENSG00000100526.21",277.042937432624,4.09087070974013,0.604723677910029,6.76485948735873,1.33438639396666e-11,8.24104175358203e-10
"ENSG00000183287.15",660.454979441901,-3.89144549430067,0.575232495349108,-6.76499593775375,1.33312939502191e-11,8.24104175358203e-10
"ENSG00000142273.13",206.63540434737,3.81338992865684,0.564446088892102,6.75598609628386,1.41867023761335e-11,8.73525962523245e-10
"ENSG00000197465.14",45.8594922712582,-3.46405751634121,0.51322606002287,-6.74957447832414,1.48279380161901e-11,9.10275572107669e-10
"ENSG00000178222.14",331.481432610661,2.65236742724417,0.393458534636329,6.7411612501829,1.571257063211e-11,9.61703129076965e-10
"ENSG00000133169.6",36.9280541514567,-4.26090473038751,0.632651307272888,-6.73499711674445,1.6393318556408e-11,1.00038274904938e-09
"ENSG00000169744.13",2333.90849759973,-3.3134336925366,0.492964503279574,-6.72144479063528,1.79931412985616e-11,1.09475183734631e-09
"ENSG00000131016.17",2745.13771757878,-3.26024779162506,0.485395340385658,-6.71668539099431,1.8590474519155e-11,1.12774878562353e-09
"ENSG00000187950.9",62.7469401862105,-5.14293198362539,0.76586297607798,-6.71521165569667,1.87793431440618e-11,1.1358455806072e-09
"ENSG00000169136.13",1130.40384009083,1.49919364444566,0.223346626863073,6.71240781874342,1.91438744468287e-11,1.15448824016993e-09
"ENSG00000164109.14",287.624176506963,2.10563992487529,0.313875382366639,6.70852205419436,1.96605460066352e-11,1.18216960504413e-09
"ENSG00000172987.14",93.9360939363884,-5.38988542193789,0.804606458353247,-6.69878468657726,2.10159975308977e-11,1.25997664729101e-09
"ENSG00000197256.11",6061.4237178283,-2.12358220743103,0.317368120434594,-6.69122722384044,2.21306714568214e-11,1.32293669839844e-09
"ENSG00000164855.16",2936.07720631003,5.10151310527353,0.762688219313744,6.68885787938851,2.24919028175194e-11,1.34062202142563e-09
"ENSG00000110786.18",62.6416359505759,-3.46574888888654,0.518268062787584,-6.68717433647267,2.27520781212537e-11,1.35219886898025e-09
"ENSG00000102104.9",36.8282418494301,-6.45464936533095,0.965355038542352,-6.68629582653571,2.28890108923857e-11,1.3564054316112e-09
"ENSG00000196611.6",758.421145085935,5.1601032360866,0.771803874348013,6.68577006100887,2.29713471917483e-11,1.35736167959541e-09
"ENSG00000280411.1",484.634450691254,7.78164929127962,1.16435771232613,6.6832118763001,2.33761215729268e-11,1.37731033543474e-09
"ENSG00000123500.10",2531.91465143614,6.3662959193559,0.953884150638815,6.67407663193941,2.4879359654647e-11,1.46168020160138e-09
"ENSG00000171848.16",853.393732835281,3.57272338948151,0.535376589519258,6.67329027720401,2.5013094381574e-11,1.46533853485655e-09
"ENSG00000266120.2",39.120062149385,-5.36323785096794,0.803944359633829,-6.67115551803948,2.53797095335938e-11,1.48257995520458e-09
"ENSG00000159339.13",72.0009960608752,-4.83271337536099,0.725975823460601,-6.65685167355062,2.79755254825702e-11,1.62957435935972e-09
"ENSG00000176890.16",253.85412417985,2.71366522398283,0.408071392261962,6.64997663507071,2.9313955076285e-11,1.70270066539419e-09
"ENSG00000154721.15",1286.92959728005,-3.16310896883991,0.475962109571225,-6.64571591988578,3.01746752073273e-11,1.74774446455096e-09
"ENSG00000228232.1",100.483778604442,2.8778908207525,0.433282429867475,6.642066749932,3.09314815487367e-11,1.78653266950788e-09
"ENSG00000120833.14",3306.44286233716,-3.92124601857266,0.590713149561981,-6.63815596703799,3.17631678927413e-11,1.82941571481114e-09
"ENSG00000115602.17",975.975276961284,-5.09263064579529,0.768826367985644,-6.62390216810355,3.49838347436754e-11,2.00926764029222e-09
"ENSG00000163464.8",436.544045930457,-5.04401960048266,0.761992390133167,-6.61951440171359,3.60380733990761e-11,2.06403535467781e-09
"ENSG00000168528.12",2780.41904492342,2.74549760153418,0.415170647551418,6.61293763835786,3.76767204490898e-11,2.15187597796139e-09
"ENSG00000148848.15",844.425153326149,3.82685842006627,0.578972875711952,6.60973696800642,3.85003474825546e-11,2.19280867995083e-09
"ENSG00000120279.7",891.042468744341,-3.09029941383064,0.467697502577337,-6.60747469636024,3.90930975283742e-11,2.22040130670855e-09
"ENSG00000103647.13",232.084939916526,-3.78811101848875,0.573509788503837,-6.60513751364404,3.97148521581414e-11,2.24948433328876e-09
"ENSG00000180155.20",460.387246831314,-2.24890846150406,0.340517327407993,-6.60438773739555,3.99163554342013e-11,2.25466928876822e-09
"ENSG00000169282.19",151.389378478346,-2.62488060159938,0.397496283436869,-6.60353495359477,4.01467582400767e-11,2.2614536564685e-09
"ENSG00000115507.10",50.2775062904811,5.01822654963593,0.761861210202234,6.5867988584218,4.49410447786734e-11,2.52457858121074e-09
"ENSG00000131097.7",395.28402542103,-4.84209106531803,0.735246520610708,-6.58567015223154,4.52838154221661e-11,2.53688347381446e-09
"ENSG00000140297.13",200.885752071954,5.54551338940653,0.843304386222171,6.57593329289947,4.83489288035413e-11,2.69619792284248e-09
"ENSG00000237523.3",84.4856907905483,2.46448794089646,0.374781170308599,6.57580512614115,4.83905986932322e-11,2.69619792284248e-09
"ENSG00000164932.13",2961.26128916718,4.91079777669089,0.747505288303133,6.56958265517907,5.04564805063053e-11,2.80368475962408e-09
"ENSG00000119147.10",261.912228507535,-5.22536106974149,0.796342321287077,-6.56170208472164,5.31970174618667e-11,2.94797742172463e-09
"ENSG00000132646.11",1743.23158944692,1.78793046047889,0.272620234508346,6.55831898796255,5.44177082302987e-11,3.00749512009177e-09
"ENSG00000173517.11",2362.912758782,-1.80272930591954,0.274904493601961,-6.55765674216202,5.46598466681154e-11,3.01275670990064e-09
"ENSG00000166337.11",317.452315174569,-2.25523279936036,0.344642075317728,-6.54369550578305,6.00169352887913e-11,3.29916150445409e-09
"ENSG00000008300.17",543.17160422328,3.86057701454606,0.590145357118582,6.54173919692522,6.08074788192222e-11,3.31594825986524e-09
"ENSG00000030304.15",56.5214364339053,-4.06378007080923,0.621182866921648,-6.54200282591151,6.07003556592767e-11,3.31594825986524e-09
"ENSG00000232320.6",105.437101769507,-2.71301128643491,0.414683733496055,-6.54236244948036,6.05545235943614e-11,3.31594825986524e-09
"ENSG00000116194.13",329.731029988365,-4.46498751693841,0.684071233077012,-6.52707978503132,6.70643278350132e-11,3.6474455647987e-09
"ENSG00000105173.14",154.982187023064,3.25544527940843,0.499640393035863,6.51557665229593,7.24109338736718e-11,3.92781425435388e-09
"ENSG00000143167.12",88.5101552314176,-4.36708286049108,0.670878341003618,-6.50950044676957,7.54011313224502e-11,4.07922109930216e-09
"ENSG00000152580.9",672.481072006035,-4.23548984567098,0.651535167481352,-6.5007846960037,7.99021202772015e-11,4.31135019516774e-09
"ENSG00000159259.8",248.599141905292,2.02229443313087,0.311611925255456,6.48978511163531,8.59588900370976e-11,4.62249013424794e-09
"ENSG00000184845.4",39.2964865415704,-5.54355016517693,0.854233245818899,-6.4895041164813,8.61193538471866e-11,4.62249013424794e-09
"ENSG00000152154.12",205.902550067793,-3.44852345450162,0.531696641070631,-6.48588534912997,8.82122292033374e-11,4.72246357071862e-09
"ENSG00000189057.11",337.943748075464,4.18502428945936,0.645784442680168,6.48052819620499,9.14020705604689e-11,4.88048972596837e-09
"ENSG00000257474.6",38.3470055774278,-5.36337115860009,0.828531815821652,-6.47334363772289,9.58576057609488e-11,5.10510220395453e-09
"ENSG00000249751.4",122.854948183595,-4.06482406189008,0.629429219043388,-6.45795260040173,1.06128968880703e-10,5.63748284437806e-09
"ENSG00000299344.1",505.393448276274,-6.1067261945491,0.945960061464269,-6.45558564607515,1.07801192520885e-10,5.71151331123573e-09
"ENSG00000186871.7",70.1552078527781,3.55239938622078,0.550811193020855,6.44939578431239,1.12296948756526e-10,5.93437277655623e-09
"ENSG00000177954.14",13943.1829653563,-1.98005428592755,0.307091730543505,-6.44776165878241,1.13514087793478e-10,5.98327212369531e-09
"ENSG00000231246.4",63.1364761824736,-3.10103587490892,0.481051459079826,-6.44637037551181,1.14560507128005e-10,6.02294522603232e-09
"ENSG00000154783.12",2113.02744854244,-2.38121103891176,0.369782111168177,-6.43949765820007,1.19869565037367e-10,6.28594772768843e-09
"ENSG00000133104.14",1712.22450133779,-1.54645775165769,0.240539743679658,-6.42911532207006,1.28348728851142e-10,6.71342432745871e-09
"ENSG00000235584.4",389.132670303253,-4.45145724298292,0.692586790797211,-6.42729157144192,1.29897521143755e-10,6.77714700644163e-09
"ENSG00000110203.10",26.5487564819245,-5.60108265452687,0.871776438743313,-6.42490712710815,1.31950052255369e-10,6.86676109503574e-09
"ENSG00000158402.21",64.6459659368201,3.96990485744265,0.61819454211869,6.42177273813661,1.34696414646088e-10,6.99193743266681e-09
"ENSG00000166265.13",1582.25800000122,-3.37257296585821,0.525294740829781,-6.42034405395099,1.35966693331603e-10,7.02232010093498e-09
"ENSG00000171303.8",808.810775755721,-4.82537925993765,0.751555398439102,-6.4205237164944,1.35806309605257e-10,7.02232010093498e-09
"ENSG00000114790.13",1089.05497756037,-2.68097015145019,0.418166740802553,-6.41124673450793,1.44334380384129e-10,7.43575913416127e-09
"ENSG00000305802.1",74.0949921075086,-5.5481626074868,0.866131292157923,-6.40568313109186,1.49697580098975e-10,7.69272978032427e-09
"ENSG00000173641.18",210.113616725745,-2.2837563615853,0.356806635892323,-6.40054340882407,1.54824924077629e-10,7.93632560821927e-09
"ENSG00000165480.16",99.9098841748753,3.58688458686865,0.560589173868767,6.39841929538998,1.56993684380134e-10,8.02742769209542e-09
"ENSG00000150551.11",60.434250086675,3.77438365324703,0.590433386595212,6.39256474809522,1.63126114149013e-10,8.32024339430688e-09
"ENSG00000179133.15",51.799892947107,-5.31428895766509,0.831395439118899,-6.39201119902353,1.63717904615244e-10,8.32970698816617e-09
"ENSG00000091651.9",198.082420732076,3.06670329866966,0.480257998647443,6.38553299956785,1.70801504585632e-10,8.66859913372229e-09
"ENSG00000003147.19",1327.53042963791,1.56330073145897,0.245365602730603,6.37131168371378,1.87418318109464e-10,9.46508668600112e-09
"ENSG00000146966.13",661.819890409918,-3.10886371273562,0.487945421605878,-6.37133493845282,1.87389897827069e-10,9.46508668600112e-09
"ENSG00000277494.2",1028.57215807072,-5.92634298124041,0.930366447948749,-6.36990187501568,1.89149174680838e-10,9.52902869202924e-09
"ENSG00000007908.16",2315.18886319964,-4.49431630001392,0.706503022593104,-6.3613546669882,1.999820749246e-10,1.005007956925e-08
"ENSG00000187583.11",355.171734919606,4.58609312643391,0.721395465831737,6.35725249693155,2.05394229277349e-10,1.02968295283686e-08
"ENSG00000155093.20",585.667700085353,-2.13827445904661,0.336411394273764,-6.35612971333109,2.06900333919848e-10,1.03470352358355e-08
"ENSG00000105011.9",423.586608333143,3.47654462916459,0.547349836608158,6.35159526256224,2.13093385330585e-10,1.06308193985847e-08
"ENSG00000114698.15",1593.8714894209,-2.99167032070651,0.47107202046892,-6.35077056312645,2.14239041015399e-10,1.06620322742227e-08
"ENSG00000111012.12",196.754613766063,2.99677013974676,0.472206607219076,6.34631132629712,2.20538719653334e-10,1.09225263472753e-08
"ENSG00000205426.11",629.780431699087,7.2100337481372,1.1360677139195,6.34648239695343,2.20293740128365e-10,1.09225263472753e-08
"ENSG00000244734.4",4727.28635390257,-4.93958898884487,0.780112107608841,-6.33189632703618,2.42166191089786e-10,1.19647604388072e-08
"ENSG00000244716.3",692.237416882489,-1.98296222188422,0.313212710143321,-6.33104008128165,2.43514071134034e-10,1.2002433929164e-08
"ENSG00000232216.1",718.904153975141,7.77840174242933,1.22904716650618,6.32880653762137,2.47064638680098e-10,1.21482334568267e-08
"ENSG00000114631.11",859.902003344654,2.9405895411491,0.464912782548916,6.32503482702093,2.53175474733094e-10,1.24189232869076e-08
"ENSG00000148123.15",51.0009766829044,-4.43778174791038,0.702172755282345,-6.32007111430283,2.61442960585087e-10,1.2793857908918e-08
"ENSG00000141052.18",143.320025706683,-5.22347183349868,0.827615676845325,-6.31147038370432,2.76396700351241e-10,1.34934236761949e-08
"ENSG00000107742.14",5912.4542044938,-3.48826463156232,0.552942633607355,-6.30854707079676,2.81667071396924e-10,1.37180561328326e-08
"ENSG00000128268.12",765.944272304142,-3.99156385821378,0.632802029494177,-6.30776083541386,2.83101222736671e-10,1.37552309739163e-08
"ENSG00000124143.11",894.872164794138,6.81982062245755,1.08140429268882,6.30644863217685,2.85510675830643e-10,1.3839505667214e-08
"ENSG00000129951.19",160.247663347997,-6.277467687954,0.996277242549146,-6.30092450158956,2.95875496515636e-10,1.43080924069731e-08
"ENSG00000130755.13",1259.84306138156,-2.06817776048149,0.328651460447842,-6.29292125360785,3.11546408112005e-10,1.50304648280672e-08
"ENSG00000204949.12",31.7225238019352,4.60841885151686,0.732607750621726,6.29043147251164,3.16584782637251e-10,1.52376863455263e-08
"ENSG00000144554.13",275.776852408955,1.59395329963576,0.25358021839837,6.28579512117816,3.2617988015053e-10,1.56627453456826e-08
"ENSG00000211956.2",750.509034929909,6.41847443300812,1.0226300312541,6.27643843505829,3.46416461767455e-10,1.65956147945792e-08
"ENSG00000075461.6",246.362307820912,-3.76156946832318,0.599782540066744,-6.27155546726084,3.57458911533076e-10,1.70847028486578e-08
"ENSG00000133195.12",1129.21380117233,1.64857248227564,0.263208412456415,6.26337306961503,3.76737832341143e-10,1.79642616612158e-08
"ENSG00000180769.10",131.057678579904,-2.11122100576145,0.337251533699915,-6.26007829408421,3.84784238492256e-10,1.83053736103137e-08
"ENSG00000161281.11",188.788502107547,-3.17917569693118,0.507961670244161,-6.25869210840861,3.88219461511741e-10,1.84260459232332e-08
"ENSG00000075702.19",780.787595828153,4.31105935592573,0.689660126664978,6.25099116107078,4.07855961909551e-10,1.93133455958278e-08
"ENSG00000169994.20",521.290211474735,-4.56046148389111,0.730624846112757,-6.24186476569303,4.32384716223762e-10,2.04276871462028e-08
"ENSG00000187922.14",61.8900874863395,-4.90499258306535,0.786676726546361,-6.23508032911951,4.51546322288826e-10,2.12839213614025e-08
"ENSG00000164362.21",49.5235897375112,7.8486537156245,1.2617887419788,6.22025974278059,4.96332537779701e-10,2.33412898042087e-08
"ENSG00000140525.20",571.913874873091,2.13120424816574,0.342685296361194,6.21912953603773,4.99920471102154e-10,2.34562227448022e-08
"ENSG00000120334.16",182.756514654408,1.84675077158509,0.297616319692071,6.20513946780821,5.46484165521846e-10,2.55824459585843e-08
"ENSG00000170989.10",2573.81234264887,-2.96200335167818,0.477923223050784,-6.19765520656324,5.73105148888358e-10,2.67596682878968e-08
"ENSG00000262406.3",595.411920720891,6.07871490182297,0.980858193482872,6.19734324718073,5.74241808753151e-10,2.67596682878968e-08
"ENSG00000197380.11",393.959063580382,-2.88010404877625,0.465510726470579,-6.18697676552525,6.13290001628116e-10,2.85145083750179e-08
"ENSG00000188783.6",3510.01167635281,-2.77352312419786,0.448653391629195,-6.18188377920509,6.33411527976926e-10,2.93834162209025e-08
"ENSG00000147027.4",1042.82657546142,-2.78150534183368,0.449994844891455,-6.18119379235248,6.36186613613194e-10,2.94455312088599e-08
"ENSG00000110693.19",110.55233397501,-2.23497839459475,0.361730916958066,-6.17856613802751,6.46863898191476e-10,2.98722913705361e-08
"ENSG00000137812.21",199.074183597267,3.25639625100414,0.527131361266028,6.17758018263826,6.50915198255283e-10,2.99918319663513e-08
"ENSG00000081041.9",8522.71419868179,-5.26034905162451,0.851723565939132,-6.17612246741619,6.56950355572283e-10,3.02020405620047e-08
"ENSG00000085552.18",571.598655418357,4.13680566507276,0.670451547732306,6.17017841045313,6.82129796666714e-10,3.12894616350208e-08
"ENSG00000111247.15",287.157196993536,2.78191679568382,0.451068579533879,6.16739210378734,6.94254532375588e-10,3.1774542258547e-08
"ENSG00000184113.10",3545.36782274968,-3.95429839550865,0.641777376546406,-6.16147988386238,7.20682271784357e-10,3.27761162836268e-08
"ENSG00000198358.4",45.5903417445628,-6.71084467408897,1.08914943288178,-6.16154631447839,7.20379944337773e-10,3.27761162836268e-08
"ENSG00000248441.10",92.4783370486752,-3.59635020027417,0.583688095526598,-6.16142461673744,7.20933888212821e-10,3.27761162836268e-08
"ENSG00000256663.1",53.8670294634803,4.31824541054956,0.702526908939265,6.14673310815896,7.90950492935402e-10,3.58797542193528e-08
"ENSG00000198643.7",40.5239298174544,-3.3852812679158,0.55152337252727,-6.1380558586362,8.3537491295411e-10,3.78113183558744e-08
"ENSG00000177103.15",59.5361683458449,-4.72374619579719,0.771513254516465,-6.12270258241737,9.20013302655932e-10,4.15505567349278e-08
"ENSG00000145147.20",2536.47701354271,-3.28615606688933,0.536831747627995,-6.12138920883367,9.27630078889921e-10,4.18024772254043e-08
"ENSG00000169418.10",1345.38281346459,-3.44815500731625,0.563357918563264,-6.12071809713814,9.31545827639813e-10,4.18868764252779e-08
"ENSG00000055118.18",133.790234329264,-2.90451718820587,0.475248522924725,-6.11157541391437,9.86523636364935e-10,4.42618832385703e-08
"ENSG00000211966.2",799.701775034396,5.02809304478474,0.823314315103943,6.10713667009416,1.01434377286392e-09,4.54107089930171e-08
"ENSG00000036473.9",50.8260621441182,-7.5062754577773,1.22949761600751,-6.10515657781595,1.02699950902879e-09,4.58771196800139e-08
"ENSG00000180871.8",567.784547355832,-4.58463593650675,0.75177317845124,-6.09842977632131,1.0711543503477e-09,4.77455408685417e-08
"ENSG00000125508.4",323.797127291817,3.75548336688328,0.615890360713689,6.09764920258122,1.07639636830232e-09,4.78751217693508e-08
"ENSG00000178458.5",140.376516869621,2.0801025982262,0.341666687707152,6.088104790623,1.14255083361705e-09,5.05979747137884e-08
"ENSG00000189127.8",74.3463652597331,5.28266013772741,0.867678635922187,6.08826807417345,1.14138643995433e-09,5.05979747137884e-08
"ENSG00000168539.4",57.6087121981582,-7.7188089783877,1.26796491568469,-6.08755722095007,1.14646407562476e-09,5.06618521694183e-08
"ENSG00000165891.16",90.7445155588328,2.88456264955324,0.474743062677055,6.0760501339131,1.23178913191775e-09,5.43152781953583e-08
"ENSG00000164850.16",362.244584803891,-3.77857937219312,0.623671871112406,-6.05860156151263,1.37310040943129e-09,6.04164180149767e-08
"ENSG00000162298.19",2617.1667841673,1.44503791102293,0.238616204438247,6.05590854328127,1.3962731930012e-09,6.13044658443182e-08
"ENSG00000248551.2",23.7235478899005,-5.82352519315886,0.962568949208156,-6.04998239133882,1.44861666899801e-09,6.34667439767846e-08
"ENSG00000127252.7",34.3999747968808,3.42458980468265,0.566900775335761,6.04089807895279,1.53258770293846e-09,6.70025122836891e-08
"ENSG00000066629.19",780.19715682057,-2.35621054656748,0.390134210798589,-6.0394871337851,1.54604839687212e-09,6.74471836797149e-08
"ENSG00000158352.18",1647.03284552272,-2.52411152742571,0.418287168712821,-6.03439865294711,1.5955572894172e-09,6.94592498136098e-08
"ENSG00000100558.9",467.905727725439,3.36655900404382,0.557938907928028,6.03392048162751,1.60028834231841e-09,6.95176105315608e-08
"ENSG00000112214.11",608.989399691196,-4.54913404226439,0.754249674366805,-6.03133709813451,1.62608588491215e-09,7.0488932313401e-08
"ENSG00000233608.5",157.369683544168,-3.0608803429458,0.508432475266658,-6.0202298079808,1.74169612560108e-09,7.53412180576467e-08
"ENSG00000118407.15",313.576846547389,-2.56872131482189,0.427022477489499,-6.01542412924868,1.79416320665965e-09,7.74474155565251e-08
"ENSG00000156234.8",252.699683982527,4.71386401027508,0.783787749545952,6.01420985847995,1.80766211227867e-09,7.78661847692474e-08
"ENSG00000172346.15",197.448809630772,-2.16547667185774,0.36025905102291,-6.01088762574914,1.84510274411919e-09,7.93123410176517e-08
"ENSG00000029559.7",48.1891245267467,6.10408456662659,1.01622557053494,6.00662367058271,1.89426499305353e-09,8.12552498275514e-08
"ENSG00000165757.9",2515.26509213946,-2.29114651254511,0.381691497913833,-6.00261343275279,1.94166519776509e-09,8.31146204905542e-08
"ENSG00000123213.23",589.6031073359,1.70381682483004,0.284304609649358,5.99292718796015,2.06097144215341e-09,8.80378301039864e-08
"ENSG00000206052.11",192.599485862947,-3.16412834068153,0.52819896860275,-5.99040991892058,2.09312786702241e-09,8.92255588054625e-08
"ENSG00000101213.7",589.825317470064,2.07695143665654,0.346883587856938,5.98745950907634,2.13143981164107e-09,9.06702114064075e-08
"ENSG00000170464.10",419.714795238334,-2.02613077242213,0.338631568914335,-5.98328968240611,2.18675345852878e-09,9.28306271504639e-08
"ENSG00000227066.3",246.702300181776,5.89289584583703,0.985467667437992,5.97979623335316,2.23416916844328e-09,9.46475302267788e-08
"ENSG00000143768.13",52.3256354139071,-3.89153043489827,0.651188136255948,-5.97604627331343,2.28618087217164e-09,9.66512424804273e-08
"ENSG00000160161.9",560.077881760827,5.76806444403747,0.966963008082272,5.96513454581575,2.44432543623106e-09,1.03124380132678e-07
"ENSG00000117394.24",2927.30160908152,3.91022735434914,0.656038857323147,5.9603593761262,2.51683809599207e-09,1.05776661108509e-07
"ENSG00000126218.12",222.001290896083,-3.38133495346817,0.567308019301477,-5.96031580451056,2.51750929676903e-09,1.05776661108509e-07
"ENSG00000128849.11",2007.55986348185,-2.63783056282581,0.442783717893246,-5.95737931687402,2.56314858559004e-09,1.074740257647e-07
"ENSG00000128383.14",193.880964263227,-4.8336452735648,0.812336516889842,-5.95029913473688,2.67652861914961e-09,1.1199906695315e-07
"ENSG00000155066.16",1382.86503774402,3.25228248271477,0.54665620639544,5.94941106433196,2.69109015480019e-09,1.12379047930801e-07
"ENSG00000140092.16",2662.650200593,-2.6832732504246,0.451255276400002,-5.94624238375906,2.74367788227059e-09,1.14342218085521e-07
"ENSG00000184368.16",182.085703891255,4.06785439538692,0.684428858021756,5.94342910546536,2.79120499058896e-09,1.16086951576138e-07
"ENSG00000182732.18",43.5918504550638,-3.18060106639289,0.535195603919752,-5.94287591881975,2.80064431311135e-09,1.16243746955537e-07
"ENSG00000254726.3",533.635713397742,3.67111454741435,0.61833818173088,5.9370659226283,2.90168015752394e-09,1.20194040302769e-07
"ENSG00000158125.10",417.079521817616,4.52096626308761,0.761964304125117,5.93330453751184,2.96897408989749e-09,1.22733557942053e-07
"ENSG00000243479.4",27.2152343608364,5.9555830338945,1.00460327078994,5.92829349362111,3.06099041545653e-09,1.26282791707285e-07
"ENSG00000267751.7",95.5363816517599,3.39349929215393,0.572562769702121,5.92685985140009,3.0878228933979e-09,1.27133977120945e-07
"ENSG00000183018.9",1506.81900422527,-2.45386448261245,0.414349207956618,-5.92221352301794,3.17636825587863e-09,1.30517544526123e-07
"ENSG00000187479.9",9710.02752820519,-4.73945933066,0.800878855112785,-5.91782302704515,3.26230709240835e-09,1.33780689245481e-07
"ENSG00000171595.14",127.305957938443,-7.89543124936737,1.33503802137881,-5.91401227750284,3.33872981907694e-09,1.36641349721264e-07
"ENSG00000166961.15",1128.22067859433,-4.63353486340752,0.784085390015329,-5.90947736357762,3.43194832526533e-09,1.40176630400877e-07
"ENSG00000183607.10",308.66834037529,-5.93945874681235,1.00523109483334,-5.9085505585132,3.45130893701994e-09,1.40687153965521e-07
"ENSG00000171819.5",30.0059142731958,-4.91115570602719,0.831275970277573,-5.90797266085689,3.4634347785711e-09,1.40901322817107e-07
"ENSG00000160867.15",1661.16428965899,-4.35215576656224,0.736802180943118,-5.90681716087134,3.48780476210264e-09,1.41611779885451e-07
"ENSG00000144677.15",1671.20120753803,-1.61984880076887,0.274293733779728,-5.90552608857516,3.51523149847532e-09,1.42443293764304e-07
"ENSG00000105784.16",79.8841498042423,-3.78578144920459,0.643143645412276,-5.88636998314394,3.94770043723876e-09,1.59652169162019e-07
"ENSG00000114346.14",728.799811459106,2.12116420217618,0.360526809682244,5.88351308477087,4.01648325998044e-09,1.62114119611494e-07
"ENSG00000077522.15",149.919187672194,-4.15931470252992,0.707222017800113,-5.88120080801203,4.07300656304166e-09,1.64072547286063e-07
"ENSG00000169224.13",150.727679314035,-4.05570075980217,0.690333679274796,-5.87498608508096,4.22878867899443e-09,1.69681180184152e-07
"ENSG00000303230.1",24.3497321962873,3.80533183452201,0.647693182036142,5.87520749031085,4.22314050230465e-09,1.69681180184152e-07
"ENSG00000072163.20",2218.54743222172,-3.49989336076209,0.596107153107042,-5.87124872184451,4.32524789680291e-09,1.73212661867279e-07
"ENSG00000117139.18",2341.25922266346,1.41270841707872,0.240663034937426,5.87006815336654,4.35616029271393e-09,1.74110547060051e-07
"ENSG00000139973.18",36.7674803906659,5.57651698409254,0.951937358663504,5.85807136713473,4.68273424225789e-09,1.86799188527735e-07
"ENSG00000088320.4",125.456134095393,-2.86209813090051,0.488637083176056,-5.85730847994051,4.70428831024169e-09,1.87294616530477e-07
"ENSG00000204420.10",33.8747215275019,-3.51779895328077,0.600824857953799,-5.854949086596,4.771561687296e-09,1.8960484658201e-07
"ENSG00000164485.15",74.6638608338001,5.23465318301287,0.894163718816344,5.85424466779113,4.79182760752185e-09,1.90041843838739e-07
"ENSG00000152583.13",17568.9511387928,-2.94993305110254,0.504312520120931,-5.84941466532531,4.93305884841838e-09,1.95265325536623e-07
"ENSG00000139567.14",3361.27821801507,-2.8264349367026,0.483319615935845,-5.84796239074596,4.97631025073228e-09,1.96597813836252e-07
"ENSG00000089225.20",448.917153989223,-2.60750298035899,0.446629095222478,-5.83818431949696,5.27727575147712e-09,2.08087042323628e-07
"ENSG00000177303.10",2430.07615349503,-2.06322254825259,0.353522090625226,-5.83619129600545,5.34075747428848e-09,2.10185971694455e-07
"ENSG00000077943.8",1286.45841952779,-3.24134574200919,0.555579284352848,-5.83417314737497,5.40579633083826e-09,2.12157503485385e-07
"ENSG00000185432.12",2225.10824133848,-2.85213273081084,0.488881517628968,-5.83399582099857,5.41154771375617e-09,2.12157503485385e-07
"ENSG00000150048.10",366.673941726974,-3.02827464784164,0.519147871715479,-5.83316394582332,5.43860822267097e-09,2.12811494270316e-07
"ENSG00000171243.8",320.304544693408,-5.85266755056362,1.00357991558471,-5.8317902338188,5.48358287938253e-09,2.14162634969256e-07
"ENSG00000198554.12",459.375458226687,2.70884154355774,0.46475866676273,5.82849064962282,5.593093016803e-09,2.18024295088458e-07
"ENSG00000165905.18",480.644882015941,2.46334454939742,0.422738943203118,5.82710580372018,5.63968599767657e-09,2.19423380828008e-07
"ENSG00000187151.7",51.7234277586745,-4.24397039612532,0.728376228298148,-5.82661848539643,5.65617140948939e-09,2.19647989735171e-07
"ENSG00000079102.18",385.293750110955,-2.84877247472212,0.489011624638977,-5.82557209519362,5.69172812922103e-09,2.20610951912189e-07
"ENSG00000174837.15",162.550101667768,-2.949522835145,0.506580708825028,-5.82241444208598,5.80034952775616e-09,2.24240709734631e-07
"ENSG00000243649.10",541.108722538456,2.41001315622764,0.413934010856184,5.82221584363833,5.80724818908939e-09,2.24240709734631e-07
"ENSG00000154654.15",257.973569985943,-2.20504691396892,0.378855256918474,-5.82028855005021,5.87461198610897e-09,2.26415496547328e-07
"ENSG00000118777.12",425.450789564075,-3.3895712848892,0.58359357726333,-5.80810244825528,6.3184851746189e-09,2.43066078837497e-07
"ENSG00000171241.9",245.510950142339,2.48052219424256,0.427312297682667,5.80493987113064,6.43891068255717e-09,2.47234877593918e-07
"ENSG00000298205.1",75.563674234724,-4.66837356939042,0.804644658876466,-5.80178283406357,6.56135060880791e-09,2.51465295108406e-07
"ENSG00000283199.3",113.660034574663,-3.08312606058295,0.531525765114039,-5.8005204318204,6.61094178737229e-09,2.52893191060227e-07
"ENSG00000185090.15",283.509261654959,2.54999148751102,0.439935753658856,5.79628153952767,6.78014050956678e-09,2.58882683441634e-07
"ENSG00000129195.16",93.6461410050654,3.26949278921626,0.564099200663795,5.79595359356819,6.79340484339282e-09,2.58907012841871e-07
"ENSG00000164736.6",694.657401782096,-3.57123436011278,0.616409080694119,-5.79361088595795,6.88889648203946e-09,2.62059245765746e-07
"ENSG00000182010.11",3159.90625011972,-4.30532638624179,0.743273686493972,-5.79238369993971,6.93943781457808e-09,2.63493023981683e-07
"ENSG00000183010.17",1410.05930317482,3.26409421864132,0.563565849444109,5.79185949940182,6.96113662809268e-09,2.6382836492128e-07
"ENSG00000122861.16",8200.65761571267,4.012860906944,0.693236170300485,5.78859136159127,7.09791392558798e-09,2.68515917214494e-07
"ENSG00000102466.17",121.222504119117,-3.34795334425125,0.578441878061791,-5.78788201758382,7.1279445750605e-09,2.69155387784605e-07
"ENSG00000154529.15",64.3140409268045,-3.94622796893738,0.681891643193066,-5.78717749121918,7.15789355610676e-09,2.69789429180906e-07
"ENSG00000225936.3",19.1469607692867,-4.7955577206047,0.829180390906197,-5.78349147326521,7.31658981604196e-09,2.75264876308485e-07
"ENSG00000185453.13",351.940176565829,-1.46015799671399,0.252867420003522,-5.7744014499521,7.72271132040596e-09,2.90011855153121e-07
"ENSG00000204403.11",39.9479393945511,-3.6084988908966,0.625233831328518,-5.7714389562528,7.85974323466237e-09,2.94618236350123e-07
"ENSG00000286042.2",1139.69666808575,10.2335621845519,1.77416014648647,5.76811637033914,8.01624472998393e-09,2.99936280918961e-07
"ENSG00000147536.12",99.9891218164148,1.97621388727273,0.342861340194338,5.76388660836649,8.21986516646069e-09,3.0699474567051e-07
"ENSG00000145592.14",9073.95046498711,-1.32227973505613,0.229456585782562,-5.7626575874756,8.27996708137843e-09,3.08677172793788e-07
"ENSG00000138735.16",1066.67459894585,-2.77904593569523,0.482441453424413,-5.76037966051489,8.39249471451469e-09,3.1230437681744e-07
"ENSG00000182533.7",13.7731640893568,-7.08603908402829,1.23145224162122,-5.75421347619575,8.70461034988554e-09,3.23332120677632e-07
"ENSG00000160949.18",790.144615107891,2.46634011753569,0.428651561385767,5.75371779718329,8.73018464691521e-09,3.23695670886708e-07
"ENSG00000155897.10",65.3106926860197,-7.35823020633555,1.27988957581453,-5.74911331835229,8.97126778652888e-09,3.32034069846549e-07
"ENSG00000091428.18",448.625876378751,-2.44238717365386,0.424879759204436,-5.7484196899073,9.00814147044253e-09,3.32199519262507e-07
"ENSG00000171777.17",323.039784570786,-1.89722738870957,0.330038967737063,-5.74849509958795,9.00412552153312e-09,3.32199519262507e-07
"ENSG00000213088.14",3129.33060879798,-4.77594280648761,0.831117208952024,-5.74641308716217,9.11564518514725e-09,3.35560482722189e-07
"ENSG00000169436.18",39.6244326388259,3.00195754637741,0.52250588708411,5.74530856126827,9.17535127326251e-09,3.37153051087768e-07
"ENSG00000131477.11",1457.83970828095,-3.20698665853276,0.558450017509902,-5.74265656366624,9.32026363949875e-09,3.41865269524655e-07
"ENSG00000169330.9",58.5869966029988,3.07384128966501,0.535446835059726,5.7407030696561,9.42842839493153e-09,3.45215171088707e-07
"ENSG00000105538.10",1346.7766671503,-3.32121543858373,0.578784888788209,-5.7382552705156,9.56568623448982e-09,3.49616453746844e-07
"ENSG00000234009.1",76.0613292125706,-2.27476101425237,0.396451736056541,-5.73780061320742,9.59139369175713e-09,3.49932270917773e-07
"ENSG00000138092.11",201.121056222091,1.6276258463917,0.283683187358335,5.73747729482381,9.60971576473282e-09,3.49977996518795e-07
"ENSG00000108379.11",253.245721463292,2.31608371634961,0.403838318569109,5.73517571229007,9.74113041496582e-09,3.5413499650436e-07
"ENSG00000095713.14",1942.07803517989,-5.97434516873955,1.04292875855824,-5.72843074823115,1.01363916461676e-08,3.67202428114878e-07
"ENSG00000197756.10",11100.6914932891,-1.91227654362705,0.333819006524606,-5.7284831188487,1.01332634532679e-08,3.67202428114878e-07
"ENSG00000186340.17",2719.76100154889,3.67610221966237,0.64325072432706,5.71488236333995,1.09779940340219e-08,3.9698904704336e-07
"ENSG00000211662.2",1059.47886752091,6.93151612023847,1.21326479700774,5.71311072185854,1.1092945141602e-08,4.00439695745434e-07
"ENSG00000185739.13",51.5944506368363,-3.13911665443046,0.549516446896054,-5.71250719093445,1.11323710778359e-08,4.01071105462412e-07
"ENSG00000297052.1",25.4898556788964,4.74151927088219,0.830062344842246,5.71224474925835,1.11495576528275e-08,4.01071105462412e-07
"ENSG00000174428.19",683.044325804914,-1.69307968697954,0.296850440758223,-5.70347708649187,1.17387824501655e-08,4.2152713722976e-07
"ENSG00000163513.20",9161.10077223856,-1.98234206111873,0.348014699704531,-5.6961446249304,1.2254693520665e-08,4.39283629279223e-07
"ENSG00000130307.12",451.623300798258,-3.66101771911209,0.643322248017442,-5.6907991762984,1.26446153264191e-08,4.52469795205756e-07
"ENSG00000302231.1",40.288975620264,5.76765613763015,1.01389409849422,5.68861791995433,1.28071660402016e-08,4.57488035693891e-07
"ENSG00000224373.3",1915.65824851327,5.99453330578521,1.05402008506249,5.68730462610666,1.29060120699762e-08,4.6021716779616e-07
"ENSG00000255571.10",308.296492004468,4.59721115807522,0.809335566265231,5.68022875763333,1.34514713064893e-08,4.78835013312947e-07
"ENSG00000198835.4",188.250537176025,-2.89544279332419,0.51023921334389,-5.67467712712375,1.38950478193192e-08,4.93767869128805e-07
"ENSG00000182272.12",215.758968376521,3.31796214790267,0.584849503066095,5.67318965051372,1.40162910190622e-08,4.9721458660009e-07
"ENSG00000232234.5",21.9286741835346,-4.98600548004121,0.879077047543158,-5.67186402372362,1.4125207548614e-08,5.00212876643836e-07
"ENSG00000213862.4",45.9956909665836,-2.87057240519808,0.506242730488021,-5.67034790293351,1.42507835301659e-08,5.03789768107795e-07
"ENSG00000110427.17",130.81382464051,4.19725306805288,0.740467169690436,5.66838509505777,1.44149690933643e-08,5.08716912720036e-07
"ENSG00000112118.20",2343.55538755418,1.3550233766364,0.239120044461947,5.66670761409982,1.45567425674444e-08,5.12837542272989e-07
"ENSG00000094963.14",5124.05046423388,-4.73876477973398,0.837136679779921,-5.66068229262129,1.5077233291799e-08,5.30263450111574e-07
"ENSG00000173269.14",2772.3015707208,-3.04124872238645,0.537474798022622,-5.65840246570676,1.52788504734663e-08,5.36434161143754e-07
"ENSG00000164611.13",449.554569898274,2.61892189627944,0.463103635042939,5.65515296816146,1.55707534387677e-08,5.45748253860671e-07
"ENSG00000178726.7",5960.25303224653,-2.90690629848116,0.514183406288823,-5.65344245443874,1.57265779902019e-08,5.50269206674231e-07
"ENSG00000163710.9",342.895452621847,-3.56892112549902,0.632238167169797,-5.64489983493916,1.65277445473109e-08,5.76334820064733e-07
"ENSG00000251546.1",628.041138860483,5.5390988847366,0.981209106078993,5.64517680321107,1.65011583163196e-08,5.76334820064733e-07
"ENSG00000104783.15",681.203762166635,2.81320188967662,0.498878327764893,5.6390541202311,1.70986794174229e-08,5.95231447835041e-07
"ENSG00000091409.17",2808.57685050938,-1.81160347879567,0.321306086206253,-5.63824825164614,1.71788732910694e-08,5.96490250791335e-07
"ENSG00000164171.11",3089.93640155738,2.60932780524778,0.462826058448142,5.63781523883264,1.72221141469211e-08,5.96490250791335e-07
"ENSG00000253341.1",18.6551175207139,4.57979155079377,0.812305585890634,5.63801558224219,1.72020946406761e-08,5.96490250791335e-07
"ENSG00000068489.13",415.232308035905,2.38963723828736,0.424013636726503,5.63575562506903,1.74292393367823e-08,6.02646076494747e-07
"ENSG00000125895.6",191.490223530004,-3.87369691152308,0.687390642499436,-5.63536462678317,1.7468832387296e-08,6.02932432329775e-07
"ENSG00000169612.4",293.774741578844,1.39471599738961,0.247505384361311,5.63509355963583,1.74963322881494e-08,6.02932432329775e-07
"ENSG00000189325.7",39.1841051351159,5.87210059050846,1.04334560955477,5.62814520589614,1.82157719020044e-08,6.2667145483003e-07
"ENSG00000164879.7",410.8652708974,-3.46694592370126,0.616053518828787,-5.62767002823465,1.82660081169103e-08,6.27347119646783e-07
"ENSG00000064999.16",2044.8372605395,-1.22727784108059,0.218113075361908,-5.62679628006809,1.83587329098564e-08,6.2947735716337e-07
"ENSG00000071564.19",2670.7923520973,1.41892019248903,0.252311120600335,5.62369264229389,1.86918100310125e-08,6.3982783451733e-07
"ENSG00000289926.2",54.9737876482065,-3.8862440903817,0.691329525747565,-5.62140621171841,1.89409318535199e-08,6.47274777874288e-07
"ENSG00000128918.15",258.249309694705,-2.39925097565445,0.426852964655199,-5.6207902353273,1.90085959499907e-08,6.48506241861247e-07
"ENSG00000156802.13",1001.33751600066,1.97546947402801,0.351919856646442,5.61340724803906,1.98380959199512e-08,6.75681592595814e-07
"ENSG00000211935.3",623.888149209172,5.16671424550458,0.920518730520218,5.61282902150691,1.99045251883753e-08,6.76819874730426e-07
"ENSG00000133401.16",1190.45414452031,-3.21805969848181,0.573709229787055,-5.60921723305074,2.03243778536679e-08,6.89952058794051e-07
"ENSG00000169894.18",289.824736044182,5.04129850485143,0.899034896524409,5.60745586666396,2.0532234544666e-08,6.95856094386498e-07
"ENSG00000173597.9",137.45283438425,-3.69267147476298,0.658933381847671,-5.60401335929985,2.09444554247985e-08,7.0865530367998e-07
"ENSG00000262772.3",48.3393263944489,5.0875921901588,0.908374020688437,5.60076804739861,2.1340413559648e-08,7.20862997738092e-07
"ENSG00000144481.17",49.0351446565905,5.4012847471666,0.964486604008337,5.60016564742242,2.14147073109252e-08,7.2218282681449e-07
"ENSG00000182575.8",288.506769586923,-3.50791348111316,0.626654469313613,-5.5978432340161,2.17034866452532e-08,7.30719688299298e-07
"ENSG00000161835.11",2249.23427692471,-3.46372594911709,0.618811142207193,-5.59738781813555,2.17605567661673e-08,7.31440091694255e-07
"ENSG00000231943.12",31.1863181006582,-4.33524995288519,0.774585036094303,-5.59686767865393,2.18259158897092e-08,7.32436300167918e-07
"ENSG00000132376.20",1419.87629844077,-1.40041706805383,0.250296321498062,-5.59503655376202,2.20575291847253e-08,7.38999311117006e-07
"ENSG00000173227.14",103.820900432174,4.57520670195041,0.818410657966096,5.59035571863232,2.26604908555208e-08,7.57961997555625e-07
"ENSG00000286909.2",82.2859899516525,3.22281153039844,0.576730567381522,5.5880712982332,2.29605379895185e-08,7.66747346803073e-07
"ENSG00000071967.12",7872.25726156079,-2.4156617550669,0.432315064644737,-5.5877343923974,2.30051139056561e-08,7.66986756945646e-07
"ENSG00000197576.15",72.2758614950728,-3.78689084023013,0.677780201076627,-5.58719601755082,2.3076520549802e-08,7.68118469729122e-07
"ENSG00000241158.7",103.464193195676,-3.77463581537533,0.676111739701898,-5.5828579711389,2.3659795685516e-08,7.86256808323857e-07
"ENSG00000151892.16",261.982738728188,-3.64666026448681,0.653285552995412,-5.58203108543626,2.37725874230104e-08,7.8872675165276e-07
"ENSG00000091137.14",34.4983424167241,-3.06181705635677,0.548545766034849,-5.58169845788628,2.38181066849315e-08,7.88960354552239e-07
"ENSG00000170312.17",525.393604173133,2.15533915300619,0.386259779032239,5.58002481751096,2.40484269535394e-08,7.95304752024795e-07
"ENSG00000175886.10",29.184748357563,-2.9029986867859,0.520398728198649,-5.5784123393894,2.42723740789568e-08,8.01418290040146e-07
"ENSG00000172201.12",1410.90912406666,-2.92914775444599,0.525276255347681,-5.57639475347536,2.45554361301055e-08,8.09460872044507e-07
"ENSG00000109674.4",70.259752908526,3.99278091074328,0.716153017619529,5.57531814082857,2.47077903268752e-08,8.13175815188201e-07
"ENSG00000164167.12",350.461590529129,-1.27004282643922,0.227926721482104,-5.57215414752911,2.51608639588565e-08,8.26760183673707e-07
"ENSG00000111602.12",842.288299721268,1.7114806931759,0.307190385695052,5.57140058046896,2.52699553990645e-08,8.29016264803868e-07
"ENSG00000137573.14",4977.63255757219,2.64685645166703,0.47536854062861,5.56800929267831,2.57666086304029e-08,8.4261330679072e-07
"ENSG00000150275.20",74.581261614857,-4.52477440831793,0.812613209704552,-5.56817727583217,2.57417861048521e-08,8.4261330679072e-07
"ENSG00000182132.15",24.3437308688951,-4.30079100300141,0.772648452450349,-5.56629731071361,2.60209130235686e-08,8.49574523304538e-07
"ENSG00000144452.15",115.22637599303,6.38694771813581,1.14890530944026,5.5591593716696,2.71077086339216e-08,8.82931217658554e-07
"ENSG00000258498.11",259.504634480623,-4.04935132795534,0.728428425104563,-5.55902431645781,2.71286903591928e-08,8.82931217658554e-07
"ENSG00000163421.9",90.13454744825,-5.15063879285402,0.926762464797209,-5.55766875386032,2.73401608023433e-08,8.88403577006731e-07
"ENSG00000248491.7",39.7631948078959,-3.24377987038245,0.583899375143912,-5.55537479310192,2.77016722967345e-08,8.98726406285196e-07
"ENSG00000108387.16",649.421896939668,-2.42393908530711,0.436831955279414,-5.54890514764807,2.87464074435465e-08,9.31147453747989e-07
"ENSG00000277150.2",76.0450649648448,2.97235802715991,0.53573887420522,5.54814699898241,2.88713093424997e-08,9.33718181007278e-07
"ENSG00000007968.7",136.709843411154,2.86601706570358,0.516604432727969,5.54779805231125,2.89289736785416e-08,9.34109726464279e-07
"ENSG00000136826.15",4830.28932326912,-3.63354981734867,0.655525060582093,-5.54296095731588,2.9739919214489e-08,9.58785068512394e-07
"ENSG00000107295.10",37.5134562764269,-4.38873020081162,0.792180620731315,-5.54006256396437,3.02363604669474e-08,9.732595526127e-07
"ENSG00000141448.11",982.486023308106,-2.83964346659036,0.512909141287586,-5.53634793769095,3.08843735701666e-08,9.92559867841217e-07
"ENSG00000183117.20",28.1785843732997,-5.66532767029743,1.02349435706188,-5.53527982954469,3.10731847019004e-08,9.97065069057537e-07
"ENSG00000164418.22",118.518456727643,3.80599299195314,0.687703729116765,5.53434979455655,3.12385000711774e-08,1.00080344603035e-06
"ENSG00000164694.17",1447.1767957142,4.78416049825475,0.865035983846595,5.53059131364779,3.19153107303225e-08,1.02089162435964e-06
"ENSG00000111665.12",315.025213040005,4.01865089514472,0.726900056052981,5.52847789965202,3.23021108808803e-08,1.03165495560992e-06
"ENSG00000224041.3",244.084717747363,5.48854617197843,0.993507255967916,5.52441478309211,3.30585639751778e-08,1.05417231064859e-06
"ENSG00000138778.14",220.0003911644,2.80792638627879,0.508414939504958,5.52290298356074,3.3344387406982e-08,1.06163558911919e-06
"ENSG00000211945.2",538.44821327015,5.37529642233221,0.973795952499575,5.5199412243753,3.39113070936331e-08,1.07801153588814e-06
"ENSG00000104332.12",363.982010351385,-3.677414084105,0.667707383631458,-5.50752346649914,3.63916912425725e-08,1.15507002668376e-06
"ENSG00000144837.9",544.597858549748,-2.53133162409535,0.459702317079228,-5.5064582666854,3.6612470654843e-08,1.16028145024251e-06
"ENSG00000172889.16",4386.15846662256,-3.40564574303618,0.618529740137192,-5.50603394152202,3.67007800411245e-08,1.16128517586916e-06
"ENSG00000126861.5",181.74192668606,-3.70589514983651,0.673222124008586,-5.50471384952471,3.69768369888547e-08,1.16821735842754e-06
"ENSG00000247675.9",21.8113820631265,-4.10910267674465,0.746512490189594,-5.50439909679348,3.70429546363841e-08,1.16850575671449e-06
"ENSG00000124602.11",413.461550763799,3.56248354714367,0.647344683794234,5.50322515396766,3.72905684255285e-08,1.17450970045628e-06
"ENSG00000274576.2",281.560579936851,5.3686978744409,0.977089462015914,5.49458169711942,3.91637593943056e-08,1.23161613898902e-06
"ENSG00000124237.6",358.562785569917,-6.53924999721879,1.19048334452246,-5.49293698841447,3.95303864757977e-08,1.23934410443388e-06
"ENSG00000145990.11",707.523106972132,-2.84059136643274,0.517116472161552,-5.49313649700431,3.94857366584042e-08,1.23934410443388e-06
"ENSG00000110799.14",18000.9199140049,-3.18098748703,0.579252708948581,-5.4915366607502,3.98451590696062e-08,1.24661232773793e-06
"ENSG00000265681.8",361.920273612924,1.66605065502968,0.303394605931247,5.49136544440489,3.98838122803394e-08,1.24661232773793e-06
"ENSG00000188487.12",25.0977653409332,-4.91012906361023,0.894601344883257,-5.48862249279426,4.0508031301697e-08,1.26419585054794e-06
"ENSG00000225383.9",842.582402535056,-4.04263916856124,0.737347351669961,-5.48267944464082,4.18931708653297e-08,1.30543704471538e-06
"ENSG00000169291.10",1213.15770339573,-3.02639905892739,0.552730433061883,-5.4753617277096,4.3661878351476e-08,1.35848733492969e-06
"ENSG00000168952.16",653.558962313047,-3.62538130191536,0.662213185267202,-5.47464378929955,4.38392551030292e-08,1.36193952520077e-06
"ENSG00000182481.10",1640.70034245301,2.09281004558905,0.382362814440906,5.47336186090474,4.41577124366412e-08,1.36975754281527e-06
"ENSG00000237686.9",89.9604493699279,4.14784446969364,0.758289383356141,5.47000203449446,4.50030412978787e-08,1.39387063258566e-06
"ENSG00000251141.7",71.1862083086023,-2.20327333206301,0.403068577354548,-5.466249308055,4.59657731193094e-08,1.42154179794619e-06
"ENSG00000141934.10",2233.21718633252,3.49983508243987,0.640301307493046,5.46591900013867,4.60514605926294e-08,1.42204690962541e-06
"ENSG00000118729.15",141.88795693635,-4.39789314623038,0.804784200591704,-5.46468623886614,4.63726292961678e-08,1.42981111441898e-06
"ENSG00000137834.15",2667.10980652823,-3.28287765219821,0.601157952056676,-5.46092360745934,4.73663848340034e-08,1.45825879074536e-06
"ENSG00000074660.17",1570.71968120946,-2.10555070576962,0.385615185731175,-5.46023803958143,4.75496613114127e-08,1.46100772392981e-06
"ENSG00000203805.11",102.388364624635,6.0118017786325,1.10105110951338,5.46005696437606,4.75981837487863e-08,1.46100772392981e-06
"ENSG00000066248.15",178.137007699745,3.86167781146326,0.707621326298816,5.45726600929568,4.83521707112191e-08,1.48193259830021e-06
"ENSG00000296680.1",24.7451110642425,-6.50413154350932,1.19211263894215,-5.45597062814543,4.87060442925315e-08,1.49055034652846e-06
"ENSG00000175899.15",71619.6256844023,-2.738497916926,0.502355653421474,-5.45131302549195,4.99992723476075e-08,1.5278466173105e-06
"ENSG00000133874.2",958.964660595249,-2.66812263123368,0.489573417312575,-5.44989277783883,5.04001964591503e-08,1.53780599434288e-06
"ENSG00000096080.12",311.790618046613,1.65750644864611,0.304192372868213,5.44887576574512,5.06892032711323e-08,1.54432603844175e-06
"ENSG00000181409.14",1458.94549142921,-1.63714819162172,0.300600288367799,-5.44626287789382,5.14390980859031e-08,1.56484757737887e-06
"ENSG00000163431.14",1100.89471244756,-3.04848033505933,0.55997407527494,-5.44396690786545,5.21069043469889e-08,1.5828147655269e-06
"ENSG00000163734.4",1285.72183977836,-4.22044221522531,0.775340749788795,-5.44333857903762,5.22911197462897e-08,1.58606082733421e-06
"ENSG00000211965.4",262.404615546302,5.06124694231923,0.929887108582709,5.44286171472293,5.24313494567415e-08,1.58796512446237e-06
"ENSG00000108821.14",120321.72973057,4.69427042709414,0.863605013093769,5.4356683390216,5.45914167608136e-08,1.65094750628868e-06
"ENSG00000231439.5",43.6326756433983,3.93820591299782,0.724738351920369,5.43396924222734,5.5114085086262e-08,1.66429926451946e-06
"ENSG00000211947.2",1522.76844182743,5.38585532641044,0.992126057955727,5.42859980666971,5.67978805337496e-08,1.71262315068235e-06
"ENSG00000105613.10",55.5475237407522,3.11797508853087,0.57568069222732,5.41615366057764,6.08947732845422e-08,1.83346025172725e-06
"ENSG00000152779.14",64.6823171746493,-3.26764579477332,0.603372982230049,-5.41563160931766,6.10727297230146e-08,1.8361220678016e-06
"ENSG00000135441.8",194.917306896595,-1.99250534470606,0.368155730579731,-5.41212638892916,6.22807032525013e-08,1.86757861768549e-06
"ENSG00000233117.5",137.984722420974,-3.46859557223746,0.640900280804312,-5.41206748713617,6.23011985220873e-08,1.86757861768549e-06
"ENSG00000103241.7",1147.88127253042,-3.76329545340637,0.695546988672637,-5.41055531070323,6.28296133374178e-08,1.88066918521228e-06
"ENSG00000125319.15",109.708565229746,2.51233743428838,0.464399646872601,5.40986077661164,6.30737639951913e-08,1.88522515591458e-06
"ENSG00000173898.16",1448.8653613753,3.55175170406711,0.656892552823995,5.40689902602496,6.41252700351553e-08,1.91386395458635e-06
"ENSG00000154359.13",879.389838112071,-1.96799559377243,0.364043796142843,-5.40593086497821,6.44726633014297e-08,1.92143530280889e-06
"ENSG00000229140.13",41.3335735385765,4.44935761068324,0.82321824214045,5.40483359444813,6.48685876425253e-08,1.93042891294969e-06
"ENSG00000282840.1",17.3741281920395,-4.99254051104306,0.924195161367209,-5.40204138664537,6.58867431029634e-08,1.95788663852632e-06
"ENSG00000220749.4",61.2566377071262,-2.65338159012209,0.491302243525612,-5.40071132401366,6.63771666148541e-08,1.96960553440082e-06
"ENSG00000122691.13",108.959417511332,4.17191586264457,0.772677071445846,5.3993007128295,6.69011538868524e-08,1.97942461658878e-06
"ENSG00000151725.12",267.542381711985,2.5706712971303,0.476098667343863,5.39945073039582,6.68452383357679e-08,1.97942461658878e-06
"ENSG00000205038.12",588.113087093115,-4.57956742849546,0.848412672357629,-5.39780648934608,6.74605698258948e-08,1.9931001782567e-06
"ENSG00000100234.12",27360.5034647639,-2.28135917830332,0.422746744592065,-5.39651507075412,6.79477068728161e-08,2.00460400247514e-06
"ENSG00000109475.18",7987.80474020628,-1.32820341369331,0.246253049785875,-5.39365264652854,6.90396215906874e-08,2.03389138088427e-06
"ENSG00000289251.3",114.211672883709,-4.8496530245393,0.899752991033618,-5.38998266509581,7.04644804249556e-08,2.07288910564317e-06
"ENSG00000127423.11",62.4599344398485,3.62678858295174,0.672995180985792,5.38902608134471,7.08405258416528e-08,2.08096581927973e-06
"ENSG00000291114.2",105.210738490572,-3.12297504029377,0.579814125151387,-5.38616585009614,7.19765517099367e-08,2.11131218349148e-06
"ENSG00000135547.9",134.122792807301,-2.02883063848589,0.376965162424418,-5.38201096737334,7.3658275853228e-08,2.15755612584941e-06
"ENSG00000182899.17",8994.59391283944,-1.65706396974032,0.307966507069016,-5.3806629347813,7.4212034591266e-08,2.17067554530573e-06
"ENSG00000171320.15",86.7828816606857,3.01380170986774,0.560185420649078,5.38000740250557,7.44827759535881e-08,2.17549122243927e-06
"ENSG00000290871.2",198.114047697458,1.78216156145864,0.331339454238251,5.37865786480461,7.50431636743426e-08,2.18874114932962e-06
"ENSG00000196972.9",72.9182582083191,-2.37271878066454,0.441212180711513,-5.3777272804169,7.54319598753898e-08,2.19695583137073e-06
"ENSG00000107968.10",1652.98717082987,-2.44488946772714,0.454692979309051,-5.3770116957653,7.57322557983445e-08,2.20257329487838e-06
"ENSG00000289404.3",80.2753793795971,-4.79200848339342,0.891580039718295,-5.37473728652283,7.66944223541518e-08,2.22739721805882e-06
"ENSG00000171631.16",702.978606618354,3.03928400610253,0.565755150971233,5.37208366708635,7.78319780574615e-08,2.25723745132983e-06
"ENSG00000136546.17",1991.98796897457,-5.02443785723048,0.935376244504058,-5.37156880640524,7.80545737963187e-08,2.2604957360448e-06
"ENSG00000137648.20",682.9885913911,5.27860908068294,0.983279442776212,5.36837123918629,7.94508827842481e-08,2.29768815318508e-06
"ENSG00000079308.21",12880.7316341067,-2.02921581090743,0.37820689686826,-5.36535908707731,8.07883312732863e-08,2.33307597806685e-06
"ENSG00000104321.11",19.690011333049,3.60136214416702,0.671626043101277,5.36215380740374,8.22354707430283e-08,2.37152755571737e-06
"ENSG00000136492.10",160.104484031155,2.79488747462784,0.521311582863695,5.36126103178992,8.26429957009129e-08,2.37993256158921e-06
"ENSG00000173915.16",953.147571141122,-1.45525165298536,0.271597670298208,-5.35811537480247,8.40945350100699e-08,2.41833709094877e-06
"ENSG00000154262.13",546.839864640249,-2.7644289208894,0.516090670488129,-5.35647915951425,8.48592830299136e-08,2.43691139950329e-06
"ENSG00000089505.18",35.7718959613309,2.40280065932317,0.449094491317336,5.35032316311651,8.77973078110961e-08,2.51424022256804e-06
"ENSG00000261634.5",45.7541003396618,-3.18526396294992,0.595321292863857,-5.35049560822336,8.77136815242117e-08,2.51424022256804e-06
"ENSG00000100427.16",57.1486386604924,-3.67866592644251,0.688254212141589,-5.34492322974077,9.04553834709427e-08,2.58674641936989e-06
"ENSG00000291084.2",43.6598017349706,2.91591363093333,0.546512463188581,5.33549338275047,9.5285104230573e-08,2.72106654198283e-06
"ENSG00000178919.9",30.3039798818235,5.12529738762577,0.960707664006148,5.33491881000855,9.55873178887872e-08,2.72590036994672e-06
"ENSG00000185760.18",222.018732766772,4.59198820740555,0.860902311164997,5.33392482265675,9.61123276001984e-08,2.73706550710343e-06
"ENSG00000272141.1",205.062854595035,3.3855866297195,0.63481208236691,5.33321076230349,9.64912057227875e-08,2.7440439419418e-06
"ENSG00000135604.11",1307.62159883446,-2.66051065809176,0.499053045419147,-5.3311179693478,9.76099818179413e-08,2.77201532852503e-06
"ENSG00000203985.11",225.541783566984,-6.38087065253679,1.19714348656,-5.33008008160513,9.81694688561719e-08,2.78404811815622e-06
"ENSG00000137825.11",133.180976617306,4.92000324619088,0.923158189750214,5.32953431038957,9.84649180948675e-08,2.78857000085244e-06
"ENSG00000198959.12",20211.4719897283,-2.16874942485388,0.407043781830711,-5.32804951619642,9.92730631333284e-08,2.80757915377347e-06
"ENSG00000182255.7",18.9878427251972,-6.81176195122527,1.27866418141574,-5.32724858506887,9.97116564921844e-08,2.81609890456715e-06
"ENSG00000250510.8",331.923268636949,-2.42702637202839,0.455817801235981,-5.32455372617598,1.01201188184762e-07,2.85423543678178e-06
"ENSG00000103313.14",216.210991466346,-2.69684213360151,0.5065854555272,-5.3235680262374,1.01751376269462e-07,2.86581074042452e-06
"ENSG00000144230.17",113.056136057022,-3.76641964891421,0.707586471247453,-5.32291077057216,1.02119844293364e-07,2.87224319258044e-06
"ENSG00000168546.11",50.5823670204753,-3.5811687698458,0.672933851139092,-5.32172480814254,1.02787984059359e-07,2.88707510294945e-06
"ENSG00000152492.15",2436.89964110923,-1.43326593664429,0.2693367610894,-5.32146421768454,1.02935359780369e-07,2.88725939389424e-06
"ENSG00000171992.13",5675.07767110423,-2.23964991922527,0.421105728954369,-5.31849786225055,1.04627449279295e-07,2.9307120492113e-06
"ENSG00000120907.18",74.6803214512644,-5.05686390034222,0.951296486851265,-5.31576009187224,1.06213015057925e-07,2.96347913040177e-06
"ENSG00000143217.9",886.995337811425,3.23684479451242,0.608888130005793,5.31599260192774,1.06077459432948e-07,2.96347913040177e-06
"ENSG00000284690.3",31.2573112024592,-2.85006826709829,0.536157501401335,-5.31572953777419,1.06230840852775e-07,2.96347913040177e-06
"ENSG00000261863.2",21.809436330951,-5.7684786382711,1.08546906301849,-5.31427272761698,1.07084137789251e-07,2.98322440384619e-06
"ENSG00000090006.18",9991.99179394928,-2.58395661835151,0.48632428809118,-5.31323785717863,1.076943179655e-07,2.99615236847303e-06
"ENSG00000146410.12",73.4585298498766,2.37432054307144,0.447188780750084,5.30943674188094,1.09964541170318e-07,3.05516660183766e-06
"ENSG00000035664.11",1176.19275719663,-2.45623117747666,0.462711165297197,-5.30834646252601,1.10624214502394e-07,3.06933544540877e-06
"ENSG00000125534.11",7037.38910347998,1.73951314924839,0.327758084857855,5.30730813246849,1.11256015270196e-07,3.07853351835371e-06
"ENSG00000156920.11",18.4755033975077,-6.76750815342937,1.27509516369511,-5.30745339337476,1.11167417611916e-07,3.07853351835371e-06
"ENSG00000227615.1",119.360454713852,-1.91293352044914,0.360480121683911,-5.30662692720269,1.11672408979009e-07,3.0858909349132e-06
"ENSG00000211659.2",1592.95376004227,5.38960210418861,1.01614932949309,5.3039469177992,1.13325278642925e-07,3.12735062354582e-06
"ENSG00000221829.11",460.559182021398,1.55670438594203,0.293809639939193,5.29834346573586,1.16857995906042e-07,3.22050584416328e-06
"ENSG00000167996.16",7307.13994450482,2.971168325308,0.56080334762605,5.29805739906032,1.17041177925722e-07,3.22122458011947e-06
"ENSG00000131409.13",165.8325992275,-2.93071890768779,0.553295929566254,-5.29683800490864,1.17825134964819e-07,3.23845384359067e-06
"ENSG00000134531.10",11555.3814679509,-2.30650868977384,0.435582247267774,-5.29523116298153,1.1886594748206e-07,3.26268726529071e-06
"ENSG00000084453.17",240.054513154544,-5.56594532705534,1.05149899189209,-5.29334347438591,1.2010004164228e-07,3.29215408266486e-06
"ENSG00000136295.16",7382.09442999586,2.37241199930693,0.448224479367486,5.29291037976053,1.20384924856581e-07,3.29555740889098e-06
"ENSG00000278259.5",1197.82041491671,1.87461707942194,0.354310311233142,5.29089055550633,1.217221932497e-07,3.32772246718912e-06
"ENSG00000114270.18",5225.06110335246,5.1849881197067,0.980078525339732,5.29038029673121,1.22062288556112e-07,3.33257678369443e-06
"ENSG00000167670.16",643.470132757888,1.56361713349668,0.295790289776412,5.28623551056601,1.24859126475275e-07,3.40440362932054e-06
"ENSG00000104918.8",244.320437389096,-3.9973475227776,0.756298256539242,-5.2854115267555,1.25422479072264e-07,3.41522245803149e-06
"ENSG00000161800.13",674.083712681355,1.73046819739347,0.327425051349098,5.28508185388802,1.25648562457095e-07,3.41684101408526e-06
"ENSG00000261468.2",84.1730069937628,-2.54989272489234,0.482983242563408,-5.2794641722121,1.29562208977294e-07,3.51860070578865e-06
"ENSG00000144120.13",189.04353858145,1.713647734701,0.325044556976865,5.27203947249288,1.34916050985259e-07,3.6591517320129e-06
"ENSG00000092051.18",154.406778805133,-2.83348625985048,0.537712891082433,-5.26951521312161,1.36784534445903e-07,3.7049274693247e-06
"ENSG00000158458.21",44.2028226567314,-2.68804699895177,0.510677992743696,-5.2636828630696,1.41197930185569e-07,3.81942263921491e-06
"ENSG00000180440.4",122.270497521476,-5.19309629751197,0.98666052819342,-5.26330601977212,1.41487779719661e-07,3.82222059996301e-06
"ENSG00000141933.9",264.964795975616,-1.57484597119154,0.299243524955206,-5.26275705189373,1.41911049179656e-07,3.82861072681535e-06
"ENSG00000224650.2",976.269423196609,5.10116785390531,0.970049152039113,5.25866946348264,1.45101432114234e-07,3.90953976881769e-06
"ENSG00000163362.11",895.081378068846,2.69429488597749,0.512788681027177,5.25420116641518,1.48668316934698e-07,4.00038736276779e-06
"ENSG00000132026.15",17.8941780637205,5.70204650657575,1.08534685003792,5.25366292478441,1.49103656416094e-07,4.00684321252372e-06
"ENSG00000254122.3",187.614091543024,-2.28432116785113,0.434830667901119,-5.25335799997111,1.49350831876793e-07,4.00823227330074e-06
"ENSG00000257894.3",120.116912576929,-3.28562615248098,0.625482749104699,-5.25294447718014,1.49686671272701e-07,4.01199412781105e-06
"ENSG00000171124.14",1141.79345659098,3.73591581829089,0.711508850256921,5.25069479731963,1.51526565310015e-07,4.04018295853907e-06
"ENSG00000181873.13",369.106468735064,-1.15025491298654,0.219043502979714,-5.25126240833114,1.51060293958712e-07,4.04018295853907e-06
"ENSG00000228027.1",13.7069236204308,-6.33885463449604,1.20722613036901,-5.2507599653749,1.5147296152978e-07,4.04018295853907e-06
"ENSG00000261371.6",14079.5426088557,-2.41979011353435,0.460847413012823,-5.25074036483094,1.51489081967268e-07,4.04018295853907e-06
"ENSG00000273162.2",41.7692611150619,2.33212727387736,0.444559718810892,5.24592574449915,1.55499526569294e-07,4.1407302503595e-06
"ENSG00000011009.12",1626.81731147674,1.16634303946432,0.222479148787957,5.24248247900281,1.58430440240631e-07,4.21330447042011e-06
"ENSG00000156413.15",229.792475313677,5.73015890462729,1.09320222877631,5.24162753586902,1.59166406752714e-07,4.22739378763944e-06
"ENSG00000230316.8",59.2486396746322,4.9037077441958,0.935758446265306,5.24035638018222,1.60266779640831e-07,4.25111261287918e-06
"ENSG00000174749.6",742.603555122353,-2.40240006447554,0.458508930597223,-5.23959274107559,1.60931355116394e-07,4.26322545905238e-06
"ENSG00000186832.9",49.916938994729,7.24620508621207,1.38306795844727,5.23922562297457,1.61251796273696e-07,4.26620236231725e-06
"ENSG00000150938.10",4374.31914022646,-1.82114668529468,0.347882703258669,-5.23494461850425,1.6503434018633e-07,4.36064962780994e-06
"ENSG00000096063.16",751.162549071675,1.43388801654835,0.274011020557449,5.2329574687589,1.66819134374258e-07,4.4021358188028e-06
"ENSG00000176435.7",2762.38530633834,-3.06421955768194,0.585666410255944,-5.23202202486367,1.67665766998336e-07,4.41879034258853e-06
"ENSG00000181195.11",40.0651683487735,-2.75266381198415,0.526359959865798,-5.22962235327697,1.69856655198853e-07,4.47078415686429e-06
"ENSG00000179270.7",11.7731028047423,-6.85172848222271,1.31157256839476,-5.22405595186289,1.75045848235907e-07,4.60146163106286e-06
"ENSG00000166856.3",29.8098063786152,-3.10809163658517,0.595045887954221,-5.22328058978921,1.75780719162757e-07,4.61486282421661e-06
"ENSG00000259706.1",24.8732808382197,2.72737629130946,0.52249846678514,5.21987424784348,1.79044660634179e-07,4.69454184353351e-06
"ENSG00000261327.6",27.3608931098516,5.68095845502117,1.08859872073129,5.21859740125805,1.80283163303024e-07,4.7209782635571e-06
"ENSG00000134962.7",77.4688012187639,-3.46636251649782,0.664378565045779,-5.21745086140606,1.81402326551723e-07,4.7442261525721e-06
"ENSG00000287059.1",34.3260494589026,-4.04852659938316,0.776381991291968,-5.21460652718909,1.84207819860508e-07,4.81146132282784e-06
"ENSG00000003249.15",501.615821134387,3.08066356280827,0.591388536683096,5.20920405404997,1.89652448117319e-07,4.94737124198157e-06
"ENSG00000204382.12",232.002045796949,6.19513865347036,1.189645855629,5.20754863656025,1.91351691950526e-07,4.98535589803506e-06
"ENSG00000253665.3",32.976942159881,-3.23782347701339,0.621850233353965,-5.20675767788991,1.9216877733665e-07,5.00029011486127e-06
"ENSG00000169962.5",380.872238291518,4.35747673555581,0.837198826827304,5.20482900348672,1.94175321713162e-07,5.04609733384877e-06
"ENSG00000106305.10",550.017837149109,2.10293811052193,0.404177638566408,5.20300459466514,1.96092019490531e-07,5.08945666789095e-06
"ENSG00000068976.14",99.0443209942494,-2.65284805876305,0.51005114188402,-5.20114129921167,1.98068441555175e-07,5.13425452041379e-06
"ENSG00000137310.13",705.549906587519,1.66695830188792,0.320607354422214,5.19937636768204,1.99958274647483e-07,5.17669755476263e-06
"ENSG00000141469.18",188.898517176118,-4.04874007453921,0.779396112410698,-5.19471422819434,2.05034547522669e-07,5.30142290341085e-06
"ENSG00000170214.5",62.1979163116365,-3.07795562439532,0.592996470072637,-5.19051255738216,2.09715977614912e-07,5.4156377896929e-06
"ENSG00000174099.12",2037.33786449424,-2.47699557433007,0.477265812912989,-5.18997067737106,2.10327199530886e-07,5.42458981029091e-06
"ENSG00000130595.20",36.6873646057799,-3.43998476829001,0.663523300416914,-5.18442195794564,2.1668585396331e-07,5.58156626842174e-06
"ENSG00000243004.8",38.3497911339488,3.89567691176137,0.751827554377164,5.1816096511502,2.19979207585459e-07,5.65928942576191e-06
"ENSG00000162073.14",439.623481985393,2.4313629899125,0.469292362361603,5.18091318954616,2.20802241525618e-07,5.67334481233243e-06
"ENSG00000100297.16",1879.62975478774,1.62726413621126,0.314150998204863,5.17987892927239,2.22029957056541e-07,5.6977499868427e-06
"ENSG00000162873.15",215.184679114312,5.20978374485966,1.00617157428828,5.17782839228473,2.24483572954247e-07,5.75351397481735e-06
"ENSG00000128944.14",365.57137998464,1.95674113636918,0.37835125055635,5.17175807795498,2.31901700396234e-07,5.93622030577326e-06
"ENSG00000170775.3",267.166456439327,4.62815370979742,0.895706671299962,5.16704168685097,2.37828233377929e-07,6.08033677952749e-06
"ENSG00000184226.15",211.168154306312,-3.24904425507039,0.628869686768359,-5.16648253752953,2.38540477512286e-07,6.09095137099865e-06
"ENSG00000109686.21",2645.7353722132,-1.88449871380738,0.365001925556457,-5.162982937513,2.43045301693938e-07,6.19825978349814e-06
"ENSG00000184445.12",703.363202958263,2.08719609155635,0.404303472068271,5.16244909023166,2.43739675886847e-07,6.20824635327194e-06
"ENSG00000183578.8",245.833741872561,-2.41061348313618,0.467334049447404,-5.15822351482113,2.49303904374087e-07,6.34209336884155e-06
"ENSG00000187566.6",127.573882004394,2.17299316678663,0.421577814742815,5.15442959946143,2.54404112416872e-07,6.4638189851246e-06
"ENSG00000244215.3",33.9629646832874,-5.30936962101784,1.03043568547628,-5.1525482821024,2.56970427621262e-07,6.52094263359698e-06
"ENSG00000136114.17",575.74047428342,-3.0144865743773,0.585210801407095,-5.15111232931654,2.5894602780255e-07,6.56295346608588e-06
"ENSG00000159713.11",3187.94723049656,-3.47118268984984,0.674147945265571,-5.14899246408356,2.61889402140657e-07,6.62935839690374e-06
"ENSG00000049768.18",117.895015612189,2.63295963844745,0.511495866373527,5.14756777433015,2.63885673943768e-07,6.67076551793396e-06
"ENSG00000196584.4",83.3873899773526,2.51223188913375,0.48806206136574,5.14736155091382,2.64175848642332e-07,6.67076551793396e-06
"ENSG00000167964.13",125.542055464295,3.79075319459863,0.736569913215625,5.14649475438038,2.65398882194293e-07,6.69340551108461e-06
"ENSG00000111859.17",4686.36075979572,-2.21350944588186,0.430526661403141,-5.14139923104355,2.72699900223203e-07,6.86908937859528e-06
"ENSG00000107159.14",1300.52726505833,8.3436089551684,1.62436972664794,5.13652084146282,2.79871325622312e-07,7.04108179209801e-06
"ENSG00000253497.1",24.4496461751332,4.2924883417733,0.835717801600356,5.13628922771946,2.80216297192112e-07,7.04112127160181e-06
"ENSG00000165312.7",1501.70293934656,-2.41541371910423,0.470313935966068,-5.13574770890585,2.81024452676616e-07,7.04416305340016e-06
"ENSG00000185010.15",674.562056161902,-1.63794243431808,0.318920907603113,-5.13588916646521,2.80813126362291e-07,7.04416305340016e-06
"ENSG00000125740.15",25285.6148431286,-5.1715949985276,1.00727924006062,-5.13422176577008,2.83313876564995e-07,7.08663173788222e-06
"ENSG00000184500.16",2412.73604119181,-1.51034635773665,0.294189194776373,-5.1339287253046,2.83755591923591e-07,7.08663173788222e-06
"ENSG00000233760.4",36.0857338727054,-5.28954477538816,1.03027047540628,-5.13413215427946,2.83448882162522e-07,7.08663173788222e-06
"ENSG00000122707.12",858.14845645405,-2.01144998347569,0.391968423504047,-5.13166332505589,2.87192865391597e-07,7.16375001458552e-06
"ENSG00000107738.20",3064.07714620363,-1.768142185934,0.344576826731179,-5.13134386519095,2.87680802434583e-07,7.16720191144435e-06
"ENSG00000112183.15",33.0687040885746,-3.70897943719126,0.722901580554909,-5.13068381223375,2.88691492114837e-07,7.18365334262455e-06
"ENSG00000251230.8",97.5301644603685,-3.75506865382082,0.731980660982112,-5.13001074206329,2.89725644770875e-07,7.20064802470548e-06
"ENSG00000214402.7",100.625069190744,-3.74535847095158,0.730174448516058,-5.12940226621641,2.90663628315005e-07,7.21521432805189e-06
"ENSG00000148702.15",796.953073932872,6.21813694791596,1.21327103304093,5.12510129936167,2.97377817810807e-07,7.37295619878208e-06
"ENSG00000154734.16",9354.97767198654,-3.13709574185311,0.612536804503233,-5.12148122168316,3.03144931945531e-07,7.50686435339513e-06
"ENSG00000187741.16",399.390825351702,2.06005023864679,0.402301246825799,5.12066580678238,3.04458785837439e-07,7.5303051203991e-06
"ENSG00000251322.12",4006.32603281763,-2.89948189629974,0.566272213373413,-5.12029696641279,3.05054891823813e-07,7.53595843609091e-06
"ENSG00000288735.3",23.7483137603939,-4.15258097037258,0.811225881118617,-5.11889606461581,3.07329262062517e-07,7.58300744805037e-06
"ENSG00000175984.16",132.143201203964,-2.18023314834158,0.426134048957848,-5.11630824543017,3.11573727283791e-07,7.66927695585455e-06
"ENSG00000304403.1",15.7252263458916,-6.53355705876849,1.27697959626694,-5.11641460667686,3.11398166841527e-07,7.66927695585455e-06
"ENSG00000181392.17",475.42884895536,2.37759713495369,0.464972653863394,5.11341283234306,3.1638978946406e-07,7.77848470404206e-06
"ENSG00000229619.6",171.068446174119,-2.61889502161329,0.512750800709322,-5.10753960401505,3.26380704366358e-07,8.01450294889556e-06
"ENSG00000012171.20",2455.16594310008,-2.31774478767413,0.453843031044002,-5.10693043438937,3.27434223697901e-07,8.02219911496117e-06
"ENSG00000077063.11",131.01942301475,-2.40862992877583,0.471642532078275,-5.10689720488585,3.2749178629308e-07,8.02219911496117e-06
"ENSG00000100350.16",972.85139816611,2.00279437504909,0.392191067720542,5.10668023800122,3.27867872529139e-07,8.02219911496117e-06
"ENSG00000280339.1",123.231903619672,-3.37963671579879,0.661945635426732,-5.10561069508383,3.29727899549719e-07,8.05809398375143e-06
"ENSG00000132622.11",1219.83758315158,-2.91207719828751,0.570476461329338,-5.10464041145837,3.31424115533643e-07,8.0802854517263e-06
"ENSG00000300231.1",23.2488699867149,-3.53893143876682,0.693253939801501,-5.1048125882705,3.3112250853425e-07,8.0802854517263e-06
"ENSG00000225670.5",184.635474260283,-4.60184059908079,0.902245622368735,-5.10042995498191,3.38882778110224e-07,8.25231886267462e-06
"ENSG00000167900.12",731.65367020325,2.70291203896434,0.530127357034745,5.09860885897874,3.42158741821848e-07,8.32220977736082e-06
"ENSG00000166257.10",68.3470035825869,-3.25336910790197,0.638135384078626,-5.0982427695956,3.42820979136338e-07,8.32843762584298e-06
"ENSG00000095370.20",1389.67196683038,-2.30538995699918,0.452213430353491,-5.09801302273814,3.43237211354199e-07,8.32868139835087e-06
"ENSG00000129993.15",377.341457728501,-2.37010556357976,0.465027956851296,-5.09669478718601,3.45634903664737e-07,8.37694806707066e-06
"ENSG00000124942.14",34312.2681734767,-2.05501638476911,0.403357560106595,-5.09477592096211,3.49153978553939e-07,8.45224696135769e-06
"ENSG00000130226.18",39.4870172688926,-4.70442331488703,0.923428257877219,-5.09451955228398,3.49626752827154e-07,8.45371101411316e-06
"ENSG00000093217.11",146.862808075644,1.7476875808039,0.343483081605143,5.08813293696072,3.61605865710258e-07,8.73305850473867e-06
"ENSG00000149575.9",108.949388403292,-3.14227894850379,0.617601757588897,-5.08787241922881,3.62102823243962e-07,8.73477210328728e-06
"ENSG00000145247.12",1214.7432089213,1.80686871449352,0.355284683070598,5.08569268699513,3.66286739867811e-07,8.82531529289025e-06
"ENSG00000007174.18",267.08593306885,-5.69415415452542,1.12068624519232,-5.08095301334609,3.7554600919782e-07,9.03778799600011e-06
"ENSG00000154263.18",258.215680574498,-3.34351868025834,0.658297556289036,-5.07903857201972,3.79349693731922e-07,9.11862382213285e-06
"ENSG00000101842.14",174.174805990285,4.51784580501628,0.889686814493326,5.0780181648406,3.81392239242428e-07,9.15698650284162e-06
"ENSG00000225194.5",59.3250309147519,-2.82010934208994,0.555470831262812,-5.07697107277204,3.83499231371069e-07,9.18606102807523e-06
"ENSG00000299780.1",11.9946006978072,-6.13547712015194,1.20844133754321,-5.07718242461444,3.83073039630765e-07,9.18606102807523e-06
"ENSG00000198844.12",1066.35263260175,-2.88604370677701,0.568646621558768,-5.07528506696448,3.86915491257134e-07,9.25707728440639e-06
"ENSG00000101333.19",464.591002326672,-3.7053191900933,0.730501270973111,-5.07229670546281,3.93042929012565e-07,9.39271820101822e-06
"ENSG00000215595.3",32.2613135361505,-3.08148973312563,0.607693306091562,-5.07079755896033,3.96151994861436e-07,9.45599592856679e-06
"ENSG00000138316.11",288.218705424814,3.23549614267253,0.639649363633883,5.05823397414405,4.23157044540815e-07,1.00888512107731e-05
"ENSG00000217801.13",50.1448439335297,3.46760824493256,0.686008240547582,5.05476179435493,4.30928276445121e-07,1.02621990478871e-05
"ENSG00000198918.8",6211.03748479899,-1.50297187590341,0.297371634171543,-5.0541870951834,4.32227744551355e-07,1.02812037984698e-05
"ENSG00000228065.14",65.6532178257334,1.84222230713463,0.364802209755252,5.04992091021211,4.41993021817682e-07,1.05013034986672e-05
"ENSG00000283213.2",26.3621481070034,-3.77370660687345,0.747540360929895,-5.04816435888383,4.46075315492323e-07,1.05860280889521e-05
"ENSG00000176697.20",106.659271705776,-3.39592759522062,0.672911330617534,-5.04661972641203,4.49695135931499e-07,1.0659594297271e-05
"ENSG00000095917.15",190.728962446122,-3.43555275060722,0.680797612155952,-5.04636427811123,4.50296498814726e-07,1.06615235700891e-05
"ENSG00000152402.11",941.589648504039,-2.96654582673884,0.588010905398839,-5.04505239528963,4.53397106201411e-07,1.07225539395083e-05
"ENSG00000154920.15",110.395969971948,2.83313075649684,0.56171274814546,5.04373590567536,4.56529299861634e-07,1.07841898206946e-05
"ENSG00000267607.2",184.26603670832,-5.19253275540161,1.02981355972759,-5.04220662696963,4.60193969455998e-07,1.08582475831137e-05
"ENSG00000242732.6",291.979192216874,-1.70792537996117,0.338890559760581,-5.03975496150669,4.66128270243969e-07,1.09856253483705e-05
"ENSG00000162670.11",20.3166233021869,-3.28713094369463,0.65237943796598,-5.03867956651639,4.6875451004774e-07,1.10348363651192e-05
"ENSG00000100678.20",41.0449051049344,-3.74912525792953,0.744163456406873,-5.03803999733049,4.70323174356573e-07,1.10590669346413e-05
"ENSG00000164096.13",2855.76648870402,-1.47544760989968,0.292875544446706,-5.03779724144281,4.70919903681416e-07,1.10604143242655e-05
"ENSG00000073910.23",1793.55357983861,-1.79951184735808,0.357230004634191,-5.03740398066733,4.7188814596297e-07,1.10704743075798e-05
"ENSG00000225526.6",42.4977841752036,2.49999596799857,0.496328379852396,5.03697968820974,4.72934944293258e-07,1.10823521117588e-05
"ENSG00000125266.8",1220.52345072642,-2.08460808017274,0.414026416755969,-5.03496394386212,4.77938785176461e-07,1.11868228895641e-05
"ENSG00000197467.17",514.514439329873,-2.34657478846365,0.46623066022059,-5.03307694812136,4.82669270963491e-07,1.12846644604737e-05
"ENSG00000163017.14",1492.93644982801,-3.9241135917192,0.779735936376412,-5.03261861952308,4.83825047127879e-07,1.12988026951139e-05
"ENSG00000167767.14",823.023694632313,3.85566176691007,0.766647166997582,5.02925195955526,4.92397011213678e-07,1.14859025232369e-05
"ENSG00000131471.7",4599.80052247441,-3.73281991610151,0.742561965708073,-5.02694736397125,4.98349067081912e-07,1.16115332630086e-05
"ENSG00000243290.3",532.751381108311,4.71089058123825,0.937560498450587,5.02462570577949,5.04415320435759e-07,1.17395365836717e-05
"ENSG00000113296.14",400.247536303185,3.83014037321503,0.762641557691555,5.02220254664393,5.10822713624999e-07,1.18751801815952e-05
"ENSG00000205362.11",93.6966345019022,-4.55153376345752,0.906521817021093,-5.02087614219174,5.14363200130774e-07,1.19439445701941e-05
"ENSG00000197253.14",2646.94916173214,-2.79824458806278,0.557683860925081,-5.01761801645304,5.23160645563388e-07,1.21344862857825e-05
"ENSG00000050555.19",726.560870119111,-3.06860157605846,0.611664713847568,-5.01680333455229,5.25382985896803e-07,1.21722629862464e-05
"ENSG00000162999.13",99.0769471976718,-1.77783140838195,0.354822892433765,-5.01047549719137,5.42957115412039e-07,1.25652287747274e-05
"ENSG00000204131.11",607.831651698298,-2.01644372109472,0.402536776344741,-5.00934036240157,5.46169081275059e-07,1.2625310983612e-05
"ENSG00000092421.17",915.096879079402,-3.10419733305458,0.619978490274994,-5.00694359844274,5.53011227091435e-07,1.27690790543725e-05
"ENSG00000117632.23",3906.06685557012,1.97463058932948,0.394479803186565,5.00565700291529,5.56718138844657e-07,1.28402122821944e-05
"ENSG00000162849.16",611.380157945167,2.72317030236185,0.544207252389491,5.00392137444885,5.61756769694852e-07,1.29418660739587e-05
"ENSG00000196154.12",4339.11515348424,-1.84444646935748,0.368714201668955,-5.00237436206347,5.66284871768914e-07,1.30315432219414e-05
"ENSG00000165410.15",1473.82573323517,-1.77189198070153,0.354609717848451,-4.99673836197231,5.8308092052082e-07,1.34030170340346e-05
"ENSG00000126249.8",98.1042522935289,1.74601875762033,0.34972241531271,4.99258463618668,5.95765922971938e-07,1.36792659402202e-05
"ENSG00000272913.3",87.0353818244092,2.26986039164798,0.455047775555899,4.98818039243254,6.09506431145005e-07,1.39791049935091e-05
"ENSG00000255587.9",84.2401749672014,-2.42988467481126,0.487290878287943,-4.98651787480296,6.14772211563196e-07,1.40841222635662e-05
"ENSG00000166313.20",923.20458900106,-1.54148033275832,0.309206636650771,-4.98527570253716,6.18735202470621e-07,1.41590921779661e-05
"ENSG00000227544.11",29.7160772668004,-4.61691173237711,0.926192472944196,-4.98482968415927,6.20164165609423e-07,1.41759710720798e-05
"ENSG00000047617.18",102.790168699,-3.79475768394988,0.761413405302428,-4.98383356206164,6.23367056757275e-07,1.42333164050681e-05
"ENSG00000213937.4",182.047845085875,3.5612096599784,0.715161681874667,4.97958678468809,6.372017495467e-07,1.45330196581819e-05
"ENSG00000211962.2",248.797371697358,4.65238027471476,0.934677254674009,4.97752593363084,6.44021553570721e-07,1.4672242149349e-05
"ENSG00000290376.2",123.483623275409,-4.36829332111224,0.878256136908199,-4.97382612832097,6.56441912459636e-07,1.49386070733323e-05
"ENSG00000112312.10",487.846973028257,1.76316485291253,0.354671499844954,4.97126172721322,6.65185793226202e-07,1.51055240726103e-05
"ENSG00000144354.15",704.053212196113,4.18969939752287,0.842798335988362,4.97117663694667,6.65477842281808e-07,1.51055240726103e-05
"ENSG00000182742.6",198.238927902582,-1.74438687779204,0.350910662183898,-4.9710284291045,6.65986820212628e-07,1.51055240726103e-05
"ENSG00000064989.13",4098.41576801091,-3.41473779731264,0.687145149080646,-4.96945631047725,6.71408963581961e-07,1.52116788831873e-05
"ENSG00000107736.22",464.735321067152,-2.03768030213055,0.410081981599936,-4.96895838773637,6.73135121803718e-07,1.52339542356109e-05
"ENSG00000031081.11",2514.74669245783,-1.64189210473104,0.330459921176275,-4.96850601091568,6.74707092103615e-07,1.52526948362652e-05
"ENSG00000295544.1",14.2345539867977,-4.67460516980938,0.940959877942096,-4.96791125678266,6.76779194741847e-07,1.52826878953599e-05
"ENSG00000172005.11",274.01685508217,-3.65570898339479,0.736030935653575,-4.96678713666923,6.80712350277451e-07,1.5354594092507e-05
"ENSG00000048028.12",1072.22784602201,1.61634368752145,0.325483038643086,4.96598438511533,6.8353454842835e-07,1.54013103087636e-05
"ENSG00000171858.18",4157.04301842855,-1.58952294343765,0.320213652435626,-4.96394495158884,6.90755294714573e-07,1.55469226814793e-05
"ENSG00000185275.6",22.5377877160153,4.0361007371264,0.813694365173201,4.96021714033535,7.04144248142002e-07,1.58308921753329e-05
"ENSG00000085741.14",173.814679626172,-2.68710774747354,0.541793330484859,-4.95965453297257,7.06186523318026e-07,1.58522526694723e-05
"ENSG00000138821.14",6210.03714512534,-2.59130621879047,0.5224903163656,-4.95952965562193,7.06640603779637e-07,1.58522526694723e-05
"ENSG00000279805.1",36.9577780131057,-3.39524589318852,0.684841729592023,-4.95770883472762,7.13293534681515e-07,1.59840116230708e-05
"ENSG00000134825.16",1122.24307830167,-1.18322416292233,0.238689509411631,-4.95716869098675,7.15278695564338e-07,1.60109982247284e-05
"ENSG00000136244.12",3107.73779355092,-4.29465680108539,0.866771350158526,-4.9547747514958,7.24141270190288e-07,1.61917040392385e-05
"ENSG00000273540.5",40.5527651096145,-4.3479235228518,0.877587958395231,-4.95440198473379,7.25530770280447e-07,1.62051012133228e-05
"ENSG00000126785.13",1086.25506700113,-2.67262133198813,0.539476051819489,-4.95410560482563,7.26637368658583e-07,1.62121573525306e-05
"ENSG00000268926.3",11.663058413702,-6.1063822858923,1.2330349572116,-4.95231886993807,7.33343058999388e-07,1.63439848714385e-05
"ENSG00000036828.17",280.54738603598,6.3205507134377,1.27762245705627,4.94711929845118,7.53198188497084e-07,1.67500820574232e-05
"ENSG00000130700.7",73.779994046973,-4.2050337249163,0.849972154357518,-4.94726057007693,7.52651947883468e-07,1.67500820574232e-05
"ENSG00000160207.9",58.2231135183257,4.04310704701004,0.81740884174226,4.94624824266934,7.56574657614273e-07,1.68069412564714e-05
"ENSG00000220472.1",85.8115665668227,-1.59536598689828,0.322607365998196,-4.94522492368387,7.60559972416803e-07,1.68771879593443e-05
"ENSG00000143369.15",3460.56331082024,3.5391737816905,0.715905514638205,4.94363251759428,7.66801844384659e-07,1.69789471028759e-05
"ENSG00000158122.12",561.636082808637,-1.68223191218066,0.340281550773707,-4.94364713090005,7.66744339820727e-07,1.69789471028759e-05
"ENSG00000085117.13",2625.46847025955,-1.37098033756174,0.277441318522179,-4.94151464123807,7.75179940190731e-07,1.71459433588681e-05
"ENSG00000123094.16",1159.72174411889,-1.71209753535265,0.346553994463012,-4.94034858263733,7.79830312483763e-07,1.72302163008266e-05
"ENSG00000140600.17",57.500870332684,-5.27641312686184,1.06826691924914,-4.93922729589952,7.843274670928e-07,1.73109261413033e-05
"ENSG00000164713.10",3273.54519356912,-1.81303194744511,0.367138551367176,-4.93827722720377,7.88157456926807e-07,1.73767532223949e-05
"ENSG00000236304.3",181.832359723355,-4.81677430291413,0.975671361780004,-4.93688191700785,7.93815012037596e-07,1.7482688514306e-05
"ENSG00000120708.17",9347.34501923473,2.2882066701707,0.463561441975103,4.93614538004134,7.96817197107918e-07,1.75299783363742e-05
"ENSG00000238018.2",132.079668144614,-2.93799102948986,0.595311306354279,-4.93521792401741,8.0061314236076e-07,1.75946107941747e-05
"ENSG00000106511.6",338.084522762332,-2.3917726342864,0.484776505119129,-4.93376351582601,8.06600924046975e-07,1.76918772399387e-05
"ENSG00000179776.20",4379.48051249681,-2.78633532634176,0.564752994956357,-4.93372386021093,8.06764788301926e-07,1.76918772399387e-05
"ENSG00000136156.15",21695.727925724,-1.20319421229836,0.24396498846482,-4.93183148889361,8.14621794172422e-07,1.78450910979822e-05
"ENSG00000254089.3",19.9337471334927,-5.12413191420578,1.03909613273045,-4.93133575691504,8.16692192598609e-07,1.78713518858505e-05
"ENSG00000120659.16",29.7374569765704,3.83134602100613,0.777020898847787,4.93081463663008,8.18874087631618e-07,1.7883148604829e-05
"ENSG00000162687.19",176.175704356152,-2.99516502346989,0.60744115481333,-4.930790414407,8.18975640847366e-07,1.7883148604829e-05
"ENSG00000169181.13",17.7327950188512,-3.97099834810839,0.805779770787298,-4.92814351026519,8.30146342749654e-07,1.81077878848286e-05
"ENSG00000117791.16",903.331513782221,-1.87880435374022,0.381342857157437,-4.92681144664671,8.3582340056763e-07,1.82122454890953e-05
"ENSG00000143799.14",4152.53466578848,1.39690588193795,0.283574030609691,4.92607125883345,8.38994112706832e-07,1.82509818003198e-05
"ENSG00000149380.12",163.237220092646,2.87422617170805,0.583482995530612,4.92598103753524,8.39381381081818e-07,1.82509818003198e-05
"ENSG00000304119.1",61.8808375839651,3.05083287181226,0.61952259415011,4.92449008417123,8.45806174333549e-07,1.83711968204821e-05
"ENSG00000144655.15",5312.28225491019,-3.47635813268541,0.706382271077208,-4.92135529871679,8.59469366885516e-07,1.86482115329319e-05
"ENSG00000196335.13",113.792199971291,3.62744742691077,0.737819553274652,4.91644252420681,8.81310567804609e-07,1.91018941672999e-05
"ENSG00000158315.11",111.344756765358,2.55186149129907,0.519707153870053,4.91019119574624,9.09876350617927e-07,1.96794353302426e-05
"ENSG00000267374.4",28.9074960065041,4.79672491580233,0.976861177139942,4.91034450754426,9.09165240152675e-07,1.96794353302426e-05
"ENSG00000130675.15",46.0779356848486,3.47253993027577,0.707645680258663,4.90717321839154,9.23984242122569e-07,1.99635120131519e-05
"ENSG00000281809.2",22.9966881603666,-3.10832289907669,0.633543506319365,-4.9062501123795,9.2834130921544e-07,2.00365370570036e-05
"ENSG00000137168.8",740.620279993448,1.33313989367614,0.271767004962798,4.90545161602172,9.32126168066723e-07,2.00970714511463e-05
"ENSG00000143196.5",371.934188006729,-2.90053831309341,0.591953281903743,-4.89994464388335,9.58636612596106e-07,2.06469381351582e-05
"ENSG00000161888.12",112.894400636923,3.46513197771198,0.707569310460491,4.89723328370029,9.71954256331861e-07,2.09118049022334e-05
"ENSG00000260025.3",91.8065502014049,-2.4757402207732,0.505625440676778,-4.89639171925257,9.76123942879433e-07,2.09795024368972e-05
"ENSG00000140285.12",907.975130599057,-1.83184578069353,0.374169876132812,-4.89575964699874,9.79266979705443e-07,2.10250158658433e-05
"ENSG00000136235.17",17783.0586539164,1.83856543728713,0.375815119140345,4.89220721479417,9.97113826804249e-07,2.13857969715422e-05
"ENSG00000165474.8",629.397507285027,4.53065638767528,0.926244417941527,4.89142638801986,1.00107833584817e-06,2.14483910117355e-05
"ENSG00000106327.13",58.6780717071171,2.78287335653015,0.569339505115329,4.88789787381157,1.01918373320869e-06,2.18135107157736e-05
"ENSG00000104415.14",421.218496682013,2.57479792073998,0.526953138642503,4.88619904110066,1.0280127355126e-06,2.19795340239316e-05
"ENSG00000172269.20",935.228909146515,1.51076998462324,0.309259699378401,4.88511754897203,1.0336716581091e-06,2.20545303619864e-05
"ENSG00000289929.2",57.9649549806263,3.13777778825186,0.642295637079997,4.88525471310504,1.03295228819057e-06,2.20545303619864e-05
"ENSG00000151303.13",43.7738525114757,-3.57987738193875,0.733033426349325,-4.88364821201587,1.04140804252431e-06,2.21964974053206e-05
"ENSG00000139629.16",1217.76256182585,2.47840398752465,0.507588271746169,4.88270538442234,1.0464015591164e-06,2.22797690219343e-05
"ENSG00000104835.15",97.0190300441534,1.59870462906485,0.327632360881217,4.87956874823014,1.06318059061056e-06,2.26135423546461e-05
"ENSG00000174607.12",183.820414998543,3.0039190496856,0.615938487777379,4.87697896672325,1.0772291685145e-06,2.2888608156706e-05
"ENSG00000101695.10",523.900868310895,-2.1349800508001,0.437839129099468,-4.87617462420788,1.08162866065657e-06,2.29582961263998e-05
"ENSG00000059573.9",1932.99476820274,1.76886393205198,0.363089603737067,4.87170085247859,1.1064160612467e-06,2.34601395240975e-05
"ENSG00000105339.11",2940.44538561121,-1.80667969816602,0.371003928556826,-4.86970503302716,1.11764960316736e-06,2.36738506852723e-05
"ENSG00000165424.7",1658.75560470436,-1.57358068614263,0.323193173612622,-4.86885495925948,1.12246753088212e-06,2.37513666183767e-05
"ENSG00000296756.1",79.7632702422747,-5.36007953742403,1.10154698216912,-4.8659563542802,1.13904654714242e-06,2.40773303119672e-05
"ENSG00000147206.17",218.220310107272,-3.88056775391695,0.797534257667167,-4.86570666602815,1.14048564868568e-06,2.40829224929466e-05
"ENSG00000100196.11",1178.26019249557,2.80928824582103,0.577737606115096,4.86256774024395,1.15872704943096e-06,2.44429417917e-05
"ENSG00000172428.11",668.887390923487,-1.45459939381306,0.299173099778303,-4.86206612456455,1.16166800759902e-06,2.44797953009355e-05
"ENSG00000197415.12",802.957767794024,-2.90588079048319,0.597728636156971,-4.86153852217325,1.16476907453873e-06,2.4519943638955e-05
"ENSG00000111845.5",577.948408206037,1.1736198425765,0.241445521890829,4.8608060045411,1.1690877724919e-06,2.45856160894091e-05
"ENSG00000157734.14",186.732504942648,-2.56180652394668,0.527138764297207,-4.85983330662874,1.17484631729587e-06,2.468140255106e-05
"ENSG00000187848.15",69.0073853867125,-4.40936619799461,0.907357419872038,-4.85956922974901,1.17641440374832e-06,2.46890490629024e-05
"ENSG00000289009.3",556.86863092271,-3.67391444373594,0.757311683971056,-4.85125810349489,1.22680771084313e-06,2.5720312170887e-05
"ENSG00000119865.9",604.793446181409,-1.71842814750495,0.354512671944532,-4.84729682039073,1.25155104099679e-06,2.62122600046968e-05
"ENSG00000150753.12",5880.51476530797,1.9702711888696,0.406610829007241,4.84559448079655,1.26233120453004e-06,2.64110602221264e-05
"ENSG00000178401.16",138.981927119599,3.33854805953702,0.689058461749128,4.84508680303024,1.26556335639557e-06,2.64516932309222e-05
"ENSG00000308785.1",10.75342975028,-6.72481857455513,1.38815565707106,-4.84442687698596,1.26977670485175e-06,2.6512730709043e-05
"ENSG00000153404.15",1180.72525827231,3.82437857693058,0.789571184905469,4.84361467343626,1.27498080546445e-06,2.65672829626454e-05
"ENSG00000291096.2",16.101972045479,3.24241543440887,0.669397433498483,4.84378229157972,1.2739051342044e-06,2.65672829626454e-05
"ENSG00000151651.16",6402.32337226898,3.27963301370018,0.677159322887025,4.84322212344014,1.27750337259884e-06,2.65928214738747e-05
"ENSG00000175662.19",1827.48555101293,-1.39717255080217,0.288518672738292,-4.84257236296629,1.28168935433284e-06,2.66528991087632e-05
"ENSG00000104044.16",15.4856677303767,-4.16407800319301,0.8600826377907,-4.84148594591946,1.2887179175893e-06,2.67448099010637e-05
"ENSG00000177788.7",238.663814695968,1.91081226701678,0.394669068112087,4.841555676398,1.28826568581136e-06,2.67448099010637e-05
"ENSG00000275004.4",68.8917155083653,2.56975175526885,0.530889897982923,4.84046082819136,1.29538389094775e-06,2.68559669362918e-05
"ENSG00000149948.14",178.435752662927,5.80150262248079,1.1985965397165,4.84024643008981,1.29678223248224e-06,2.68578009038543e-05
"ENSG00000103269.14",211.138736837986,3.05979947074101,0.632358164848172,4.83871268029829,1.3068280441829e-06,2.70242109536352e-05
"ENSG00000280255.1",17.6088121643304,-4.62668065098465,0.956198857209332,-4.83861763282967,1.3074530465278e-06,2.70242109536352e-05
"ENSG00000085563.15",563.412035131317,-3.08604845374976,0.637864102083243,-4.83809708630856,1.31088109956264e-06,2.70495868344297e-05
"ENSG00000175267.15",140.602016444238,-4.46893364996127,0.923709246820364,-4.83803065233399,1.31131922129453e-06,2.70495868344297e-05
"ENSG00000184557.4",15050.9993872769,-3.21058117819263,0.663787946474302,-4.83675727353227,1.31974422894162e-06,2.71960157489637e-05
"ENSG00000113209.9",89.4200914049861,-2.29512814723343,0.474700614826346,-4.8348960914513,1.33215201766107e-06,2.74241415362676e-05
"ENSG00000149534.9",625.33776698004,-3.8185271400719,0.78983440226381,-4.8345920728792,1.33418942407744e-06,2.74385355579577e-05
"ENSG00000181378.14",162.321951032683,-5.71304286285914,1.18175446760138,-4.83437382255465,1.33565389490397e-06,2.74411297205521e-05
"ENSG00000004776.13",564.502937882703,-3.46874227865567,0.717818393204693,-4.83233964397249,1.34937790001564e-06,2.76953398017223e-05
"ENSG00000164129.12",13.0945761629853,-6.27803967017231,1.29926515800536,-4.83199263175068,1.35173259039997e-06,2.7715925033561e-05
"ENSG00000167858.13",249.280463727757,-5.89374503744371,1.22002904675075,-4.83082353911184,1.35969471886564e-06,2.78513291864347e-05
"ENSG00000237167.2",11.7152772193836,-6.10298938657961,1.2636090858698,-4.8298080908295,1.36664703528001e-06,2.79657992129554e-05
"ENSG00000132182.13",2096.95202789098,1.4876359831089,0.308100245929289,4.82841543544345,1.37623753573923e-06,2.81339725152514e-05
"ENSG00000137571.11",105.155495899512,4.05192578681492,0.839966901568258,4.82391125084783,1.40770073597544e-06,2.87485018829088e-05
"ENSG00000305512.1",31.7962308068737,2.50930062008,0.521439896402941,4.81225283563832,1.49238382902694e-06,3.04476000302174e-05
"ENSG00000197472.15",13.0689116199665,5.32788884147103,1.10753277354188,4.81059248877349,1.50483549301463e-06,3.06711202274074e-05
"ENSG00000133687.16",924.469363599752,-2.82368797733324,0.587110343102673,-4.80946726710866,1.51333073900207e-06,3.08136380064532e-05
"ENSG00000150977.12",956.950572813821,-1.53750505679902,0.319900284303259,-4.80620097024202,1.53825275193191e-06,3.12900143111229e-05
"ENSG00000164587.13",16946.4754848532,-1.26634736423464,0.263519779062984,-4.80551163460093,1.54356261081298e-06,3.13540637762394e-05
"ENSG00000211892.4",2360.59827447722,4.20204803706913,0.874443766662135,4.80539538077891,1.54445983291074e-06,3.13540637762394e-05
"ENSG00000203724.11",110.683889889062,2.05947811516722,0.42868765534358,4.804146071145,1.55413343636756e-06,3.15192403355889e-05
"ENSG00000134343.14",26.768969720621,-3.52950817716659,0.7348043986831,-4.80333022433194,1.56048207912334e-06,3.16167238639772e-05
"ENSG00000255240.7",84.8828718224007,3.37190842410547,0.702155732723827,4.802223021131,1.56913784682824e-06,3.17607131405393e-05
"ENSG00000276386.1",26.995705884638,-2.88660624394815,0.601199997064169,-4.8014076148441,1.57554193052143e-06,3.18588873209185e-05
"ENSG00000211937.3",901.27518505353,5.02151356986228,1.04649453386372,4.79841356774462,1.59927294005787e-06,3.23068890275335e-05
"ENSG00000171873.8",50.17742222684,-3.50194087221541,0.729904929145435,-4.79780411445563,1.6041454166552e-06,3.23734228573802e-05
"ENSG00000138615.6",2345.99117111626,4.09502732839127,0.854341018289195,4.79319995262724,1.64141879658748e-06,3.30930688350342e-05
"ENSG00000159055.4",259.012699237289,1.25597837150874,0.26210681004725,4.79185707262745,1.65244608146523e-06,3.32826664581169e-05
"ENSG00000129473.11",1660.14546724924,-1.14339497509336,0.239060221874712,-4.78287423196902,1.7280625515606e-06,3.47715353848857e-05
"ENSG00000154175.19",2988.97582059093,-3.30281569318833,0.690744108216285,-4.78153292066034,1.73963506836584e-06,3.49700759233071e-05
"ENSG00000235387.5",107.071717227731,-2.98774511653906,0.625176958616034,-4.77903907903625,1.76134960853431e-06,3.53719024225147e-05
"ENSG00000291208.2",234.628381353387,1.78500274494141,0.373802957930068,4.77525045501472,1.79483733814413e-06,3.60091436216314e-05
"ENSG00000086232.13",5252.45281349622,1.75885253343644,0.368367115830469,4.7747273245908,1.79950909656143e-06,3.60675801719409e-05
"ENSG00000131746.13",500.177022259729,4.37638119126101,0.916726689407294,4.77392143354148,1.80672889067704e-06,3.61769230219161e-05
"ENSG00000151632.18",205.470695293843,-3.28732572876168,0.688775863326044,-4.77270750006751,1.81765681016742e-06,3.63247906780437e-05
"ENSG00000226237.5",43.5088141169138,-2.22208885554922,0.465567713920987,-4.77285857482449,1.81629337171962e-06,3.63247906780437e-05
"ENSG00000166979.13",795.974581776,-1.58633116826475,0.332570620399029,-4.76990771572492,1.8431033700782e-06,3.67616648833497e-05
"ENSG00000181938.14",184.5623578767,1.89226307615406,0.396708469193121,4.76990844184094,1.84309672642366e-06,3.67616648833497e-05
"ENSG00000129244.9",143.007353357741,-3.04941097659026,0.639378077033021,-4.76933927847634,1.84831139657974e-06,3.68297151365122e-05
"ENSG00000237413.6",75.1951372467114,-4.82236506521774,1.01150908867176,-4.76749553634771,1.86530126634892e-06,3.71321720050663e-05
"ENSG00000198185.12",76.8354589771871,-2.22942259074691,0.467766438479656,-4.76610207006947,1.87824135210138e-06,3.73535021178339e-05
"ENSG00000180815.15",26.9597503719725,-4.37342805701411,0.917795531004202,-4.76514420617078,1.88718629656908e-06,3.74950269620662e-05
"ENSG00000132000.14",681.657070389709,3.45250864848465,0.724675219723382,4.7642151332324,1.89590147173354e-06,3.76317171117372e-05
"ENSG00000128536.16",409.790687862096,-4.5004364997058,0.945425004888622,-4.76022579943925,1.93376490949572e-06,3.83461467159576e-05
"ENSG00000119326.15",1901.27132572452,-2.12792156136819,0.447388434827622,-4.75631776710561,1.97156047583036e-06,3.90578512042759e-05
"ENSG00000138363.15",1322.40541524602,1.31836015187439,0.277222439646332,4.75560403247404,1.97853939162093e-06,3.9158273827988e-05
"ENSG00000135111.16",850.27310979509,-2.69252581503411,0.566985467510387,-4.74884449306416,2.04582170014342e-06,4.04118768205595e-05
"ENSG00000213853.10",11401.2728087803,-2.46068858687662,0.518162861949664,-4.74887099707978,2.04555364558954e-06,4.04118768205595e-05
"ENSG00000249201.3",16.1446329455538,-4.86443018238533,1.024456323835,-4.74830411917961,2.05129426004843e-06,4.04809793147575e-05
"ENSG00000153993.14",237.146088744956,-2.42473122308819,0.51067938217721,-4.74804996581357,2.05387302158474e-06,4.04928965717053e-05
"ENSG00000151503.14",1016.69807507425,1.43574919898402,0.302403136061066,4.74779864284903,2.05642612643424e-06,4.05042855873272e-05
"ENSG00000286320.3",53.7845799987428,-3.46939217198499,0.731084685487984,-4.74554075725063,2.07950034598693e-06,4.09194578638349e-05
"ENSG00000140932.10",57.6247764447323,-3.16003670866799,0.666020603270765,-4.74465308302678,2.08863976714322e-06,4.10598943293429e-05
"ENSG00000266283.2",15.1705653788203,-4.1957402327892,0.884546251001196,-4.74338139813508,2.10180018361964e-06,4.12790334913191e-05
"ENSG00000267206.6",21.2341203347772,-5.01188540049305,1.05711864303923,-4.74108127171403,2.12580630877141e-06,4.17105574689464e-05
"ENSG00000136261.16",1437.72245085319,1.96619368675169,0.414846642497638,4.73956755420259,2.14174822750695e-06,4.1943080856545e-05
"ENSG00000267774.2",15.0218491791759,-5.7290805577828,1.20876392366448,-4.73961908162725,2.1412036768447e-06,4.1943080856545e-05
"ENSG00000137441.8",104.574252376636,-4.39068476917823,0.92651496186023,-4.73892484192887,2.14855170707223e-06,4.2036168131497e-05
"ENSG00000197381.18",2163.34530107453,-2.48546517700579,0.524608356698386,-4.73775368857641,2.16100244596003e-06,4.2239460583379e-05
"ENSG00000143595.13",12.1159312711535,-6.14730010060039,1.29832882047433,-4.73477905108395,2.1929386319636e-06,4.28228701997921e-05
"ENSG00000136231.14",104.470290103163,2.98447265435683,0.630473260615019,4.73370218975745,2.20461134320163e-06,4.29992184238295e-05
"ENSG00000178538.10",110.204465075268,-3.69665704048125,0.78094658291268,-4.73355940260844,2.20616356719999e-06,4.29992184238295e-05
"ENSG00000289064.2",9.49944487517545,-5.8037067103231,1.22623365683269,-4.73295336332052,2.21276344461883e-06,4.30868961713814e-05
"ENSG00000127528.6",4335.73530848516,-2.96277236075794,0.626444937483435,-4.72950164249078,2.25071634309277e-06,4.37843338698047e-05
"ENSG00000185101.13",1239.62883328772,1.80443295040284,0.381583042268748,4.72880801954501,2.25841803593091e-06,4.38925150793625e-05
"ENSG00000071282.12",2398.58150153445,-2.10140083787762,0.444605954770548,-4.7264343073455,2.28496667119501e-06,4.43244622764261e-05
"ENSG00000138411.13",939.165586943691,-1.78553466000802,0.377769740122372,-4.72651583853601,2.28404984166406e-06,4.43244622764261e-05
"ENSG00000289074.3",53.2868911015679,2.86862141106441,0.607222737548509,4.72416665859,2.31060875632685e-06,4.47795103400055e-05
"ENSG00000281406.2",114.557948228129,3.02380935318019,0.640304770535023,4.72245326339451,2.33016647869753e-06,4.51158956366517e-05
"ENSG00000138722.10",1883.12784961176,-4.46952705227973,0.946522013914144,-4.72205293334587,2.33475894056346e-06,4.51196016185798e-05
"ENSG00000250978.6",87.4008840377474,-4.58959631272994,0.97193249349405,-4.72213486373993,2.33381835384251e-06,4.51196016185798e-05
"ENSG00000070193.5",175.74447185083,-3.75630486774457,0.795566989225032,-4.72154440621477,2.34060513769026e-06,4.51474767104432e-05
"ENSG00000138741.11",41.633606062592,-2.68860211846248,0.569427089790792,-4.72159152008428,2.34006291075195e-06,4.51474767104432e-05
"ENSG00000188730.5",29.1603978501328,-4.29936490612647,0.910978391586454,-4.71950262029728,2.36422000908291e-06,4.55601194231542e-05
"ENSG00000112936.21",9851.03574877448,-4.79727891434123,1.0170194843983,-4.71699803979611,2.39349995757637e-06,4.60810545822967e-05
"ENSG00000162433.15",549.990518361653,2.65024642751675,0.562393532711908,4.71244115261611,2.44766777142419e-06,4.70355951127289e-05
"ENSG00000284753.2",44.6899617165297,2.3290171000108,0.494209984257679,4.71260632969417,2.44568391618166e-06,4.70355951127289e-05
"ENSG00000223485.6",94.3745253209407,3.62914832090553,0.770240719950023,4.71170664820345,2.45650824268103e-06,4.71612780973145e-05
"ENSG00000211949.3",1965.90673335677,4.94132778323364,1.04932636608769,4.70904757845443,2.48876977322995e-06,4.77359545653012e-05
"ENSG00000130768.15",677.995161311305,2.47415449474677,0.525478646573878,4.70838255917393,2.49690156712325e-06,4.78471679741075e-05
"ENSG00000302958.1",14.33134693116,-5.6571845475491,1.20182501255394,-4.70716159878158,2.51189780410816e-06,4.8089591573701e-05
"ENSG00000287115.3",18.1776014572805,-3.53323973200285,0.750743318554744,-4.70632191413264,2.52226122070921e-06,4.82429515572964e-05
"ENSG00000008516.19",273.47900998554,-2.25462323285208,0.479396164089175,-4.70304812958971,2.56305969696043e-06,4.89776104626995e-05
"ENSG00000013810.21",1592.31484837592,2.01827054261307,0.429292032741967,4.70139296488221,2.58392699200001e-06,4.9238697996253e-05
"ENSG00000113389.16",1562.43021468663,-3.18427896430328,0.677284290307936,-4.70153967819851,2.58207075445775e-06,4.9238697996253e-05
"ENSG00000245614.6",41.0288072214939,3.16932082775982,0.674086045073205,4.70165619200087,2.5805975173293e-06,4.9238697996253e-05
"ENSG00000111640.15",32376.0027303325,2.00592360237424,0.426971662673894,4.69802513312528,2.62689112881427e-06,5.00109338024213e-05
"ENSG00000240509.1",20.4899513887631,-2.74909898237593,0.585294324458862,-4.69695137556243,2.64073283892103e-06,5.02278164464163e-05
"ENSG00000042980.14",920.371893001139,2.2711370352071,0.483613137156886,4.69618556799116,2.65064753056557e-06,5.03696728143803e-05
"ENSG00000081853.15",78.7754267752804,-2.28410452346489,0.486604828204763,-4.69396189900471,2.6796396308163e-06,5.08734546206087e-05
"ENSG00000179041.4",393.241707435713,1.44640862370736,0.308232696656149,4.69258660550509,2.69772270588271e-06,5.11693860882692e-05
"ENSG00000037897.17",287.650506727407,1.46978263043396,0.313227230812132,4.6923845880932,2.70038878078074e-06,5.11726169696194e-05
"ENSG00000170779.11",469.319642351418,1.72391246222378,0.36743271769599,4.69177724028956,2.70841934035926e-06,5.12774054983622e-05
"ENSG00000176907.5",7178.31625982476,-2.71493455295423,0.578709837620226,-4.69135718189724,2.71398689739018e-06,5.13354126790483e-05
"ENSG00000197852.12",423.321564221337,-1.93610621125671,0.412818440639531,-4.68997026454858,2.73244754584422e-06,5.16369626543686e-05
"ENSG00000149256.16",716.382572997607,3.26729621976457,0.696787210435688,4.68908753035462,2.74425992540732e-06,5.18124360133994e-05
"ENSG00000155970.12",201.439282739749,-2.51020548283408,0.535395576038156,-4.68850620957537,2.7520656617986e-06,5.19120095027769e-05
"ENSG00000189420.9",131.956842359374,-2.02635099214263,0.432322752057236,-4.68712549247086,2.77069085523509e-06,5.22152989850555e-05
"ENSG00000139572.4",145.579079078053,2.73170905995976,0.583385622978596,4.68251007971786,2.83383248247295e-06,5.33561994679755e-05
"ENSG00000150907.10",960.215030075079,-1.77296002125595,0.3786605159848,-4.68218878497255,2.8382790160651e-06,5.33908926104576e-05
"ENSG00000132329.11",570.068082575185,1.93499717860989,0.41387853105601,4.67527797026039,2.93555725366451e-06,5.51530812267568e-05
"ENSG00000147697.10",116.899747678465,3.48201544002528,0.744791671325071,4.67515356855477,2.93733733416009e-06,5.51530812267568e-05
"ENSG00000142675.18",1015.31526820916,1.79446279744038,0.384042766473062,4.67255981389836,2.97468847156193e-06,5.58033050511489e-05
"ENSG00000101280.8",52.2927939084574,-2.84982883391512,0.610488201764347,-4.66811451176115,3.03976471593855e-06,5.69199413110538e-05
"ENSG00000111897.7",8400.6562245606,-1.2843047839403,0.27512020119612,-4.66815878425729,3.03910991390289e-06,5.69199413110538e-05
"ENSG00000108846.16",3226.23266731347,3.02420895314957,0.647959127398695,4.66728351414787,3.05208053340906e-06,5.70984117308571e-05
"ENSG00000309837.1",15.0015247376888,-3.93385556681593,0.843017425422005,-4.66639887644871,3.06524392239603e-06,5.72923987099436e-05
"ENSG00000077463.15",792.496305201612,1.17254290278212,0.251296360821795,4.66597645484256,3.07154874162089e-06,5.73579557360608e-05
"ENSG00000276168.1",1165.16428013744,-2.97716136926251,0.638152376243165,-4.6652829012237,3.0819273079475e-06,5.74993971994136e-05
"ENSG00000132744.8",52.9763055842323,3.2643619855679,0.699750015381496,4.66504024839243,3.0855663827043e-06,5.75149573736081e-05
"ENSG00000149564.12",3247.63858476878,-2.04574801015964,0.438584280523752,-4.6644353229364,3.09465643058543e-06,5.76320031359887e-05
"ENSG00000151718.16",2159.13004007038,-2.10610167041088,0.451837473794827,-4.6611930009312,3.14381740362469e-06,5.84944029436667e-05
"ENSG00000151468.11",629.970889745156,-2.31910294610966,0.497596381463082,-4.66061055205185,3.15272765946616e-06,5.86070062825876e-05
"ENSG00000168907.13",1554.73228121318,-4.17616750414019,0.896117810071621,-4.66028847680911,3.15766513595742e-06,5.86456213294121e-05
"ENSG00000183763.9",108.267821704821,2.11511171201894,0.453893942673245,4.65992495859676,3.16324685124689e-06,5.86961207583405e-05
"ENSG00000080546.14",983.287771283979,-1.51370214433342,0.324995092124501,-4.65761539486124,3.19893121756835e-06,5.93045982685546e-05
"ENSG00000304772.1",9.21704032735931,-5.7590721452937,1.23653923370039,-4.657411579299,3.20209878366212e-06,5.93096959893478e-05
"ENSG00000111341.10",13757.6313616711,-2.79317210881666,0.5997901681946,-4.65691546299309,3.20982167248676e-06,5.93990826468127e-05
"ENSG00000203727.4",393.544186549081,-2.80903425443515,0.603508133717256,-4.65450935538043,3.24753092607389e-06,6.00427178613336e-05
"ENSG00000261701.9",21.4962504112322,-5.30783789783485,1.14061311191381,-4.65349542486755,3.26354848161012e-06,6.02845027630035e-05
"ENSG00000172236.19",3621.93229720473,-2.85235614212151,0.613071105573985,-4.65256985068805,3.27823636036135e-06,6.05013126308274e-05
"ENSG00000173338.13",29.9567127647853,-2.44322175174365,0.525181438956151,-4.65214794452712,3.28495257934688e-06,6.05707443227773e-05
"ENSG00000293352.2",45.3100492477033,2.2142790755303,0.476057931578525,4.65128071322776,3.298799282943e-06,6.07714110489338e-05
"ENSG00000122367.21",74.2874741549961,-2.66300205292315,0.572896072491623,-4.64831612711412,3.34655751802321e-06,6.15958845148545e-05
"ENSG00000138685.18",354.463628380696,-3.31473374889854,0.713163375108724,-4.64793042462844,3.35281955401167e-06,6.16557956371795e-05
"ENSG00000102145.16",20.156680067093,-3.07733945750883,0.662199592679526,-4.64714791662236,3.365558430193e-06,6.18345968213953e-05
"ENSG00000169715.15",1385.97110462226,-2.29969202203609,0.494902118410926,-4.64676132205725,3.37186913234219e-06,6.18950802950262e-05
"ENSG00000159176.14",9826.30607973984,-1.59987749065755,0.344329783344448,-4.64635232862537,3.37855782208064e-06,6.19220503036111e-05
"ENSG00000163736.5",15.9887821542116,-4.81276632332758,1.03582722526769,-4.64630220747847,3.37937837932797e-06,6.19220503036111e-05
"ENSG00000286289.2",154.97397872714,-2.29967042299768,0.495520438481189,-4.64091941403337,3.46862386303331e-06,6.35005925782456e-05
"ENSG00000143630.10",227.379085375754,2.05981246817145,0.443916212163266,4.6400929088255,3.48252571424584e-06,6.36982223415671e-05
"ENSG00000185737.13",24.9400921484623,-3.37156031297114,0.726661154828066,-4.63979709190439,3.48751433740255e-06,6.37326149501799e-05
"ENSG00000197769.6",151.389888816424,-3.34788670724445,0.721594136313437,-4.63957027748107,3.49134395053402e-06,6.37457848279158e-05
"ENSG00000159200.18",2287.66611658975,-2.16264313095374,0.466913466323801,-4.63178573105013,3.62525237970751e-06,6.61318281081164e-05
"ENSG00000006210.7",3372.6612871617,-2.44398204013907,0.527780095316516,-4.63068247898471,3.6446241683868e-06,6.64261101765359e-05
"ENSG00000111077.18",4851.71611291237,-1.73765811435548,0.375406267478834,-4.62874028722349,3.67896811514784e-06,6.69330632058485e-05
"ENSG00000132436.13",513.084687565162,2.43102527246309,0.525192971011704,4.62882294060426,3.67750024856028e-06,6.69330632058485e-05
"ENSG00000110628.16",941.22720198256,2.41082448864659,0.520975667165419,4.62751840554026,3.70073352239628e-06,6.72693618290899e-05
"ENSG00000125871.14",588.968622775387,1.07520621276496,0.2325182728077,4.62417942375734,3.76084227684197e-06,6.83014260800423e-05
"ENSG00000174175.17",1223.63097390221,-3.7403286871337,0.808932855592637,-4.62378139455526,3.76806976837478e-06,6.83721261334129e-05
"ENSG00000173210.21",988.069281720644,-2.56036094150157,0.554152421089976,-4.62031896651382,3.83150538819441e-06,6.94617033417668e-05
"ENSG00000105220.17",5624.72742703481,1.44389505197453,0.312535552500921,4.6199385651342,3.83853686038986e-06,6.95277029906658e-05
"ENSG00000130695.16",435.784464575352,1.50933029549635,0.326869976603162,4.61752502074779,3.88343870244641e-06,7.00316861521206e-05
"ENSG00000171004.19",592.997072765264,4.87205149933643,1.0550928590587,4.61765185642808,3.88106655690208e-06,7.00316861521206e-05
"ENSG00000258819.3",64.5693952091024,-3.41630206181575,0.739818820634201,-4.61775500505268,3.87913844284307e-06,7.00316861521206e-05
"ENSG00000259070.10",100.801038041931,-3.64591142111134,0.789469869215849,-4.61817678327951,3.87126386777064e-06,7.00316861521206e-05
"ENSG00000303521.1",31.2382217157875,2.69732551817549,0.584125595726532,4.61771498785389,3.87988635855676e-06,7.00316861521206e-05
"ENSG00000131370.16",833.252624801379,-1.6506784666968,0.357699805466342,-4.6147032832315,3.93657306491765e-06,7.08275976605946e-05
"ENSG00000179071.5",49.4374148063736,-2.36682406413922,0.512895591270509,-4.61463132930484,3.9379370529203e-06,7.08275976605946e-05
"ENSG00000284946.1",54.9606375793456,2.63164705278882,0.57023943186282,4.61498610187642,3.93121622578362e-06,7.08275976605946e-05
"ENSG00000166275.16",805.944083814766,-1.63470150546766,0.354556318823434,-4.61055527339715,4.01594842338723e-06,7.2167402693367e-05
"ENSG00000164849.10",229.31647471488,-2.84404692322405,0.617401836314375,-4.60647629459899,4.09549725223398e-06,7.35324655514935e-05
"ENSG00000204592.9",56936.2625915409,-1.8565290057875,0.403135815825754,-4.60521971233124,4.1203060457927e-06,7.39131716211142e-05
"ENSG00000135549.16",440.755650375813,3.36455942118933,0.730677272282812,4.60471339238134,4.13034300749849e-06,7.40284554420884e-05
"ENSG00000258227.7",628.979655089951,2.87056329453479,0.623679039015486,4.60262910080503,4.17190796369906e-06,7.47081230460136e-05
"ENSG00000156509.14",47.9800728212066,3.23892421536856,0.704090682473824,4.60015207698616,4.22182610317324e-06,7.55360579576477e-05
"ENSG00000079337.16",1098.81334631938,-2.31819850246881,0.504157057789935,-4.59816731046286,4.2622365709821e-06,7.61925881878091e-05
"ENSG00000137819.14",361.357172166553,-2.53454258583704,0.551270378972886,-4.59763971095153,4.27304086130828e-06,7.62527674675936e-05
"ENSG00000138395.17",73.8334607706741,-2.5350949892918,0.551388150391522,-4.59765953891413,4.27263434609128e-06,7.62527674675936e-05
"ENSG00000112812.16",587.912737039309,1.82472122927452,0.396918853112682,4.59721480842961,4.28176117452108e-06,7.63419401064177e-05
"ENSG00000091844.8",285.253479962281,3.92185908627653,0.853572272925417,4.59464208324773,4.33492676195996e-06,7.71556756312735e-05
"ENSG00000241494.1",196.125872898405,-2.88670098117827,0.628263112721945,-4.59473256144493,4.33304633840825e-06,7.71556756312735e-05
"ENSG00000164764.11",342.515343150432,-3.09884527267016,0.674513644538096,-4.59419212311448,4.34428997797686e-06,7.72552660090525e-05
"ENSG00000239998.7",221.296280135949,-1.73118304454783,0.3770471752014,-4.59142292638345,4.40234216808148e-06,7.821977800203e-05
"ENSG00000263155.7",508.765383227361,-3.87044520546588,0.843121318450071,-4.59061480331325,4.41942291171182e-06,7.84552791183888e-05
"ENSG00000239975.3",319.440985674611,5.65111492375797,1.2313999212287,4.58917921492087,4.44992266046785e-06,7.8928386012312e-05
"ENSG00000242371.1",1047.11744347582,5.20122794678797,1.13349400359317,4.58866825082453,4.46082691413331e-06,7.90534097211663e-05
"ENSG00000165124.19",1461.16398135812,-2.4119027686553,0.525923714377948,-4.58603159111782,4.51750276537665e-06,7.99886672722649e-05
"ENSG00000111962.8",284.241397491928,-1.82725335797544,0.39846373551309,-4.58574569056465,4.5236895822384e-06,8.00291037051045e-05
"ENSG00000139618.19",282.703931564769,1.80509718455452,0.393685050640441,4.58513012271614,4.53703788199136e-06,8.01960558037508e-05
"ENSG00000171596.7",112.28539158299,-3.5183425467316,0.767479946208499,-4.58427945135622,4.55554640651011e-06,8.04538531602784e-05
"ENSG00000277351.1",12.4737827044336,-4.43418112303742,0.967394778988792,-4.58363143914465,4.56969407805848e-06,8.0634257638994e-05
"ENSG00000007933.13",715.63849543127,-1.76246470808961,0.384767388851967,-4.58059793827198,4.63648430175374e-06,8.17424541041778e-05
"ENSG00000079616.14",919.459189947295,1.58378076931164,0.345788525462528,4.58020047713606,4.64530439784731e-06,8.18275956816678e-05
"ENSG00000236242.1",48.7272516574167,-3.82308296885027,0.835479501927577,-4.57591474121129,4.74143628038269e-06,8.34492785347354e-05
"ENSG00000160888.8",4280.95865087359,-2.37931541897495,0.520295723410577,-4.57300591167339,4.80776568919704e-06,8.45441060817292e-05
"ENSG00000110328.6",1341.57769365427,-2.02912308861865,0.443735494277718,-4.57282122973173,4.81200681945213e-06,8.45461763719336e-05
"ENSG00000230587.6",31.8634886370404,-3.04879087021194,0.666790458797337,-4.57233727625756,4.82313757873571e-06,8.46691891390386e-05
"ENSG00000000460.17",173.853170198198,1.48501141001087,0.32485386149664,4.5713214033204,4.84658256307333e-06,8.5007980216643e-05
"ENSG00000211938.2",2202.63722169553,5.24114095735598,1.14703757734393,4.56928444270529,4.89392215773769e-06,8.57649401044902e-05
"ENSG00000211967.3",167.070503529163,5.26030947733339,1.15148971583459,4.56826440132014,4.91779432922097e-06,8.61096967774097e-05
"ENSG00000273151.1",304.944607256011,2.27132241074679,0.497406268921149,4.56633249852918,4.96331288889595e-06,8.68325661040294e-05
"ENSG00000249936.3",50.7404106272676,1.93872714517558,0.424863001283731,4.5631818711389,5.03841321764229e-06,8.80712912314899e-05
"ENSG00000102384.14",126.909170520964,2.27721276482808,0.499214887699459,4.56158824774276,5.07681304162844e-06,8.86669289655448e-05
"ENSG00000112419.15",1429.9518003768,-1.40458658653525,0.308102919420977,-4.55882271149821,5.14411726989229e-06,8.97659408526565e-05
"ENSG00000221955.11",462.31075507321,2.3623363119897,0.519110626574291,4.5507377253654,5.34581503085433e-06,9.32062851978207e-05
"ENSG00000078081.8",6442.12218961592,-3.70185442035149,0.814003985351761,-4.54771043750084,5.423268238291e-06,9.44763737960226e-05
"ENSG00000157554.20",1533.31675614426,-2.7730057574384,0.609806991522478,-4.54734989265237,5.43256406061799e-06,9.45579741077345e-05
"ENSG00000206538.9",1383.404749137,-2.23291314229131,0.491195932573631,-4.54587058689984,5.47086450712914e-06,9.51438556863239e-05
"ENSG00000289839.2",27.106537725365,-2.59054389984761,0.570102124781685,-4.5439997278376,5.5196728860142e-06,9.59113329278265e-05
"ENSG00000284543.2",50.0713628113627,3.91795489751778,0.862285640990017,4.54368565504518,5.52790741023613e-06,9.59730851308058e-05
"ENSG00000178814.17",719.152611572289,1.6672631449491,0.366997040583459,4.54298798240567,5.54624145306215e-06,9.6141371493413e-05
"ENSG00000203883.7",1384.6707010469,-3.13317157079648,0.689676241393551,-4.54295999013339,5.5469782713962e-06,9.6141371493413e-05
"ENSG00000010319.7",1157.91193116156,-2.99962942087871,0.660532140030174,-4.54123159055013,5.59265552533911e-06,9.68511899421902e-05
"ENSG00000144935.17",237.736483917385,-1.67540964526702,0.369144313539256,-4.53863051337197,5.66207472031153e-06,9.79706160888334e-05
"ENSG00000211941.3",776.589726781071,4.73889870401933,1.04538323917973,4.53316881925308,5.81053384458965e-06,0.000100454625589769
"ENSG00000145113.22",1471.19259177046,3.23363172406503,0.713382335571607,4.53281720449952,5.82021796361873e-06,0.000100537278117977
"ENSG00000249859.15",270.91929940441,1.95615310381404,0.431699628713623,4.53128280337646,5.86265929397903e-06,0.00010118515670349
"ENSG00000306474.1",39.1096889675385,-4.07800869880281,0.90018761477463,-4.5301764119736,5.89344555572729e-06,0.000101630956833164
"ENSG00000114405.11",388.679598803558,1.97495674795382,0.436146735570108,4.52819335073611,5.94901348861569e-06,0.000102503002160148
"ENSG00000182195.9",949.989675960582,2.07934462315067,0.459388168457555,4.52633473372267,6.00154928785432e-06,0.000103321382534144
"ENSG00000124172.10",2751.71175303399,-1.07483208348174,0.237515926544568,-4.52530530949491,6.03083782674499e-06,0.000103738505704345
"ENSG00000243384.1",27.2572115778212,-6.67785441631615,1.47690126978939,-4.52153068923045,6.13940567918021e-06,0.000105517497104703
"ENSG00000272398.6",6208.65439610707,2.80863390417295,0.621517476835072,4.51899425012992,6.21340820206142e-06,0.000106699934484981
"ENSG00000254709.8",631.476502924449,5.38487371856643,1.19222177037159,4.51667118684478,6.28193357127363e-06,0.000107786415017067
"ENSG00000149418.11",4108.5436339231,1.75797694821053,0.389263597510975,4.51616066709388,6.29708942816109e-06,0.000107956121768407
"ENSG00000142973.16",3727.39849277881,-4.2578144385723,0.943293363251072,-4.51377546418612,6.36836400380393e-06,0.000108933115212208
"ENSG00000203995.11",19.44993733021,3.92374148048378,0.869225047667419,4.51406858443991,6.35956357082704e-06,0.000108933115212208
"ENSG00000243491.2",17.4394182877456,-3.38116458153382,0.749085945904624,-4.51372048830873,6.37001585736626e-06,0.000108933115212208
"ENSG00000147113.17",1612.0995011074,-2.80150007528234,0.620725169558192,-4.51326966051069,6.38357729966526e-06,0.00010907405746028
"ENSG00000109458.10",1061.78928956425,-1.40464307419978,0.311314944226417,-4.51196802546747,6.42288723761623e-06,0.000109563128053314
"ENSG00000244437.1",5099.43862203515,5.48881694484901,1.21645536562234,4.51214002582077,6.41767950420138e-06,0.000109563128053314
"ENSG00000115257.15",290.521997890461,2.28251226522187,0.506046297145026,4.51048111229975,6.46807605729587e-06,0.000110223329166337
"ENSG00000271303.2",48.7707704771833,-2.99220480108659,0.663409843599298,-4.51034127689834,6.47234141222538e-06,0.000110223329166337
"ENSG00000176619.13",2430.40061642838,1.45211853855012,0.322048932875715,4.50899969015119,6.51340040060146e-06,0.000110830507729404
"ENSG00000119508.18",1964.41823550741,-3.49777347632011,0.776238332376505,-4.5060561047165,6.60436320503351e-06,0.000112285126995031
"ENSG00000149557.14",625.353519888413,-2.57414800207213,0.571293908167084,-4.50582084855573,6.61168531226382e-06,0.000112316483548183
"ENSG00000225138.8",2406.81886480238,4.12069796657955,0.914633149440454,4.50530135399146,6.6278815677357e-06,0.000112498413629845
"ENSG00000270550.1",202.462437867489,4.31277940454687,0.957587352047853,4.50379737715181,6.67498525841149e-06,0.000113204216491703
"ENSG00000110848.8",1296.35309370867,-2.86973549726888,0.637227091021774,-4.50347378148556,6.6851618698141e-06,0.000113283106593941
"ENSG00000092607.15",102.650288660621,2.43585946530861,0.54109299358026,4.50173906187773,6.73996981226381e-06,0.000114117540074861
"ENSG00000104237.11",218.29744309921,-4.26544619267123,0.947937042567677,-4.49971464467452,6.80447419996982e-06,0.000115114636135463
"ENSG00000127241.18",201.790254269828,-3.92879947215478,0.873347500136759,-4.49855237639034,6.84177417393868e-06,0.000115524753100638
"ENSG00000147804.10",833.148402956986,1.58847288257708,0.353093274665627,4.49873446069268,6.83591776018511e-06,0.000115524753100638
"ENSG00000211955.2",434.560901852211,3.2478564466275,0.721997306705722,4.49843291167746,6.84561914832593e-06,0.000115524753100638
"ENSG00000124787.14",101.079214181342,1.27328085187302,0.283080449126193,4.49794698222133,6.86128011124147e-06,0.000115693821875736
"ENSG00000144852.20",68.6538625092518,3.99283173387977,0.887886573324161,4.4970065477294,6.89168665994383e-06,0.000116111046241157
"ENSG00000143633.13",422.202607427392,1.20164650294985,0.267252707787348,4.49629308865972,6.91484047605975e-06,0.000116405491889269
"ENSG00000184271.18",431.674740378085,-1.63794683855761,0.364382260275251,-4.49513331774252,6.95263726611078e-06,0.000116849897134701
"ENSG00000293158.1",146.757280103898,-4.79618909469364,1.06693801025009,-4.49528374527535,6.9477237218228e-06,0.000116849897134701
"ENSG00000170421.13",14195.5025892675,1.97600499809229,0.43970683582765,4.4939146656042,6.99256586698279e-06,0.000117424709694197
"ENSG00000101412.13",578.537689633159,2.21737017268074,0.4935474811329,4.4927190542862,7.03195262875168e-06,0.000117989489934472
"ENSG00000112530.13",67.7653659947934,-4.25261607758141,0.946833278482108,-4.49140960106396,7.07533309598376e-06,0.00011862030237126
"ENSG00000242612.7",636.395017989099,1.73115772218175,0.386093556010053,4.48377781818424,7.33330185397153e-06,0.000122844788573392
"ENSG00000135722.9",353.270922537662,1.33766657681136,0.298381560013068,4.48307387612281,7.35754433990424e-06,0.000123150276853385
"ENSG00000105205.7",96.0185861753966,-3.26635663057622,0.728980484957489,-4.48071889162671,7.43920400316523e-06,0.000124415529266639
"ENSG00000211584.14",718.791454018963,-1.10366909710668,0.246379768021463,-4.47954434720684,7.48025483019449e-06,0.00012500011820563
"ENSG00000273650.1",9.77797999446253,-5.85291822544267,1.30674556166695,-4.47900371513517,7.49922286518543e-06,0.000125215037156158
"ENSG00000306678.1",31.3923516779906,-3.09415711619651,0.690886577713229,-4.47853123220006,7.51583754601986e-06,0.000125390344217731
"ENSG00000128016.8",40590.2779789588,-3.13514835962622,0.700225737198028,-4.47733951078634,7.5579004648669e-06,0.000125989586285879
"ENSG00000116985.12",371.301824777273,2.71576518070586,0.606651065377926,4.4766511355486,7.5822997743846e-06,0.000126088787164624
"ENSG00000160688.19",1065.72888349387,1.51191144018633,0.33772061698834,4.47681119876233,7.57661965757156e-06,0.000126088787164624
"ENSG00000182389.20",153.756530346359,-3.01413383278612,0.673269931751593,-4.47685792969321,7.57496209805951e-06,0.000126088787164624
"ENSG00000227496.4",24.0260518147493,3.74227135058022,0.836142490877699,4.47563829300429,7.61833673319903e-06,0.000126546506396489
"ENSG00000293271.2",154.574500538574,1.85065592863814,0.413505342465167,4.47553087852554,7.6221681330308e-06,0.000126546506396489
"ENSG00000101294.20",1562.71678030857,1.40279453757089,0.313621158956163,4.47289507582927,7.71676473849376e-06,0.000128013385273524
"ENSG00000162407.9",3888.96985506145,-1.53892936828883,0.344156063208461,-4.47160324284822,7.76353634781066e-06,0.000128685165137841
"ENSG00000137203.15",415.874623904485,4.5236309250057,1.01172030153893,4.47122679867627,7.77721665885542e-06,0.000128807795131803
"ENSG00000178752.16",264.628882010325,5.22003670735124,1.16770430543899,4.4703412353942,7.80948974390803e-06,0.000129237915826546
"ENSG00000175928.6",1282.72568098244,4.79562907606014,1.07334789687583,4.46791677704748,7.89850207860983e-06,0.000130605553725658
"ENSG00000286722.2",122.923378008287,-4.63245890423589,1.03715812021341,-4.46649244117443,7.95124702416586e-06,0.0001313717719448
"ENSG00000160838.14",79.3064356322832,-4.1154773098625,0.922181103934784,-4.46276473493383,8.09088721491496e-06,0.000133571297467485
"ENSG00000101665.10",1629.01864559669,-1.06296472649533,0.238206876403216,-4.46235953615395,8.10620648333868e-06,0.000133716538804808
"ENSG00000146166.17",211.488227547736,4.48810179378383,1.00603185168377,4.46119254203751,8.15048186829841e-06,0.00013433881047234
"ENSG00000233834.8",205.829484401593,3.18948359837644,0.715207237724896,4.45952365991474,8.21420057691396e-06,0.000135280296087585
"ENSG00000128059.8",316.608452769004,1.46967096732862,0.329668488659175,4.45802682963743,8.27175507835324e-06,0.000136118833167379
"ENSG00000127074.15",205.162170421277,-3.67652581805611,0.824786778932482,-4.4575469830089,8.29028707126824e-06,0.000136195201735404
"ENSG00000137714.3",921.602303371945,-1.46157852772422,0.327900010361886,-4.4573909165515,8.29632300856026e-06,0.000136195201735404
"ENSG00000288859.1",29.7413315876815,3.88893640273343,0.872449953855005,4.45748937867414,8.29251445478069e-06,0.000136195201735404
"ENSG00000111405.9",16.5784187766105,-3.15024225517456,0.706851866128771,-4.45672198961227,8.32224166435412e-06,0.000136511394468733
"ENSG00000137809.17",1008.68332768234,3.4513047864556,0.775034787611507,4.45309661143313,8.4640646494933e-06,0.00013872676384749
"ENSG00000213626.13",5879.54187152189,-1.86641163693107,0.419373175625858,-4.45047929960162,8.56788524317494e-06,0.000140316229254041
"ENSG00000114626.18",1719.75052687181,-1.26048629338919,0.283252411385522,-4.45004611690173,8.58518520968799e-06,0.000140487340414559
"ENSG00000091181.20",142.471856582243,-3.79877470383964,0.853827713461555,-4.44911150569099,8.62262445286009e-06,0.000140898346965465
"ENSG00000119969.16",346.481557535402,2.47391314212335,0.556070453781583,4.44892032169555,8.63030222136796e-06,0.000140898346965465
"ENSG00000136848.19",3071.48966652511,-1.25970669268863,0.283160709838124,-4.44873405427177,8.63778882830618e-06,0.000140898346965465
"ENSG00000290792.1",98.3091115372049,2.05237548841464,0.461325278897579,4.44886847154608,8.63238560031578e-06,0.000140898346965465
"ENSG00000069702.11",1517.82963263978,-3.44743632692919,0.775489832425119,-4.44549519901291,8.76896393375391e-06,0.000142924353336797
"ENSG00000029993.15",1914.83800444768,2.62203447810189,0.590374346557477,4.44130828751486,8.94135865175589e-06,0.000145618441457985
"ENSG00000305497.1",61.9798201245372,-5.0275835747835,1.13214165986423,-4.44077252257143,8.96365091630649e-06,0.000145865633641229
"ENSG00000211933.2",248.020804259112,4.06536542198033,0.915586601851839,4.44017574498998,8.98854433406081e-06,0.000146154728806965
"ENSG00000124641.16",350.212574579987,1.3066285551036,0.294380590803063,4.43856896794435,9.05589670434255e-06,0.000147133206042662
"ENSG00000198796.7",35.4777981406261,3.36893339356047,0.759348168520354,4.43661225933432,9.13856868530121e-06,0.000148358837944114
"ENSG00000171812.13",938.223119786258,2.23073644453275,0.502880966593313,4.43591345213265,9.16826803434424e-06,0.000148723234000154
"ENSG00000163507.15",276.053271094742,2.4061914743419,0.542502543566414,4.43535519395649,9.19206028158991e-06,0.000148991307520727
"ENSG00000276529.1",29.1117471556016,-2.08443264658822,0.469979177581371,-4.43515956880308,9.20041152368791e-06,0.000149008876683805
"ENSG00000143621.17",4556.45624558357,1.09270360767565,0.246420297300308,4.43430845448576,9.23683006658644e-06,0.000149480634321459
"ENSG00000013588.10",11010.3887787491,-1.76994624795731,0.399184138332929,-4.43390926139739,9.25395864976207e-06,0.000149639722519496
"ENSG00000117691.10",979.197346418073,-1.62571205487407,0.366679525374799,-4.43360466667005,9.26704861233342e-06,0.000149733305553416
"ENSG00000183111.12",492.65122756783,-2.22670495942286,0.502319650628037,-4.43284461724496,9.29978893660944e-06,0.000150143993981291
"ENSG00000247809.12",158.454008915763,-2.21287949316311,0.499220625631942,-4.43266840259639,9.30739542530232e-06,0.000150148572620298
"ENSG00000242534.3",407.893966447326,4.61998232274929,1.04240953222451,4.43202232896911,9.33533474489948e-06,0.000150480899064009
"ENSG00000285816.1",17.0463673360717,-3.3127124111299,0.747738295796615,-4.43030994901853,9.40977441449841e-06,0.000151561676822369
"ENSG00000179889.21",4368.24031259216,1.26783362326105,0.286217827393914,4.42961095332528,9.44032347972306e-06,0.000151934374119499
"ENSG00000156313.15",479.485765557219,-1.58970201925033,0.358915173927272,-4.42918587658391,9.45894743421198e-06,0.000152114712306731
"ENSG00000128965.13",94.7594367990329,1.49072926992649,0.336935091436139,4.42438115772526,9.67191278275487e-06,0.000154879391520839
"ENSG00000149289.11",569.547255098077,-1.51224347177597,0.341799978431551,-4.42435215682381,9.67321202431896e-06,0.000154879391520839
"ENSG00000164087.8",150.767342272966,1.81930568482639,0.41120889664633,4.42428580622644,9.67618516085613e-06,0.000154879391520839
"ENSG00000183742.13",2175.42273929847,3.05657573793675,0.690817021560319,4.4245808116207,9.66297280313086e-06,0.000154879391520839
"ENSG00000211964.3",2601.63478323515,7.1249721409889,1.61037510735897,4.42441770766932,9.67027558120364e-06,0.000154879391520839
"ENSG00000228716.7",639.284805017608,1.35826508627383,0.306953575459518,4.42498538823165,9.64488111836358e-06,0.000154879391520839
"ENSG00000177374.13",1070.7104978061,-2.27862463285929,0.515082141485148,-4.423808261512,9.69760946150679e-06,0.000155101235880449
"ENSG00000134533.6",591.667704135537,-2.79836726212428,0.633159705387937,-4.41968627869285,9.88442882755466e-06,0.000157948230181327
"ENSG00000163884.4",383.295490894762,-2.33747734581821,0.528895813811643,-4.41954215703183,9.89102260792156e-06,0.000157948230181327
"ENSG00000186522.15",2046.94511033768,-1.2492359363914,0.28267832808563,-4.41928443843413,9.90282409223252e-06,0.000158013622713724
"ENSG00000198624.13",2352.63281310081,-2.31321755665643,0.523464434586298,-4.41905391048124,9.91339185371205e-06,0.00015805924305483
"ENSG00000158445.10",30.9330276146325,-2.20381590912515,0.498727319109385,-4.41887946515677,9.92139585855276e-06,0.000158063947695234
"ENSG00000066056.15",2269.28575339132,-2.35530495577307,0.533088901263926,-4.4182217078404,9.95163102384797e-06,0.000158422548534921
"ENSG00000152465.18",398.754089909151,-1.0399167446809,0.235446414066274,-4.41678735607405,1.00178694442949e-05,0.000159353293317162
"ENSG00000061455.11",289.983185442187,-1.83460889560447,0.415568577590406,-4.41469589987313,1.01152080893477e-05,0.000160528039213611
"ENSG00000227467.4",21.3988811368575,-3.17621481642981,0.71941161015207,-4.41501745538749,1.01001840060653e-05,0.000160528039213611
"ENSG00000278910.6",15.4308949028463,-4.20813693650701,0.953199312613414,-4.41475028445985,1.01126655718783e-05,0.000160528039213611
"ENSG00000130487.9",532.983106691286,3.47103458098031,0.786378501037343,4.41394897800682,1.01501890398379e-05,0.000160958604851381
"ENSG00000180354.17",1635.12415560873,-2.01942163535846,0.457552158815442,-4.41353318184871,1.016971225024e-05,0.000161143570308286
"ENSG00000124107.5",7805.73938720214,-2.6731858346554,0.605747369885548,-4.41303746008915,1.01930351395942e-05,0.000161227344508974
"ENSG00000263050.2",52.6628512443124,-3.17709890104615,0.719953954639453,-4.41291957710992,1.01985888523283e-05,0.000161227344508974
"ENSG00000284719.4",31.4821246735123,2.76421062418371,0.626345769333479,4.413234286112,1.0183768692427e-05,0.000161227344508974
"ENSG00000170442.12",191.822960338677,4.15458673479128,0.941806921648587,4.41129348202164,1.02754930695273e-05,0.000162317958318634
"ENSG00000007402.12",3297.32919615324,-3.88779331440233,0.881451471029936,-4.41067199066515,1.03050317875035e-05,0.000162659254635082
"ENSG00000179914.5",1396.46456081062,-7.22823392135457,1.63964843751519,-4.40840472626474,1.04134810984077e-05,0.000164244628032117
"ENSG00000211640.4",1753.63430736302,5.35004055822062,1.21377445439456,4.40777159121319,1.04439597770286e-05,0.000164598732719597
"ENSG00000130762.15",1031.60331497883,2.18632554702722,0.496144587986554,4.40662984131245,1.04991382676916e-05,0.000165228738471062
"ENSG00000173110.8",3379.4017813566,4.18911866509395,0.950675356815365,4.40646602971485,1.05070777539111e-05,0.000165228738471062
"ENSG00000306316.1",19.5937196726171,4.11118248044623,0.932993084174393,4.40644475310793,1.05081093916438e-05,0.000165228738471062
"ENSG00000108010.12",1595.41880368015,1.03314823554955,0.234545883341042,4.4048875249168,1.05838778009154e-05,0.000166292590367793
"ENSG00000106025.9",1344.16880948701,-2.34685622442287,0.532947678312246,-4.40353963423757,1.06498816382275e-05,0.000167201510804147
"ENSG00000289911.2",123.121172998696,4.10663780564232,0.93307471132157,4.4011886248914,1.07659481284843e-05,0.000168894415016406
"ENSG00000196155.13",1619.71599744782,2.46314872671611,0.559699015042595,4.40084520521919,1.07830031095675e-05,0.000169032642017257
"ENSG00000179813.7",410.775570645376,-5.57251453717171,1.26661412819706,-4.399536064787,1.0848254833584e-05,0.00016979589092199
"ENSG00000255302.5",4770.69588708785,-1.01430652602904,0.230548245718062,-4.39954128850512,1.08479937192549e-05,0.00016979589092199
"ENSG00000241472.9",64.0191809602286,2.75091079408223,0.625596103090193,4.3972633149309,1.09624322732521e-05,0.000171452106278231
"ENSG00000109072.14",31.2130584963375,-2.11676209137509,0.48145192459287,-4.39662193305197,1.09948607534692e-05,0.000171828220189887
"ENSG00000186407.8",461.246373524466,-2.20969147234619,0.502624584615246,-4.39630599055891,1.10108685603274e-05,0.000171947333557467
"ENSG00000148339.13",2837.0092981097,-2.75190351859457,0.626240605622341,-4.39432303477,1.1111847898993e-05,0.000173392183653693
"ENSG00000158258.16",476.37230929212,-2.45820833899868,0.559702055522736,-4.3919944812474,1.12315550883459e-05,0.000175126848312886
"ENSG00000136240.10",8665.13956809415,1.57368889656729,0.358479931575257,4.38989398835264,1.13405933623595e-05,0.000176692649165516
"ENSG00000105492.16",212.195066580573,-3.00739228288167,0.685837115265763,-4.38499494404922,1.15988472416548e-05,0.000180579167686324
"ENSG00000154133.15",2128.28910619345,-2.74198885359279,0.625549843535623,-4.38332593625954,1.16881041881562e-05,0.000181830719479479
"ENSG00000169750.9",180.575729454742,2.09450750769417,0.478037662917884,4.38146964176327,1.17881470710447e-05,0.000183248042111221
"ENSG00000228401.8",40.7637391847938,-4.75110734949038,1.08442564527422,-4.3812200220412,1.18016622220608e-05,0.000183319153182678
"ENSG00000106018.14",21.7072803305667,-3.02930964920633,0.691580962761039,-4.38026754974898,1.18533678985496e-05,0.00018365982193847
"ENSG00000122877.18",1224.76069351886,-2.00612657900114,0.458003425958429,-4.38015627241887,1.18594227588048e-05,0.00018365982193847
"ENSG00000225523.2",90.366385996443,4.78703372213111,1.09288207758548,4.38019235589185,1.1857459049152e-05,0.00018365982193847
"ENSG00000253123.5",34.7324413801317,-1.90917222707399,0.435820833098586,-4.38063553203782,1.18333661242066e-05,0.00018365982193847
"ENSG00000147255.19",50.3956249355065,3.91909782712303,0.895145969200034,4.37816620078781,1.19682069769769e-05,0.000185204615740328
"ENSG00000287620.2",26.8492826967409,-2.41925807207767,0.552599906820415,-4.37795598989105,1.1979753285524e-05,0.000185243485193352
"ENSG00000146221.10",60.6123096422865,-4.32257581810736,0.987916348044359,-4.37544719921293,1.21183774444286e-05,0.000187245826013989
"ENSG00000250208.8",67.9539918891706,-2.79797443722827,0.639638519455744,-4.37430572444107,1.21819555556467e-05,0.000188086458368208
"ENSG00000272636.5",516.39967139633,-3.15106822770178,0.720497700179914,-4.37346049392654,1.22292383809458e-05,0.000188674419686164
"ENSG00000118946.12",1245.77888966374,-2.49453954918912,0.570456617440196,-4.37288213148064,1.22616932751595e-05,0.000189032901439
"ENSG00000066230.12",385.018609706672,4.1443510038313,0.948142340222246,4.37102197425321,1.23666345026887e-05,0.000190507493495966
"ENSG00000126759.14",56.602711705189,-1.95493172608619,0.447420175179583,-4.36934191736331,1.24621514671442e-05,0.000191834800061805
"ENSG00000293329.2",385.927953190394,4.23125855513693,0.968600214268931,4.36842620185724,1.25145090265774e-05,0.000192496243871675
"ENSG00000173207.13",855.689769218812,1.70655290760665,0.390686028092047,4.3680930079347,1.25336119750327e-05,0.000192645562170967
"ENSG00000136842.14",243.128943720505,-2.55168273806287,0.584462257240058,-4.36586401680136,1.26621238560068e-05,0.000194475046849112
"ENSG00000184905.9",105.863189066558,-4.0860184844582,0.935991511914598,-4.36544395162317,1.26864829826372e-05,0.000194703328649696
"ENSG00000055813.6",118.773707051118,-2.65554932160771,0.608460545451933,-4.36437389647886,1.27487365158912e-05,0.000195512411011094
"ENSG00000109255.11",77.384716252089,5.43965000718892,1.24658343189671,4.36364696337441,1.27911940876109e-05,0.000196016923447215
"ENSG00000179388.9",1672.55865416646,-2.78161533948197,0.637566966775301,-4.36285987894084,1.28373169939973e-05,0.000196576809294191
"ENSG00000067225.21",21201.7613273984,1.86250536483517,0.426920015013503,4.36265646804181,1.28492625889071e-05,0.000196612895614143
"ENSG00000294466.1",31.177407659014,-3.5089670149359,0.80457705506475,-4.36125662899188,1.29317582316958e-05,0.000197727644133251
"ENSG00000178965.14",240.822168998351,-5.02088286838995,1.15150258493035,-4.36028796990815,1.29891390363714e-05,0.000198457009539314
"ENSG00000104067.17",3053.62028233742,-0.849605085843391,0.194898920075166,-4.35920879148909,1.30533527718578e-05,0.000199225672539134
"ENSG00000253953.3",24.0977451166137,-2.56354714779692,0.588088750225989,-4.35911611438207,1.30588813837591e-05,0.000199225672539134
"ENSG00000106771.13",2762.48870653374,-1.48945957141803,0.341833826647209,-4.35726208265292,1.31699533409401e-05,0.000200770797994525
"ENSG00000006047.13",101.403019002996,4.42263204621561,1.01521817382554,4.35633655921494,1.32257366030972e-05,0.000201471399190122
"ENSG00000204262.14",6150.05026452592,2.45562100651037,0.563771925468561,4.35569934503116,1.32642737976866e-05,0.000201908440941177
"ENSG00000211668.2",2517.55444822083,4.94770186549018,1.13601637223365,4.3553085909862,1.32879586323107e-05,0.000202118919730636
"ENSG00000226221.1",80.3134154449827,-1.38827485965329,0.318919833047782,-4.35305276058292,1.34254823630548e-05,0.000204059370179447
"ENSG00000172554.12",25.6897417400033,-3.5556042096983,0.816938211583548,-4.3523538981071,1.34683623466247e-05,0.000204559482633476
"ENSG00000184374.3",46.869634045579,-3.49140700103042,0.802834106852639,-4.34885236094145,1.36851799864822e-05,0.000207698690187143
"ENSG00000163788.14",1537.66874008714,-1.73050571213828,0.398038811742105,-4.34758033912406,1.376476575712e-05,0.000208655795045175
"ENSG00000291156.2",89.3809615578445,2.81885457107864,0.648382302056262,4.3475192986283,1.37685959176805e-05,0.000208655795045175
"ENSG00000257704.4",491.340900230145,-2.43591554313165,0.560477489906156,-4.34614339915687,1.38552008619644e-05,0.000209813174648241
"ENSG00000222033.1",51.9944447885954,2.27821594696219,0.524355370666902,4.3447937685174,1.39406569719495e-05,0.000210951461662621
"ENSG00000049247.14",124.789316246676,1.63651346468462,0.376787106842656,4.34333721872288,1.40334469615472e-05,0.000212198964970179
"ENSG00000144867.13",1242.24235135622,1.44947892429136,0.333745112918672,4.34307160819632,1.40504311486415e-05,0.000212299219065398
"ENSG00000166106.4",279.239959129582,-3.19800255338089,0.736404964418201,-4.34272269729669,1.40727716841668e-05,0.000212480199272574
"ENSG00000188536.13",140.161082792909,-3.63685597411943,0.837708250699124,-4.34143506535148,1.41555114857459e-05,0.000213572190951976
"ENSG00000138829.14",266.526766096082,4.02349239968644,0.926926091206704,4.34068307910992,1.42040464980409e-05,0.00021414688926164
"ENSG00000012048.26",327.607756432485,1.45434299967011,0.335176182410074,4.33904040917436,1.43106209860813e-05,0.000215554541299699
"ENSG00000125810.11",6891.00235851685,-2.07783906712158,0.478883891753488,-4.33892035815474,1.43184395849683e-05,0.000215554541299699
"ENSG00000211666.2",1589.43345716185,4.03447404324167,0.92997769414558,4.33824818448829,1.43622917574707e-05,0.000216056074978121
"ENSG00000221869.5",13940.182997106,-3.00269438631373,0.692233630688507,-4.33768926153905,1.43988530267696e-05,0.000216447274531439
"ENSG00000294107.1",239.372877005896,5.18205182861141,1.19481455110183,4.33711811078352,1.44363058463041e-05,0.000216851293093494
"ENSG00000083093.12",379.243987015724,1.51228645150118,0.348697738195969,4.33695515011132,1.44470089041002e-05,0.000216853199538559
"ENSG00000162836.12",845.639717964993,2.01109108380401,0.463950432070948,4.33471109149969,1.45951676966061e-05,0.000218916838662188
"ENSG00000115353.11",97.3445446719266,-2.74177272688041,0.632558324839107,-4.33441884995789,1.46145685665043e-05,0.000219047597871056
"ENSG00000159208.16",145.820920767723,2.96369427699627,0.683830814226553,4.33395836417281,1.46451884819685e-05,0.000219346197687569
"ENSG00000109534.17",291.520337124375,-1.03459100356178,0.238903395301982,-4.33058308884236,1.48715016447923e-05,0.000222248738866488
"ENSG00000180772.8",154.372308104486,-5.1505722459748,1.18933301792522,-4.33063924766834,1.48677090469224e-05,0.000222248738866488
"ENSG00000299199.1",61.306428025269,-2.36329136495144,0.545684500187068,-4.33087500953622,1.48517973009774e-05,0.000222248738866488
"ENSG00000106089.12",434.412828674758,2.84327907911431,0.656755714071659,4.32927954518578,1.49597940685288e-05,0.000223405402462574
"ENSG00000133466.14",1033.77518185551,2.64805845649179,0.611873036241928,4.32779073377043,1.50612465686996e-05,0.000224747612461374
"ENSG00000169442.9",1314.79490377259,-1.92010255842949,0.443683581687285,-4.32763942070501,1.50715941833003e-05,0.000224747612461374
"ENSG00000150636.17",446.116016448974,-1.86508944922361,0.431133138508209,-4.32601737754868,1.51829449982523e-05,0.000226243535061166
"ENSG00000065534.20",3677.58485509874,-1.86364096885334,0.430887356920907,-4.32512335049883,1.5244653459754e-05,0.000226998093346984
"ENSG00000146143.19",371.759600043292,1.18067008311206,0.272997824897533,4.32483329695104,1.52647251583246e-05,0.000227132020788307
"ENSG00000263513.6",20.1102186954515,3.25718120567831,0.753199559283977,4.32445978695835,1.52906091560989e-05,0.00022735217558858
"ENSG00000142632.17",1333.55409525071,2.30759353684245,0.53364055518102,4.32424693820295,1.53053781474298e-05,0.000227406864880362
"ENSG00000173757.11",2540.09107762989,-1.16874392877514,0.270347002394091,-4.32312516293943,1.53834400463806e-05,0.000228361809420934
"ENSG00000211976.2",141.357426386765,2.97100800500296,0.687255506542346,4.32300356522483,1.5391924532761e-05,0.000228361809420934
"ENSG00000250266.4",15.756595055585,-5.32078222370721,1.2310390382553,-4.32218805282417,1.5448942348764e-05,0.000229042020187316
"ENSG00000163686.15",560.988324775736,-1.71024080006752,0.395814430287115,-4.32081467779471,1.55454193648525e-05,0.000230305837179866
"ENSG00000254810.3",128.710299209245,-2.79467773183295,0.646926833093234,-4.31992860532682,1.56079688298138e-05,0.000231065554430687
"ENSG00000126838.10",79.2931558830864,-3.87188503521475,0.896518674031733,-4.31880020725335,1.56879718749177e-05,0.000232082377578148
"ENSG00000149257.16",17790.7164972541,2.57835008196793,0.597043633706284,4.31852872454604,1.57072781666687e-05,0.000232200455320386
"ENSG00000157152.17",38.8459137457887,-4.03799646503887,0.93517817967284,-4.31788995167906,1.57527934070328e-05,0.000232705530272191
"ENSG00000156218.13",592.815552239794,-3.42256087113536,0.792874603364288,-4.31664837871324,1.58416206073007e-05,0.00023384923609222
"ENSG00000105464.4",206.965465849439,3.25839477050126,0.755152840372628,4.31488116881533,1.59688778640977e-05,0.000235558181097453
"ENSG00000197291.10",134.184548946211,-3.77423325103446,0.874786152209595,-4.31446387382933,1.59990692890838e-05,0.000235833872540168
"ENSG00000257167.4",67.1329123676207,2.18612010743034,0.506715886211946,4.31429163149613,1.60115469341805e-05,0.000235848245932786
"ENSG00000174721.10",59.1543033327605,-1.78673020114235,0.41424731302828,-4.31319683905922,1.60910734271431e-05,0.000236849511521997
"ENSG00000112306.8",13878.3550423568,-1.25513562680263,0.291031416860249,-4.31271523996784,1.61261762378496e-05,0.000237025890738974
"ENSG00000295636.1",17.1609772248553,-4.13365132640545,0.95844988607464,-4.31285076712247,1.61162905568611e-05,0.000237025890738974
"ENSG00000163958.14",11.4399287893962,-3.46400542099837,0.803390938069623,-4.31173076126752,1.6198160196393e-05,0.000237913378701177
"ENSG00000272031.3",75.7570602411408,2.18814053873661,0.507625298151581,4.3105427304437,1.62854354872279e-05,0.000239024029513329
"ENSG00000289353.1",163.259182884013,1.46764583830682,0.340572017823409,4.30935532427627,1.63731126238496e-05,0.000240138985149794
"ENSG00000171115.4",1674.62762313155,-2.90114701506377,0.673653418133394,-4.30658694362818,1.65792782203775e-05,0.000242988935404303
"ENSG00000100253.13",275.637504217289,7.44615652320092,1.72929382198493,4.30589436481884,1.66312412255614e-05,0.000243576407206365
"ENSG00000145545.13",705.297686336482,1.73675928763276,0.403367752764237,4.30564732983966,1.66498133657552e-05,0.000243674356353636
"ENSG00000197753.11",81.9174607259858,2.4473884990024,0.568444274463601,4.30541498779598,1.6667298924018e-05,0.00024375627470618
"ENSG00000170439.8",101.371275463442,2.59316638980222,0.602339948694316,4.30515424956188,1.66869423577584e-05,0.000243869612333199
"ENSG00000111404.7",25.8775473416076,-3.36256544363224,0.781289682162756,-4.30386516090169,1.67843840354524e-05,0.000244770277569642
"ENSG00000131355.16",112.667160089421,-3.18818895453756,0.740762924440053,-4.30392619466954,1.67797583146463e-05,0.000244770277569642
"ENSG00000211651.3",2152.72978336539,4.56504177769436,1.06064495547862,4.30402440902986,1.67723172445105e-05,0.000244770277569642
"ENSG00000197506.8",152.870321585338,2.81217100179687,0.653652719822836,4.30224019041651,1.69079876292204e-05,0.000246397568123337
"ENSG00000165383.12",32.897412764813,-4.74628598373705,1.1032553997589,-4.30207364928763,1.69207044954794e-05,0.000246407759215419
"ENSG00000187800.14",893.0489305846,-2.62863182267692,0.611214563888424,-4.30066948332201,1.702828780021e-05,0.000247798447874739
"ENSG00000172458.5",95.5029753182671,-2.3239798021783,0.540559174183163,-4.29921443048313,1.71404574602789e-05,0.000249227942442115
"ENSG00000263325.2",74.8094607979508,2.32950353513012,0.541860899318662,4.29908033234959,1.71508304128864e-05,0.000249227942442115
"ENSG00000067082.15",11697.9629481321,-2.04454502445775,0.475742227626577,-4.29758996727649,1.72665187004594e-05,0.000250731373536982
"ENSG00000074800.16",35516.368662445,2.2020410799206,0.512884930500187,4.29344078753313,1.75925248377739e-05,0.000255284592550401
"ENSG00000275120.4",22.5794174419316,-2.31442761201375,0.539086481781065,-4.29323993502344,1.76084539609932e-05,0.000255335035372138
"ENSG00000119862.13",1322.74031783417,-2.45930659039403,0.573073198074638,-4.29143536751779,1.77521875151535e-05,0.000257237351809687
"ENSG00000186642.16",738.344085500701,-2.86093621322876,0.6670500754653,-4.28893769516947,1.79529721229034e-05,0.000259850774420415
"ENSG00000228801.9",205.350326288659,1.20878980330687,0.281842971865733,4.28887687106395,1.79578885755817e-05,0.000259850774420415
"ENSG00000165300.8",121.561035602904,3.52586424666792,0.822304590756407,4.28778373160316,1.8046466749218e-05,0.000260948345716478
"ENSG00000187688.15",1077.18572023683,-1.16022966054905,0.270867381949198,-4.28338640186162,1.84070096649664e-05,0.000265974155158895
"ENSG00000113396.13",12.2527600868746,-4.44245523121827,1.03735840350675,-4.28246902536359,1.84830867876806e-05,0.000266697545034907
"ENSG00000174469.23",109.026006664682,4.78095058987131,1.11636214828172,4.28261617184894,1.84708639398027e-05,0.000266697545034907
"ENSG00000214140.11",61.2788400181031,-2.23944229401498,0.523035463218434,-4.28162610664074,1.8553253169157e-05,0.000267521732053724
"ENSG00000140287.11",440.551210646449,-3.30557407545443,0.772348408308477,-4.27990015891141,1.86977172879916e-05,0.000269415316425144
"ENSG00000128203.7",66.4433773310027,2.13259430315399,0.498353220200895,4.27928267884836,1.87496609457526e-05,0.00026995034383742
"ENSG00000129467.14",1273.25086630404,-2.88253121155528,0.673623016346113,-4.27914596385201,1.87611802559658e-05,0.00026995034383742
"ENSG00000271474.2",28.8101395024968,-2.35626982810448,0.550755984244695,-4.27824643854912,1.88371405761956e-05,0.000270853247106813
"ENSG00000025423.11",1351.95823335308,-2.99684221212943,0.70115201622267,-4.27416900014689,1.91851480301344e-05,0.000275663822852051
"ENSG00000182253.15",751.611621531332,-2.22445614964899,0.52048858763414,-4.27378467558754,1.92182638937056e-05,0.000275946276524187
"ENSG00000129657.16",3615.8537830106,-1.38925562129185,0.325146919982795,-4.27270115726565,1.93119201273636e-05,0.000277096998104594
"ENSG00000233237.10",488.772189500469,-3.43155206196396,0.803207055366187,-4.272313146452,1.93455642561731e-05,0.000277385629026974
"ENSG00000289340.3",32.088331418625,-3.90393206931808,0.913833567212648,-4.27203837699435,1.93694230656995e-05,0.000277533648175473
"ENSG00000035141.10",910.933832270271,1.16003025704151,0.271566456732119,4.27162570444329,1.94053089484708e-05,0.000277853669468887
"ENSG00000287255.4",31.9063125862464,-2.34367160884288,0.54868278569938,-4.27145095477255,1.94205242042559e-05,0.000277877479612047
"ENSG00000158477.7",454.785070897205,5.14133581804175,1.2042076370353,4.26947617663302,1.95932574600828e-05,0.00028015352228838
"ENSG00000183765.24",394.303810430211,1.7404026785688,0.407661149183375,4.26923851354285,1.96141441472865e-05,0.000280256732819486
"ENSG00000157064.11",504.939425174651,3.5638111663397,0.834854841429062,4.26877942067072,1.96545509365685e-05,0.000280638518386769
"ENSG00000117114.21",2809.1578667774,-2.27640457240944,0.533344073445461,-4.2681726220442,1.97080796067744e-05,0.000281207003658526
"ENSG00000142002.19",2931.8834726494,0.894745660509802,0.209643168313047,4.26794570846083,1.97281324048559e-05,0.000281297376098168
"ENSG00000129910.8",39.8868782695348,2.99619835368974,0.702287635109273,4.26634074687012,1.98705217559963e-05,0.000283130770038185
"ENSG00000135374.11",124.637425135407,-4.08319615913311,0.957387992383754,-4.26493353960556,1.9996171419016e-05,0.000284723263038545
"ENSG00000143995.20",943.995945146693,-2.04664521068174,0.480014549063407,-4.26371495338029,2.01055900288833e-05,0.000286082593998768
"ENSG00000167476.10",193.085880481663,3.66832206748572,0.860499733036562,4.26301360320103,2.01688235209426e-05,0.000286594904410492
"ENSG00000253729.9",4299.3925187695,1.50593687441089,0.353257074818472,4.26300556099195,2.01695497007579e-05,0.000286594904410492
"ENSG00000130052.14",1066.19736820432,-1.99911557445905,0.469398678878369,-4.25888623980781,2.05447986763202e-05,0.000291522873397419
"ENSG00000288826.2",63.6213901835732,-2.26736179704901,0.532374694532689,-4.25895862507001,2.05381477475796e-05,0.000291522873397419
"ENSG00000296396.1",7.96907615008932,-5.53521087464545,1.30023924887799,-4.2570710578241,2.07122539343602e-05,0.00029369575011765
"ENSG00000278970.5",161.967578802603,-1.24301673394561,0.29213211958246,-4.25498139582266,2.09066397702029e-05,0.000296247230026427
"ENSG00000106992.19",312.544187423593,-2.07991324626695,0.489028412843701,-4.25315419644486,2.10780328407189e-05,0.000298469603153384
"ENSG00000164749.13",144.083427113432,4.02687754249056,0.946871901393594,4.25282188283742,2.11093475989708e-05,0.00029870673786701
"ENSG00000100191.6",67.3863839467065,-3.48680254969453,0.820076449356413,-4.25180183192791,2.12057464629428e-05,0.000299863879638744
"ENSG00000118181.11",11249.6157468093,-1.14183375613007,0.268713684214948,-4.249257939602,2.14479835565649e-05,0.000303080258334808
"ENSG00000137831.15",2531.30764235937,-1.98765081865645,0.468081009489008,-4.24638209703554,2.17250017883134e-05,0.000306676371561229
"ENSG00000240036.4",37.390911937567,-1.92655724700375,0.453701939427467,-4.24630595459852,2.17323823584894e-05,0.000306676371561229
"ENSG00000134910.14",4371.43123903087,1.31389493872423,0.309561967981986,4.24436808981872,2.19210270658757e-05,0.000308913222652038
"ENSG00000231170.8",26.8763199465994,-3.13541271680145,0.738702767161592,-4.244484867505,2.19096151520784e-05,0.000308913222652038
"ENSG00000198909.8",2057.55662949073,-1.10436973998588,0.260232489297436,-4.24378117800514,2.1978467816783e-05,0.000309509961617664
"ENSG00000135052.16",4136.41421720121,2.28600678656437,0.538698322933514,4.24357509434182,2.19986710795333e-05,0.000309581847504976
"ENSG00000215784.6",42.2176320918483,2.14826890459212,0.506465447878623,4.2416889712622,2.21843988280886e-05,0.00031198142220242
"ENSG00000308504.1",12.6665215108894,-4.55301051798722,1.07370731532773,-4.24045776068638,2.23064409838153e-05,0.000313482704545681
"ENSG00000146574.16",1382.68317474149,1.87712633561737,0.442702290578126,4.24015501064163,2.23365484262834e-05,0.000313690814337339
"ENSG00000125885.13",175.483716228641,1.58554035627391,0.373950410522245,4.23997490485332,2.23544776666017e-05,0.000313727727635866
"ENSG00000070778.13",1471.93575324216,-1.78224367244776,0.420838207788669,-4.234985415922,2.2856653952365e-05,0.000320555973077491
"ENSG00000259153.5",134.254821469573,3.01866508772494,0.712980034856326,4.23387043135539,2.2970332047272e-05,0.000321930067188834
"ENSG00000251003.10",97.2489550848014,5.25549041298521,1.24138897125288,4.23355655212649,2.30024304837571e-05,0.000322159723114041
"ENSG00000173267.14",446.003662606631,-2.8659242009151,0.677048277907533,-4.2329687474761,2.30626563844774e-05,0.000322782734817287
"ENSG00000214578.5",29.0530093280411,-3.97765697699187,0.939751752755817,-4.23266779266696,2.3093549978653e-05,0.000322994644449046
"ENSG00000061656.11",286.663879798119,2.21587743850963,0.52377281596787,4.23060794862931,2.33060565538878e-05,0.000325744637751135
"ENSG00000164078.15",1629.35413137415,2.33090005660628,0.551145207299284,4.22919409574137,2.34529941243658e-05,0.000327575062347409
"ENSG00000144395.18",70.4646936862422,2.26375083828452,0.535337649860252,4.22864119285365,2.35106951123686e-05,0.00032800768859055
"ENSG00000278023.7",13.3155087036112,3.28401621212277,0.776621901354612,4.22859078065487,2.35159628476447e-05,0.00032800768859055
"ENSG00000211660.3",885.327832313699,3.79427671603034,0.897603592208766,4.22711846182971,2.36703065532849e-05,0.000329936074485761
"ENSG00000038427.16",7785.27527543259,2.61488682395108,0.618761078949709,4.22600404729659,2.37877714154293e-05,0.000331348142052964
"ENSG00000174938.15",1827.33520602651,2.82681934069515,0.669200736055097,4.22417249173858,2.39820322483429e-05,0.00033382728392398
"ENSG00000135119.15",121.800590954325,2.89512801876448,0.685577215753049,4.22290582627432,2.41172608437797e-05,0.000335481897110488
"ENSG00000137474.23",472.919159690095,1.82158888203023,0.431460876844183,4.2219097484662,2.42241108709188e-05,0.000336739775794792
"ENSG00000243466.1",564.637944212186,3.39861130415803,0.805081018920312,4.22145252997751,2.42733077221604e-05,0.000337020791747522
"ENSG00000270276.3",49.6605865513089,4.33092565164244,1.02594135417144,4.22141639386409,2.42772000298035e-05,0.000337020791747522
"ENSG00000293475.2",110.969179343057,4.572687671767,1.08439151386394,4.2168235487877,2.47767696560465e-05,0.000343723196906344
"ENSG00000261625.1",18.947221628934,-2.52975616723634,0.599963171255129,-4.21651909390382,2.48102289095976e-05,0.000343954654200398
"ENSG00000187116.14",219.5367498894,-2.28869398409396,0.542860040701311,-4.2159927283232,2.48681773210786e-05,0.000344525072832023
"ENSG00000111052.8",275.32288237306,-2.6810580987374,0.636020517835183,-4.21536416445005,2.49375455850582e-05,0.000345116209173368
"ENSG00000235065.1",10.6212686675285,-3.84046091524358,0.911076284744597,-4.21530115485354,2.49445094613213e-05,0.000345116209173368
"ENSG00000211896.7",80420.8138371098,4.35112858073563,1.03254300389827,4.21399260302803,2.50895505820208e-05,0.000346888836907454
"ENSG00000183161.6",328.184714556548,1.43362059149945,0.340250647845393,4.21342501646278,2.5152711546532e-05,0.000347527761152353
"ENSG00000009830.13",825.478862781797,1.31340794974239,0.311886714499548,4.21116991741657,2.54051561097731e-05,0.000350779340656422
"ENSG00000243147.8",686.145378672875,-1.0990122671691,0.261317775021854,-4.20565446448177,2.60327715225708e-05,0.000359203194682901
"ENSG00000115738.10",3153.34286280579,-1.45487747151486,0.346163854712706,-4.20285784234266,2.63566123260872e-05,0.000363427020265025
"ENSG00000196159.14",938.446604676764,-1.63305806476559,0.388643486468557,-4.20194373924678,2.64632910422328e-05,0.000364652768501305
"ENSG00000124571.18",1115.70027880856,1.41968315893107,0.338035274093388,4.19980773526867,2.67141725315769e-05,0.000367688670883982
"ENSG00000155265.12",390.253598929542,2.63429619235742,0.627248804577594,4.19976279449655,2.67194752056737e-05,0.000367688670883982
"ENSG00000235257.12",85.3810970789189,-1.90328707886532,0.453284808011739,-4.19887683245724,2.68242166760502e-05,0.000368882453873731
"ENSG00000106105.15",2675.15878723699,1.72300123484861,0.410400915484614,4.19833672352811,2.68882616484405e-05,0.000369515359812081
"ENSG00000169020.10",259.496087960982,-2.24880577730324,0.535820869207586,-4.19693577935655,2.70550610550329e-05,0.000371558587992227
"ENSG00000182916.8",67.6645312009413,-1.95498813811985,0.465846475010354,-4.19663610865875,2.70908680067414e-05,0.000371801310314743
"ENSG00000166670.10",98.2746835347627,4.9006685135505,1.16801383521969,4.19572813761125,2.71996346591285e-05,0.000373044353880114
"ENSG00000132746.16",217.130394118521,4.19787022360659,1.0005827402754,4.19542538026508,2.7235994448143e-05,0.000373293335671608
"ENSG00000109205.17",33.4879823532942,-3.47739999074071,0.828968536258961,-4.1948516000786,2.73050296848243e-05,0.000373989531501428
"ENSG00000203814.7",112.182774326607,4.21852958981597,1.00585083830149,4.19399122531878,2.74088588603884e-05,0.000375161042772633
"ENSG00000111339.12",187.194335351971,-4.16467787316221,0.993367990607824,-4.19248245618818,2.75918426101932e-05,0.000377162093919601
"ENSG00000148516.23",1479.2973781574,-1.37096585402047,0.327004684404124,-4.19249606934125,2.7590186424339e-05,0.000377162093919601
"ENSG00000114268.12",436.831607199145,1.50328684150968,0.358607962633225,4.19200630814549,2.76498306293496e-05,0.000377702949516445
"ENSG00000285410.1",444.054374436014,-1.47484329717098,0.351883524109387,-4.19128261518862,2.77381880203446e-05,0.000378657661231123
"ENSG00000169035.12",38.0239034302045,-4.91123574648828,1.1719122977656,-4.19078778834575,2.77987570652902e-05,0.000378896064208618
"ENSG00000183722.9",2149.5046550918,-1.86255509508115,0.444438303440055,-4.1908068694002,2.77964191287275e-05,0.000378896064208618
"ENSG00000254109.7",159.023523436674,-3.18006874319984,0.758841836467282,-4.19068716348634,2.78110893793392e-05,0.000378896064208618
"ENSG00000260260.4",213.856419176043,-1.77161446101122,0.422785467899153,-4.19033906206492,2.78537918941753e-05,0.000379225862548586
"ENSG00000164934.15",1012.56153582503,1.26230934673312,0.301274341967149,4.18989993801317,2.79077493185588e-05,0.000379708355691924
"ENSG00000101104.13",1335.35202583322,2.21080209642273,0.527670953324746,4.18973620301235,2.79278937014553e-05,0.000379730459187427
"ENSG00000164877.19",5017.29885511818,2.88962773799654,0.689818287332753,4.18896945914489,2.80224105929961e-05,0.000380763092643335
"ENSG00000243199.1",181.184201506164,-1.57237407468773,0.375392244790248,-4.18861629804394,2.8066047158268e-05,0.000381103464194124
"ENSG00000182782.8",352.773165266545,-2.27277457727325,0.542657324577599,-4.18823164147349,2.81136488006515e-05,0.000381497190607915
"ENSG00000305617.1",58.7212923295093,-3.10713103318207,0.741971761834123,-4.18766750031211,2.81836006995882e-05,0.000382193484619283
"ENSG00000101463.6",155.410453869916,3.57885427738297,0.854754348879266,4.18699744795155,2.82669002765441e-05,0.000383069744395414
"ENSG00000198576.4",395.775448973342,-3.78763745079049,0.904670547121317,-4.18675888459378,2.82966144603787e-05,0.000383219143259976
"ENSG00000099958.15",365.851607125174,2.96488054515104,0.708239718414157,4.18626697721754,2.83579775968547e-05,0.000383796681614462
"ENSG00000182950.3",53.8076786030233,-2.93118567183469,0.700348921786272,-4.1853218883504,2.84762281833086e-05,0.000385142864558416
"ENSG00000113248.6",118.444489153643,-2.24181519674891,0.536409879189774,-4.1792951318031,2.92414003837437e-05,0.000395231162470851
"ENSG00000167588.13",439.50905368484,-2.71966032478099,0.650948646674962,-4.17799520541748,2.94089853155254e-05,0.000397234410348836
"ENSG00000134575.13",1380.42405441204,1.09796960461854,0.262816179642959,4.17770932562124,2.94459628531003e-05,0.000397472035773514
"ENSG00000160753.17",1325.56160228393,0.877419148144866,0.210045735681442,4.17727665500227,2.95020113289187e-05,0.00039796660545273
"ENSG00000095585.18",394.318509448447,1.58879272782905,0.380429400531146,4.17631425334324,2.96270454059651e-05,0.000399390492441754
"ENSG00000162817.7",1243.7547189443,-2.85073126479649,0.682997907548261,-4.17385065648251,2.99494118838697e-05,0.000403470920674681
"ENSG00000257335.8",127.772373745303,-2.42768095248225,0.58180567973277,-4.17266629916248,3.01055712845671e-05,0.00040530836087903
"ENSG00000123975.5",329.769617062102,2.30605754610222,0.552679448279069,4.17250461055284,3.01269501230737e-05,0.000405330042863191
"ENSG00000186952.15",73.5851568997697,-3.25293992392792,0.779745744693709,-4.17179567322385,3.0220857880434e-05,0.000405794675822148
"ENSG00000198691.14",280.808274988472,4.13537665972339,0.991232482132762,4.17195434397549,3.0199815790577e-05,0.000405794675822148
"ENSG00000259134.8",39.0642898965014,-2.7690135175674,0.66373728834652,-4.17185167412467,3.02134297416801e-05,0.000405794675822148
"ENSG00000170323.9",1405.88329385004,-4.14724291214598,0.99465500925979,-4.16952900607449,3.05229769095054e-05,0.00040958319276996
"ENSG00000172828.13",331.306419730751,2.93723397644326,0.704738790935322,4.16783354942758,3.07508346483959e-05,0.000412370904925252
"ENSG00000235750.10",2422.23721722745,-1.65050357988129,0.39609057365657,-4.16698525451999,3.08654454665386e-05,0.000413377137149653
"ENSG00000243264.3",123.865330937332,3.61999861581811,0.868734393133521,4.16697974021817,3.08661918150663e-05,0.000413377137149653
"ENSG00000115604.12",529.849874636752,-2.43897825744407,0.585480801843525,-4.16576982501282,3.10303665089416e-05,0.000415304591970848
"ENSG00000273100.1",33.7753326604797,-4.4535955541328,1.06917958753251,-4.16543264206058,3.10762668640412e-05,0.000415647603248729
"ENSG00000261740.7",29.5460090194172,2.68753786647604,0.645392306920462,4.16419259674759,3.1245628467903e-05,0.000417640395114657
"ENSG00000152527.14",1840.07807429556,-2.26366978281978,0.543666562154335,-4.16370978169,3.13118067939827e-05,0.000418252303911285
"ENSG00000115896.17",249.094006268038,-1.95916403104101,0.470558803462002,-4.1634839612542,3.13428051651029e-05,0.000418393800198743
"ENSG00000214708.4",78.0649070744538,-2.81527309523099,0.676311920543096,-4.16268442077771,3.14527926437512e-05,0.000419316034049073
"ENSG00000240809.1",45.560875369833,3.99963990248576,0.960825227209181,4.16271324817641,3.14488206847971e-05,0.000419316034049073
"ENSG00000112964.14",234.300141177969,-2.75078600261453,0.660885109116372,-4.16227565830986,3.15091649618587e-05,0.000419794618829077
"ENSG00000095539.16",142.721403478492,-1.19980035557091,0.288390575303255,-4.16033136418992,3.17786188596046e-05,0.000423109611102164
"ENSG00000211639.2",214.34453442875,4.87450626660878,1.17179166019051,4.15987451712729,3.1842248824752e-05,0.000423681680663669
"ENSG00000102409.10",992.906502527943,-1.0394426012122,0.249996975715048,-4.15782070258715,3.21298038297947e-05,0.000427072647170182
"ENSG00000159723.5",28.064269349487,-3.05886762320256,0.735701389361396,-4.15775702946234,3.21387580269016e-05,0.000427072647170182
"ENSG00000077935.17",60.3757139748297,3.67034271252782,0.883097771911462,4.15621330872954,3.23565746513516e-05,0.00042931865352162
"ENSG00000167874.7",252.302811774029,-2.82117743485687,0.678801696499191,-4.15611429583431,3.23705929742697e-05,0.00042931865352162
"ENSG00000300467.1",17.9432051753331,-3.91664068658229,0.942344077513543,-4.15627452863788,3.23479099746696e-05,0.00042931865352162
"ENSG00000176834.14",633.278729510586,-1.61620357586518,0.389919798586441,-4.14496412268454,3.39866918561894e-05,0.000450460975965939
"ENSG00000158055.17",38.7274383822249,3.63361188054332,0.876672515126351,4.14477677564652,3.40144894967469e-05,0.000450538173540891
"ENSG00000119042.18",204.931196494363,2.04878199226486,0.494377603143987,4.14416425670513,3.41055228643395e-05,0.00045087017460375
"ENSG00000171492.14",581.644357500702,1.0260035525168,0.24757407138979,4.14422862118472,3.40959460616424e-05,0.00045087017460375
"ENSG00000213024.13",1792.61080359159,1.25919837693172,0.303842767532295,4.14424337679152,3.40937509321218e-05,0.00045087017460375
"ENSG00000133116.8",350.585872822112,-2.91877775245192,0.704661449123368,-4.14209938131711,3.44141152673878e-05,0.000454656584692345
"ENSG00000196569.14",988.185410799406,-1.51643902603786,0.366184668747756,-4.14118655274026,3.4551379717618e-05,0.000455882554523836
"ENSG00000278918.1",52.4475071317481,-2.26782328385629,0.547623039126523,-4.14121233371325,3.45474958391819e-05,0.000455882554523836
"ENSG00000248329.6",18.2866064159374,3.85492348645363,0.931046923935536,4.14041804698615,3.46673449622307e-05,0.000457118483026096
"ENSG00000125356.7",847.688684182429,-1.38498992562981,0.334614566456472,-4.13906047276031,3.4873102674869e-05,0.000459536052214341
"ENSG00000086205.18",230.90525495381,1.47849364471708,0.357226689202177,4.13881070313956,3.49110845487835e-05,0.00045974109029432
"ENSG00000050165.19",3503.63985446615,-1.93578962457863,0.467907205850108,-4.13712291748451,3.51687736602086e-05,0.000462837313946673
"ENSG00000290846.2",91.1281603874236,2.32047817312015,0.560962342823026,4.1366023990887,3.5248609538933e-05,0.000463590436168237
"ENSG00000213551.7",423.428221356367,1.18546032592347,0.286603056433649,4.13624453512386,3.53035976714983e-05,0.000464016004266924
"ENSG00000101204.18",10.6319887930534,-4.66149749773783,1.12730512451828,-4.13508055303997,3.54830150351849e-05,0.000466075426189258
"ENSG00000163348.4",1699.27823182347,1.29156290477049,0.312474468662548,4.13333899021778,3.57530790181305e-05,0.000469322107674614
"ENSG00000196230.14",13530.3797664444,1.27586899253615,0.308958710797461,4.12957766830064,3.634302158257e-05,0.000476760917804872
"ENSG00000128512.24",1872.37654344315,-1.66521942432673,0.403350887213967,-4.12846352174595,3.65195361112312e-05,0.00047877018441476
"ENSG00000161082.13",66.796198358716,4.26634482229312,1.03369129394348,4.12729104645664,3.67061705505485e-05,0.000480909470267378
"ENSG00000110651.13",13920.7701935406,-1.11830854571763,0.270976572849113,-4.12695656292153,3.67595793869229e-05,0.000481301670338102
"ENSG00000150510.17",161.008451350678,-2.65133380250896,0.642763781379267,-4.12489608051596,3.70902187244337e-05,0.000485320896442749
"ENSG00000172818.10",58.2075415251536,2.86880459432496,0.695568924692688,4.12440017442188,3.71702157605188e-05,0.000485438282773043
"ENSG00000196793.14",122.73016663473,1.65755505494676,0.401870026259266,4.12460483897195,3.71371804902024e-05,0.000485438282773043
"ENSG00000249741.2",21.2103114952153,-3.10428265024069,0.752655003963255,-4.12444298369701,3.71633035323993e-05,0.000485438282773043
"ENSG00000243244.7",490.780632680318,-1.66914168989781,0.40481894761556,-4.12318074469905,3.73676251376327e-05,0.000487705783464049
"ENSG00000197670.6",40.4389230055277,2.69599465185138,0.65451421842445,4.11907728810107,3.80392553606581e-05,0.000496155783660899
"ENSG00000175482.9",604.441436211588,2.45700307816222,0.596604307717774,4.11831266784034,3.81656639551533e-05,0.000497488095191649
"ENSG00000166803.14",77.9396782678063,2.42928417937862,0.589932089294833,4.11790479524929,3.82332572725674e-05,0.000498052545817485
"ENSG00000047457.14",12427.5513860628,5.24798286675266,1.27449319800264,4.11770174605655,3.82669492700014e-05,0.0004981749383061
"ENSG00000244733.5",32.8341242069456,-2.53889594450918,0.617049272877909,-4.11457570100975,3.87892248310276e-05,0.000504653722040222
"ENSG00000184992.13",526.204001150826,1.35879923314155,0.330293874909491,4.11390987348433,3.89013367927834e-05,0.000505488885351773
"ENSG00000235027.1",36.9632350797655,2.24843114456052,0.546544701148881,4.11390164397192,3.89027243993903e-05,0.000505488885351773
"ENSG00000232112.3",633.602834173955,-1.07929880879052,0.262399772185559,-4.11318500698728,3.90237393790228e-05,0.000506740185071237
"ENSG00000071539.14",431.309065535615,3.02271646202181,0.735343693100389,4.1106172397798,3.94602858715807e-05,0.000512084621209424
"ENSG00000176887.7",244.651845080697,7.05360944852079,1.71710897379886,4.10784030376108,3.99376081641514e-05,0.000517648724669117
"ENSG00000232679.4",204.962254113843,3.16181174526989,0.769703810958436,4.10782914187835,3.99395377695349e-05,0.000517648724669117
"ENSG00000171502.15",113.834485978304,2.18391245946527,0.531667888988415,4.10766289388009,3.996828829114e-05,0.000517694114416636
"ENSG00000104967.8",429.675586938475,-2.87646483673937,0.700351416945629,-4.10717358049221,4.00530229705759e-05,0.000517834326976969
"ENSG00000166140.17",948.748896919485,1.17194791764024,0.285342450251966,4.10716287256023,4.00548791740867e-05,0.000517834326976969
"ENSG00000228100.3",54.9324315909937,-2.3768239526077,0.578684009729154,-4.10729156611766,4.00325757485956e-05,0.000517834326976969
"ENSG00000162552.15",72.454056547129,-1.58088019368981,0.384955780997993,-4.1066539891709,4.01431875146724e-05,0.000518648970889
"ENSG00000170836.13",796.45240608199,-1.24216333329208,0.30249848431162,-4.10634564374368,4.01967856505667e-05,0.000519014416233765
"ENSG00000197930.13",3607.62004628715,2.38401595601976,0.580591525649661,4.10618455609067,4.02248137078296e-05,0.000519049452652824
"ENSG00000163755.9",986.589766356238,1.17174052445279,0.285392038698536,4.1057225345046,4.0305304952963e-05,0.000519760989154436
"ENSG00000130224.15",227.607632984313,-2.15995562311906,0.526295313120875,-4.10407535326649,4.05935147895002e-05,0.000523148602918864
"ENSG00000011465.18",36673.9394240366,-1.8240320292142,0.444517473021394,-4.10339781879938,4.07126307731512e-05,0.000524354134028073
"ENSG00000137486.17",2430.19609015632,-1.54994145801079,0.377749322916202,-4.10309526446093,4.07659293051537e-05,0.000524710994647126
"ENSG00000258623.2",46.4361163485113,2.57916822599084,0.628811319522167,4.10165680215608,4.10202384696524e-05,0.000527653054944638
"ENSG00000130528.12",45.444298763091,-2.81981119278947,0.687891994150103,-4.09920629512976,4.14569394354613e-05,0.000532936104191034
"ENSG00000244476.4",27.1746597014578,-3.37126431019132,0.822505348848999,-4.09877493794905,4.15342660720993e-05,0.000533595608735792
"ENSG00000078549.16",63.2775074752283,-2.84588741653745,0.694404307946325,-4.09831474829708,4.16169121890738e-05,0.00053432258454901
"ENSG00000307246.1",20.0594489040787,-4.56680529706532,1.11493989112229,-4.0960103171736,4.20331206045175e-05,0.000539328601298514
"ENSG00000135314.14",75.9326909800801,2.03264905851701,0.496345083957451,4.09523358690355,4.21742952695948e-05,0.000540801594876655
"ENSG00000203999.11",52.3859919143867,2.79952130320161,0.683958996752072,4.09311276918024,4.2562059261511e-05,0.000545432789436263
"ENSG00000186891.14",538.882703654763,3.18614912252057,0.778497909385733,4.09268809088335,4.26401115535979e-05,0.000546091722232962
"ENSG00000140280.14",470.647120189755,-1.00771192688232,0.246257867577499,-4.0921004343757,4.27483418530448e-05,0.000546794760670512
"ENSG00000149679.12",466.829605773483,1.90808400949241,0.466269050409744,4.09223817839859,4.27229498018789e-05,0.000546794760670512
"ENSG00000231758.4",37.0147006796453,-3.11482843898763,0.761396250789744,-4.09094270658259,4.29623266539435e-05,0.000549189242962879
"ENSG00000274225.2",24.6780046156372,-2.74455237782723,0.670944969320039,-4.09057747404928,4.30300437844751e-05,0.000549369874070285
"ENSG00000280734.5",119.471968959109,1.61519356144045,0.394846267712774,4.09068970259434,4.30092249156456e-05,0.000549369874070285
"ENSG00000144591.20",1236.09369340947,1.13132201908709,0.276591745203206,4.09022336605139,4.30957949998536e-05,0.00054986694503858
"ENSG00000117597.18",707.333834875727,1.34619716737419,0.329231344846911,4.08890948096135,4.33405926706741e-05,0.000552646462760884
"ENSG00000203760.9",145.805428964219,1.34772358937529,0.329675881186501,4.08802604705217,4.35059314524832e-05,0.000554409955563528
"ENSG00000115902.11",1063.35457277839,1.88269715591937,0.460614942122091,4.08735580145453,4.36317700209831e-05,0.000555668206528098
"ENSG00000134115.13",171.355115733768,-3.48042888905418,0.852077021922555,-4.08464117621812,4.41449805292882e-05,0.000561855171180959
"ENSG00000049089.15",1157.70728956987,2.72180747353762,0.666569749268206,4.08330482522761,4.43997210330525e-05,0.000564746823859621
"ENSG00000157778.9",1007.01314336628,1.87336403240259,0.45885528152992,4.08269035534776,4.45173210787233e-05,0.000565891600370826
"ENSG00000170367.5",20.9093105642668,-3.28709824420166,0.805576210309333,-4.08043112760175,4.49522473572072e-05,0.000571066220453641
"ENSG00000272143.3",61.3234798319006,-2.68483436720232,0.658115193094507,-4.0795811969908,4.5116909205559e-05,0.000572803161827109
"ENSG00000188305.6",25.4848166010432,-2.30244178812825,0.564631407071535,-4.07777845740088,4.54680594779844e-05,0.000576904140802347
"ENSG00000169064.13",112.605247214883,-4.45077221911664,1.09199876382897,-4.07580334936508,4.58557598514116e-05,0.000581463512673682
"ENSG00000078687.18",561.079019535201,-1.0187940341162,0.250048834880069,-4.07438024898153,4.61370458095845e-05,0.000584307589425399
"ENSG00000135298.15",96.659305574195,-2.65207716728136,0.650893537008375,-4.07451759234051,4.61098277421865e-05,0.000584307589425399
"ENSG00000154305.18",2762.92964323899,1.2918167914858,0.31716647017562,4.07299293260886,4.64128332566737e-05,0.000587437489564715
"ENSG00000176641.11",462.310510959722,-2.00833672464903,0.493307856908606,-4.07116306080062,4.67789886033777e-05,0.000591706589959072
"ENSG00000187017.18",577.307246558889,2.76003059722383,0.678003314706023,4.07082168679449,4.68475996270401e-05,0.000591844228436741
"ENSG00000204217.16",3970.11403122077,-1.62269652524143,0.398602745282659,-4.07096173933959,4.68194396435881e-05,0.000591844228436741
"ENSG00000119285.11",1038.24323754841,1.5640100854186,0.384297170274569,4.06979339530696,4.70548477686e-05,0.000594096427738531
"ENSG00000154864.14",618.783962381871,-2.42179461988925,0.595244904573251,-4.06856841828071,4.73028717998586e-05,0.000596860359005723
"ENSG00000159433.12",1025.92426302145,-2.03275389569177,0.499735035103258,-4.06766336739178,4.74869153051112e-05,0.000598814090661747
"ENSG00000187492.9",136.510285315792,-3.94266401308699,0.969350672572792,-4.06732478208594,4.75559414986132e-05,0.00059931593391983
"ENSG00000090530.10",1238.56406407109,-2.46695070718403,0.606737113106579,-4.06593012672803,4.78412692052538e-05,0.000602541390531034
"ENSG00000272808.5",56.6533666973879,2.86379029718414,0.704529371967428,4.06482740270556,4.80680199207457e-05,0.000605025586528526
"ENSG00000225938.4",51.6627616105802,-2.77393931690661,0.682671198243703,-4.06336069844908,4.83711943310685e-05,0.000608468078873759
"ENSG00000198331.11",151.26159452116,1.74031391041155,0.428388879519481,4.06246285469324,4.85576762820836e-05,0.000610439358974765
"ENSG00000140505.7",11.0974052024321,-4.6147275556663,1.13599170909612,-4.0622898201767,4.85936937587771e-05,0.00061051782893993
"ENSG00000162614.19",692.032359515339,-1.8298846696676,0.450579122091537,-4.06118388524858,4.88244952350182e-05,0.000613041916900682
"ENSG00000150201.15",9.18804009745331,-5.00034673859523,1.23166016528921,-4.05984286860579,4.91057508558989e-05,0.000615819153241193
"ENSG00000256508.3",10.7140685676814,-4.63960576712377,1.14279603250321,-4.05987213392845,4.9099596588362e-05,0.000615819153241193
"ENSG00000197561.7",23.4222334481158,-3.34107573197896,0.82303462030162,-4.05945952887686,4.91864317431441e-05,0.000616144439904296
"ENSG00000265752.4",27.9253367243682,-2.50818339013394,0.617865281647261,-4.05943409451166,4.91917893154181e-05,0.000616144439904296
"ENSG00000173258.13",205.202674425748,-1.53544460289723,0.37827472394294,-4.05907269429094,4.92679755607924e-05,0.000616721960255487
"ENSG00000124664.11",613.660498156149,4.12499695144574,1.0166156053305,4.05757783946737,4.95842934713574e-05,0.000619924605693117
"ENSG00000245025.4",93.537862792758,-1.50216310415728,0.370209530188322,-4.05760247012858,4.95790659509701e-05,0.000619924605693117
"ENSG00000117245.13",190.764180288064,-1.98487961792148,0.489247402075101,-4.05700594321562,4.97058176188878e-05,0.000620945565799277
"ENSG00000214941.8",450.235904578747,-0.97209398062086,0.239614462033095,-4.05690863720319,4.97265225830283e-05,0.000620945565799277
"ENSG00000286393.1",36.9349280373603,-3.3803711791252,0.833461319494887,-4.05582250796456,4.99581868861323e-05,0.000623458712059195
"ENSG00000196814.15",1232.25491578908,-1.67989700065686,0.414483034434925,-4.05299339440301,5.05664307357612e-05,0.00063066550839784
"ENSG00000162267.14",119.248161113588,-3.43553054574169,0.848080359522591,-4.05094930824203,5.10102586018195e-05,0.000635589815743878
"ENSG00000230479.2",61.9045132911742,2.48452773759765,0.613328902970983,4.05088970300034,5.10232557898177e-05,0.000635589815743878
"ENSG00000287335.3",19.6601034162235,3.35368491694857,0.827974818401867,4.05046728766673,5.1115455311018e-05,0.000636351727806383
"ENSG00000266964.6",14.7399658788393,-3.10694927609452,0.767137864784492,-4.05005334597496,5.12059584777934e-05,0.000637091609604779
"ENSG00000127920.6",2392.91597134484,-2.34665878997337,0.579597955865657,-4.04876995549187,5.14875220608588e-05,0.000640206277947755
"ENSG00000104951.16",585.625623413596,2.3961372956941,0.591945538139442,4.04790160801862,5.16788607421498e-05,0.000642195976155781
"ENSG00000137309.21",5214.34757286912,2.9763739979531,0.735378127104866,4.0474062094706,5.17883225374798e-05,0.000643166423566617
"ENSG00000130940.15",951.672049849701,-1.38267191802571,0.341653218279261,-4.04700393278759,5.18773700169095e-05,0.000643882321323676
"ENSG00000101198.15",113.948568962579,4.56445385469347,1.12827403904203,4.04551881612816,5.22073719098092e-05,0.000647556528242202
"ENSG00000182985.19",2724.0061754844,-1.71733646943966,0.424517134902005,-4.04538787306215,5.22365634857883e-05,0.000647556528242202
"ENSG00000172403.11",1696.87042003688,-2.93288607092562,0.725153796679887,-4.04450212403745,5.24344330506917e-05,0.000649251680958361
"ENSG00000175711.9",224.95084515967,1.03627893906251,0.256219784125131,4.04449228072263,5.24366359572301e-05,0.000649251680958361
"ENSG00000168779.21",59.8647714764136,3.57237386495421,0.883465823510426,4.04359033466568,5.26388615989257e-05,0.000651362231879524
"ENSG00000198125.13",72.0203273784545,2.87679999633899,0.711571043901061,4.04288513563938,5.27974890888219e-05,0.000652931071337276
"ENSG00000127586.17",1183.89812954401,2.20389743085141,0.545201877230149,4.04235114165073,5.29179069635262e-05,0.00065402577720322
"ENSG00000162747.13",1309.6811072542,-3.86094865256349,0.955248473739444,-4.04182656000412,5.30364556869914e-05,0.000655096076750645
"ENSG00000257108.2",79.9394485157552,-2.67075742693363,0.660890680023113,-4.04114857065351,5.31900454129864e-05,0.000656597646687461
"ENSG00000146242.9",1316.57756477373,2.14964029281192,0.531982356805636,4.0408112511846,5.3266617693575e-05,0.000657147249812913
"ENSG00000302538.1",60.3560983830715,-4.10724508300656,1.01658490510576,-4.04023811722767,5.33969599516675e-05,0.000658359150239921
"ENSG00000267123.7",54.1530962727046,4.1867380207426,1.03631173553657,4.04003725633277,5.34427112555429e-05,0.000658527254557483
"ENSG00000106714.18",138.14861081083,-2.35645055562826,0.583363886370729,-4.03941795281226,5.35840076968728e-05,0.000659475686564634
"ENSG00000135406.15",11.1326393153715,-3.85482878955618,0.954292786483204,-4.03946131015215,5.35741040440106e-05,0.000659475686564634
"ENSG00000185112.6",1029.78054051919,-2.32392026054729,0.575899545374065,-4.03528754140244,5.45354685047655e-05,0.0006707829911348
"ENSG00000293413.2",114.906787773476,4.11393280689135,1.01981657744244,4.03399287468785,5.48369813944014e-05,0.000674087210138373
"ENSG00000184117.12",1343.29536178398,1.36031677071588,0.337264570325158,4.03338177326007,5.49798478616383e-05,0.000675438466479948
"ENSG00000129484.14",783.88347354729,1.32468544935903,0.328580033494901,4.03154578587498,5.54111986716073e-05,0.000680330070396788
"ENSG00000224032.10",459.152462597732,-1.4725071823566,0.365262613328111,-4.03136573146582,5.5453673229471e-05,0.000680444114839661
"ENSG00000249776.6",12.2178321775519,-3.19089228734045,0.792079797397469,-4.0284985147011,5.61342153783311e-05,0.000688382746481639
"ENSG00000100479.14",188.81313072694,2.60899964503208,0.647673038667067,4.02826656240236,5.61896144459506e-05,0.000688650241840867
"ENSG00000173715.19",622.658643980905,2.66803536215045,0.662726687639583,4.025845664452,5.67709167720157e-05,0.00069535894712868
"ENSG00000249456.1",21.2768612458193,-2.72307021330442,0.676691075022459,-4.0240965394941,5.71944536527986e-05,0.000700128404595213
"ENSG00000287595.4",24.603718553865,3.65627878307346,0.908782532156606,4.02327141389574,5.7395288637708e-05,0.000702167660040314
"ENSG00000303182.1",14.7387336280357,-3.39380264140446,0.844247195277494,-4.01991580237227,5.82189444801701e-05,0.000711819461909009
"ENSG00000198597.10",11.5826613850349,-4.74026369834151,1.17927625054055,-4.01963805865564,5.82876177127316e-05,0.000712234394268087
"ENSG00000289589.3",64.2827981626768,-4.46947716100254,1.1122123516106,-4.01854659726647,5.85582296718058e-05,0.000715114914348247
"ENSG00000105373.19",9815.23851355264,-1.20647365127522,0.30026031048509,-4.01809233237014,5.86712083255436e-05,0.000716068128277945
"ENSG00000155324.10",715.06494528744,0.984802941197056,0.245157479380337,4.01702180853816,5.89382715997582e-05,0.000718899655491637
"ENSG00000260920.2",53.8377252248451,2.01812978883647,0.502416129056186,4.01684912589814,5.89814583668207e-05,0.000718998705323004
"ENSG00000204713.11",2110.30966385099,1.14138024259209,0.284169345687727,4.01654949737735,5.90564645645292e-05,0.000719485293779623
"ENSG00000182050.14",15.7395924390224,-3.49445699900327,0.870245148672021,-4.01548575632482,5.93234817759619e-05,0.000722309186659336
"ENSG00000127561.16",31.4288273959217,1.90307088564285,0.474026896017514,4.01468967611605,5.952405905151e-05,0.000724321250321757
"ENSG00000285793.2",36.5103680711978,-1.87912830927878,0.468205110824385,-4.01347244153345,5.98319908469751e-05,0.0007276365007867
"ENSG00000076067.14",3185.41363329978,-1.38704092807602,0.34562275246816,-4.01316440590468,5.99101554622519e-05,0.000728155203081216
"ENSG00000267325.3",15.1823661566472,-2.37331519229945,0.591566191848884,-4.01191823501928,6.02273615927076e-05,0.000731576908825164
"ENSG00000185052.13",405.986223785311,-2.54574736634787,0.634693557654996,-4.01098661809906,6.04655378287461e-05,0.000734035161421321
"ENSG00000130176.8",1060.7724609126,-2.98272806432301,0.74383621147705,-4.00992586580338,6.0737814479428e-05,0.0007369042296368
"ENSG00000167642.13",8659.65054300819,2.22121345953949,0.554056500906819,4.00900170994122,6.09759750873056e-05,0.000739356234884751
"ENSG00000143450.19",67.6728893423338,1.47028063843328,0.366762854491952,4.00880465517684,6.10268715420138e-05,0.000739536036700622
"ENSG00000186710.12",162.930680977017,-3.98076029933154,0.993336473629409,-4.00746414232311,6.13741760436565e-05,0.000743305437447805
"ENSG00000179528.16",57.7022711831015,2.63811383454483,0.658347034435891,4.00717812423248,6.14485203958679e-05,0.000743766506609726
"ENSG00000183379.9",75.5393892846799,-2.98174209887573,0.744157485254562,-4.00686972577549,6.15287775781309e-05,0.000744298557794688
"ENSG00000017483.16",636.935259704212,-1.38777363647705,0.346379959402349,-4.00650672420985,6.16233717522838e-05,0.000745003310382563
"ENSG00000215492.6",208.418112868727,1.25600585053938,0.313544847366984,4.00582519880899,6.18013417322964e-05,0.000746714620435477
"ENSG00000138311.18",49.3301055727943,-1.76167804358293,0.439864070620538,-4.00505101746011,6.20040977210121e-05,0.000748066962753895
"ENSG00000152760.10",97.8403373621115,-2.45039299282668,0.611833097883263,-4.0050023467253,6.20168654713548e-05,0.000748066962753895
"ENSG00000289987.1",118.112891135192,-3.49106142447066,0.871680106748604,-4.00498003504111,6.20227193075313e-05,0.000748066962753895
"ENSG00000137872.17",359.958020813512,-2.34865117887235,0.58648128330789,-4.00464813749112,6.21098598633831e-05,0.000748677581798241
"ENSG00000033327.13",1620.96353062801,-1.58535612996406,0.395899991122536,-4.00443588156932,6.21656489531534e-05,0.000748909792088988
"ENSG00000145861.9",129.605450154821,-2.59334847017349,0.648184749099459,-4.00094027787062,6.30912812002401e-05,0.000759614579993965
"ENSG00000154342.6",159.881361881471,-3.60027565182389,0.899969182101281,-4.00044326342134,6.3223944701649e-05,0.00076076511864003
"ENSG00000134138.22",666.458380113539,-1.74471685361518,0.436291602051116,-3.99896960063599,6.36188499204069e-05,0.000765067975817023
"ENSG00000290474.2",66.8734936666948,1.92216861058903,0.480758934457718,3.99819633670912,6.38269984362328e-05,0.000767121205121054
"ENSG00000197093.11",493.801916710667,1.82472219266822,0.456425882940205,3.99784994863507,6.39204486876614e-05,0.000767794305736267
"ENSG00000137135.18",207.852380800648,2.15973839380508,0.540396487618109,3.99658110903811,6.42638696525986e-05,0.000771467437562577
"ENSG00000165434.8",831.541108341083,1.9820940550798,0.496093642210964,3.9954030578705,6.45842808701337e-05,0.000774860207701124
"ENSG00000123843.13",308.967276448046,3.73850132616443,0.935832329058826,3.9948409667833,6.47376930200953e-05,0.000776246583440956
"ENSG00000237248.7",101.687912220524,-2.06501650723841,0.517213576571867,-3.99257985632455,6.53583117987056e-05,0.000783230172484313
"ENSG00000143870.13",6518.48516509321,1.57735657992421,0.395180459122652,3.99148425361448,6.56610488527753e-05,0.000786398449577865
"ENSG00000160877.7",2282.11678415823,1.43469405632063,0.359510651938121,3.99068580746134,6.58825110688269e-05,0.000788590196704744
"ENSG00000229431.2",64.3037178354207,1.57578310836611,0.394922784409253,3.99010432057814,6.60442407275516e-05,0.000790064826066347
"ENSG00000137507.11",3807.86794027076,-2.69915881330934,0.676523912902642,-3.98974635165301,6.61439898335617e-05,0.000790796715771048
"ENSG00000124615.21",593.248598586474,-1.97665010843627,0.495564306725038,-3.98868538676457,6.64404690279934e-05,0.000793878424796024
"ENSG00000070614.15",4414.61206314678,-1.69884125128515,0.425945913147815,-3.98839664578637,6.65213731096497e-05,0.00079438219815973
"ENSG00000177469.13",11342.3900640664,-2.19240892920464,0.55016981279429,-3.98496769219213,6.74893074778876e-05,0.000805471921144708
"ENSG00000138346.16",157.570871118092,1.60302688833737,0.40231807683637,3.98447641463885,6.76290733113626e-05,0.000806670459090273
"ENSG00000126878.13",850.019112561162,-2.32143190427951,0.582737713321426,-3.98366512276693,6.7860481284435e-05,0.00080872157014562
"ENSG00000211598.2",2306.9582978399,3.22580256717582,0.809771290820519,3.98359710172881,6.78799171976498e-05,0.00080872157014562
"ENSG00000163220.11",4268.59968217666,-2.19330985441173,0.551014082679081,-3.98049691170805,6.87713583092253e-05,0.000818866394176745
"ENSG00000111961.19",2281.69866440288,-2.03637371196694,0.511629756836236,-3.98017059163887,6.88658313311867e-05,0.000819515383409549
"ENSG00000169241.19",1715.6995440397,1.70116790564411,0.427488137703872,3.97945055219879,6.90747247452055e-05,0.000821524452538105
"ENSG00000172216.7",5483.82460322569,-2.60741038609972,0.655470208610576,-3.97792356059438,6.95197116382391e-05,0.000826337488365481
"ENSG00000265206.7",163.250539995172,-3.02870542984698,0.761749054534324,-3.97598843322294,7.00875320349593e-05,0.000832604146491776
"ENSG00000143811.20",1191.51548388632,0.94049924530954,0.236584320667637,3.97532365059302,7.02836083276873e-05,0.000834449974030631
"ENSG00000156206.14",41.3613113721201,-3.18643211801631,0.801646203679151,-3.974860859307,7.04204139368587e-05,0.000835590374630411
"ENSG00000132016.12",149.884478525827,1.83285679664903,0.461266899311055,3.97352768947126,7.08159214079843e-05,0.000839797369895495
"ENSG00000130816.17",3852.77754415963,1.4283474316319,0.359615599555682,3.97187283698671,7.13097848634279e-05,0.0008451652189825
"ENSG00000275437.1",36.2545841639133,3.57634495522668,0.901066720733907,3.96901236382783,7.21711375704782e-05,0.000854879840985029
"ENSG00000236801.1",91.123213625363,-1.45808674036018,0.367456551071806,-3.9680521033227,7.246249332823e-05,0.000857835429100478
"ENSG00000172602.11",5327.2583716239,-3.94246722559363,0.993934778945557,-3.96652507700365,7.29281057245394e-05,0.000862849324740886
"ENSG00000115756.13",2704.86488760996,-1.51794440629419,0.382731590890186,-3.96608077938809,7.30641090356158e-05,0.000863959914455747
"ENSG00000099822.3",52.2708833979632,2.75037808082204,0.693606608451795,3.96532854114696,7.32949226754873e-05,0.000865690722660249
"ENSG00000284669.2",77.6727493613805,-2.68818013555654,0.677900521920455,-3.96544927851814,7.32578297214761e-05,0.000865690722660249
"ENSG00000000938.13",1446.02946878643,-1.5108375987427,0.381045125896554,-3.96498339976893,7.34010550561246e-05,0.000866445154214611
"ENSG00000217716.3",54.3903875748276,-1.85598144251836,0.468136339568846,-3.96461732543071,7.35137832405652e-05,0.000866777809985365
"ENSG00000233762.3",181.626793516323,-1.75168970153429,0.441821047579844,-3.96470406090768,7.3487059302587e-05,0.000866777809985365
"ENSG00000148053.18",144.993112244799,-2.15248701128782,0.543065835535396,-3.96358391642467,7.383289329625e-05,0.000870040025371442
"ENSG00000178078.12",857.714788143513,1.38905763498179,0.350507661841402,3.96298793494082,7.40175237128599e-05,0.000871714707759035
"ENSG00000174944.9",238.068519174605,-2.40998851328988,0.608413828098639,-3.96110081985047,7.460502169873e-05,0.000877625567935031
"ENSG00000277639.3",312.385487703021,-4.16473363608913,1.05138461994151,-3.96118942306844,7.45773393004058e-05,0.000877625567935031
"ENSG00000187210.14",889.658163309995,2.31004107484591,0.583272893862635,3.96048076149746,7.47990193222838e-05,0.000879403149188134
"ENSG00000235904.4",21.1335848219862,-2.9197803899392,0.737412500072563,-3.95949402763295,7.5108722640631e-05,0.000882538251589397
"ENSG00000168273.8",139.492966197736,-1.24424802671347,0.314296476132757,-3.95883543469289,7.53161076797025e-05,0.000884468196944227
"ENSG00000101199.13",5564.99199958608,1.9762376218888,0.499634691309989,3.95536510226565,7.6417858318301e-05,0.00089689282596362
"ENSG00000119203.14",886.569894554237,0.969880961729051,0.245272896510503,3.95429326080274,7.67612120286171e-05,0.000900407260546204
"ENSG00000102230.14",59.3834516236216,-3.19455183954918,0.808069717963396,-3.95331215677839,7.70767771527184e-05,0.000903051872452655
"ENSG00000257551.2",23.3789662758116,-2.59923236780785,0.657503879004728,-3.95318179984328,7.71187977304233e-05,0.000903051872452655
"ENSG00000287124.3",11.9055830255227,-3.1649403555218,0.800579494257247,-3.95331179255114,7.70768945312645e-05,0.000903051872452655
"ENSG00000229950.2",43.3130457703075,3.66447708919831,0.927017057773597,3.95297697973243,7.71848652806442e-05,0.000903309633398589
"ENSG00000137962.13",2842.07742351404,-1.54725086888172,0.39153709899454,-3.95173502806001,7.75866213958344e-05,0.000907493488362914
"ENSG00000125878.7",20.3336875458777,-4.039526298469,1.02268347375314,-3.94992820568848,7.81746382827011e-05,0.000913849933494016
"ENSG00000112877.8",268.289673968079,1.89989683274448,0.481206860619522,3.94819149148972,7.87438082672455e-05,0.000919455036851709
"ENSG00000213722.10",2026.61656296688,-1.2826640663318,0.324873480875556,-3.9481956571984,7.87424383722535e-05,0.000919455036851709
"ENSG00000113303.12",62.2800429989342,-3.72571110627115,0.943711787688668,-3.94793320892615,7.88287886126827e-05,0.00091992343865364
"ENSG00000185624.16",23318.3711630255,1.90379644918535,0.482325627640534,3.94711858562948,7.90973849824031e-05,0.000922304652292229
"ENSG00000289537.3",18.3453385434291,2.27876735427808,0.577335524010615,3.94704164131114,7.912279961871e-05,0.000922304652292229
"ENSG00000299773.1",58.924336215496,2.19870903509668,0.557231218757552,3.94577504110251,7.95422675557308e-05,0.000926667417024264
"ENSG00000144649.10",123.782195294674,-1.5514505302753,0.393263438641208,-3.94506678687403,7.97777400820383e-05,0.000928151978534977
"ENSG00000147606.9",24.5685505147906,-3.16444155292394,0.802143180683635,-3.9449834258106,7.9805498349452e-05,0.000928151978534977
"ENSG00000163357.11",31.8208028639452,2.60569264004625,0.660473790423871,3.94518704273488,7.97377123548044e-05,0.000928151978534977
"ENSG00000262136.3",37.293824354251,2.27485146498055,0.576848365711304,3.94358656486001,8.02719973452536e-05,0.00093304820497
"ENSG00000138798.13",180.745833692899,2.84070919272324,0.720495595003072,3.94271555915776,8.05641839808012e-05,0.000935913897077817
"ENSG00000175305.18",139.924195607773,2.44525078169277,0.620342783739909,3.9417735577593,8.08813182174718e-05,0.000939065995883942
"ENSG00000101255.13",902.090726160355,2.33373996222992,0.592192843516603,3.94084458767103,8.11952207042893e-05,0.000942177026214345
"ENSG00000134013.16",1409.49165124992,1.91331271081739,0.485576079887541,3.94029440507142,8.13816720555903e-05,0.00094377126509345
"ENSG00000172167.8",139.00944980327,1.41657240265107,0.359520839918569,3.94016770480378,8.14246667942993e-05,0.00094377126509345
"ENSG00000111057.11",4869.9163026118,1.59577463198657,0.4050324235339,3.93986885806194,8.15261631429813e-05,0.000944413813041632
"ENSG00000180346.5",270.284620581661,2.01045486552355,0.510389865586629,3.93905718173456,8.18024339394762e-05,0.000947079110951451
"ENSG00000291068.2",615.970591111286,2.20641711967841,0.560565517053498,3.93605573756303,8.28317427277095e-05,0.000958454883120178
"ENSG00000178789.10",106.771073251133,-1.96310558818976,0.498788828601574,-3.93574489968751,8.29390374864083e-05,0.000959155118229733
"ENSG00000172270.22",14262.9847930862,1.03420774596939,0.262803903699454,3.9352830434061,8.30987032589029e-05,0.000960459871262991
"ENSG00000073754.6",28.8286557187862,-3.00153534994345,0.763036775023519,-3.93367062793393,8.36584028171714e-05,0.000965840028920767
"ENSG00000254413.8",34.1344525217066,3.23429756791081,0.822184025989813,3.93378789379554,8.36175778161373e-05,0.000965840028920767
"ENSG00000105989.10",583.77002323807,-1.81932042514259,0.462602402617174,-3.93279501976164,8.39638335027047e-05,0.000968820732774033
"ENSG00000145681.11",54.0949462339386,2.38099459100242,0.605522225925278,3.93213409691792,8.41950749855436e-05,0.000970942529529576
"ENSG00000076003.5",1145.31935808408,1.36583724245826,0.34746838779272,3.93082447337064,8.46550606299089e-05,0.000975698349160007
"ENSG00000293508.2",323.198207795073,1.60183352505788,0.407690251059453,3.9290454478498,8.52837218224727e-05,0.000982391815869652
"ENSG00000162722.9",30.1476801315893,-2.13602491330076,0.543735505495827,-3.9284263979652,8.55035106123717e-05,0.000984370567993302
"ENSG00000258740.2",74.6914049097266,-3.20584198033073,0.816097567574389,-3.92825822267693,8.55633123135221e-05,0.000984506260200032
"ENSG00000121440.15",677.841651090496,-2.11210534993815,0.537702615477825,-3.92801762375889,8.56489359605942e-05,0.000984938745337085
"ENSG00000176396.11",353.97916503117,-1.29791203923768,0.330599116442161,-3.92593922574731,8.63919682017281e-05,0.000992926522426139
"ENSG00000153823.19",853.510320660831,-1.78328679232526,0.454251733452298,-3.92576772084575,8.64535528759068e-05,0.00099307767404347
"ENSG00000103769.10",4468.71550281045,-0.826855711311278,0.210637136117926,-3.92549825994766,8.65503957752889e-05,0.000993633435037247
"ENSG00000187801.15",56.7383953979266,2.45337283758474,0.625029570488602,3.92521082749233,8.66538105378868e-05,0.000994218449761609
"ENSG00000207751.5",40.7245360833946,2.56262345032502,0.652883191991496,3.92508718521031,8.66983314559968e-05,0.000994218449761609
"ENSG00000159625.15",80.149392867392,-4.19116996293528,1.06884521086417,-3.9212132124788,8.81042624466138e-05,0.0010092121772097
"ENSG00000196843.18",2634.97465429045,-1.76654085166453,0.45050379336463,-3.92125633054263,8.80884963021656e-05,0.0010092121772097
"ENSG00000104897.10",1907.25001860982,1.21911801128269,0.310956090383065,3.92054714149792,8.83481506051702e-05,0.00100974943144281
"ENSG00000124813.23",455.216802461209,1.70070813921954,0.433771761396022,3.92074424980108,8.8275911179837e-05,0.00100974943144281
"ENSG00000186907.8",356.560045071106,3.02923261202029,0.772653558876847,3.92055737945953,8.83443970574516e-05,0.00100974943144281
"ENSG00000241634.1",19.0160878959653,3.27469203701982,0.835228957921589,3.92071180717761,8.82877974371821e-05,0.00100974943144281
"ENSG00000284479.3",15.9013469835757,-3.32277961313418,0.847657856483107,-3.91995377347204,8.85659549449679e-05,0.00101167484133238
"ENSG00000172432.19",2795.19209643498,1.3426756700647,0.342552440338055,3.91962079948884,8.86883999714051e-05,0.0010125094393172
"ENSG00000179044.16",471.33540183593,-2.06341350974369,0.526525302359775,-3.91892564421103,8.89445461172144e-05,0.00101430421222879
"ENSG00000288959.2",42.567860134603,-2.99042927835539,0.763056364906787,-3.91901491932472,8.89116115538861e-05,0.00101430421222879
"ENSG00000261026.1",14.6248832828352,-4.12507291394915,1.05264117375182,-3.91878354828795,8.89969906246462e-05,0.00101433812994316
"ENSG00000157168.22",224.231129522388,-2.70495699234297,0.690568522410743,-3.91700013041441,8.96577003187747e-05,0.00102130082629786
"ENSG00000145979.18",403.400150437799,1.22172582485586,0.311928333990763,3.91668755840577,8.97739762407375e-05,0.00102205752850643
"ENSG00000116005.12",3345.8348117256,-1.37570348831424,0.351333883415998,-3.91565844699737,9.01578102010343e-05,0.00102585779154384
"ENSG00000128298.18",315.967709992127,2.96771982039574,0.758039244661175,3.91499495744741,9.04060972917254e-05,0.00102811237874073
"ENSG00000163993.7",50.5491242332274,-2.80826988911213,0.717480639123308,-3.91407061874669,9.07530746491405e-05,0.00103148616552438
"ENSG00000141570.11",294.822585539204,1.42468673888152,0.364171043188557,3.91213624896546,9.14832712204595e-05,0.00103920941446222
"ENSG00000145362.21",521.322951636534,-2.17937840123042,0.557164824408168,-3.91155059644227,9.17054386531085e-05,0.00104115632012366
"ENSG00000149925.22",440.567986556487,1.97856121242361,0.505974579302179,3.910396477136,9.21447465573906e-05,0.00104556496038336
"ENSG00000172809.13",4436.66588085161,-1.49958648792728,0.383552483963779,-3.90972956928861,9.23995059763893e-05,0.00104729655640679
"ENSG00000183134.5",23.2764082028754,-2.02203023772327,0.517176518796581,-3.90974873033358,9.23921771666058e-05,0.00104729655640679
"ENSG00000101115.13",63.8712350926006,4.23483554384257,1.08342292685939,3.90875570274153,9.27727191532227e-05,0.00105094576437441
"ENSG00000175497.17",152.831657710835,4.0983819895867,1.04922918908816,3.90608842396811,9.38021986503559e-05,0.00106202113811535
"ENSG00000167552.16",5787.47969600033,-1.01700686759222,0.260391688434173,-3.90568099046416,9.39604008707795e-05,0.00106263875314642
"ENSG00000231437.4",16.3163961916916,-2.86228910870259,0.732850549148323,-3.90569279374762,9.39558142358286e-05,0.00106263875314642
"ENSG00000163751.4",2542.91720039045,-2.92049107289523,0.747850794862271,-3.90517880432698,9.41557412510086e-05,0.00106426092536421
"ENSG00000113070.8",3075.54269073813,-2.51275443919243,0.643646448791235,-3.90393583917285,9.46408805001661e-05,0.00106915515910491
"ENSG00000167771.6",129.326727158205,2.71107113818691,0.694585713075559,3.90314843388089,9.49494313896696e-05,0.00107205018789305
"ENSG00000144824.21",1589.84772011356,-1.12851446438514,0.289177010445503,-3.90250408442415,9.52026312102337e-05,0.0010743174190064
"ENSG00000100036.13",189.658007939983,1.54850052551597,0.396887899485061,3.90160679508006,9.55562871273257e-05,0.00107771513270555
"ENSG00000072657.10",116.625496735067,-3.39043463996976,0.869051106441732,-3.90130639595139,9.56749627861347e-05,0.00107786782250929
"ENSG00000287839.3",499.167656738858,1.79291947467014,0.459554369500017,3.9014305894225,9.56258820568827e-05,0.00107786782250929
"ENSG00000159479.17",920.666240715748,1.0709194695918,0.274575080488296,3.90027917933158,9.60818273966582e-05,0.00108185710540422
"ENSG00000189056.15",140.196456001442,-2.65258189918988,0.680138313853253,-3.90006245077116,9.61678786818363e-05,0.00108223171486958
"ENSG00000142552.8",1933.29358576169,1.89383705764362,0.485628691388114,3.89976352556581,9.62866852525421e-05,0.0010829743249688
"ENSG00000135540.12",863.090810825958,-2.16278644514166,0.554669479419916,-3.89923463501822,9.6497230179353e-05,0.00108474737258632
"ENSG00000005471.19",41.2307143205883,2.00611801617125,0.514551007700901,3.89877385555014,9.66810151710343e-05,0.00108621782743391
"ENSG00000187653.11",1758.5649789063,-1.06741075006737,0.273795945459853,-3.89856302756639,9.67652154893864e-05,0.00108656844380853
"ENSG00000236603.2",21.5123365990327,2.15051206113033,0.551642913783331,3.89837702506043,9.68395585117721e-05,0.00108680805020546
"ENSG00000292986.2",313.168276921706,4.0122303578618,1.02944989369344,3.89745084480681,9.72105454242373e-05,0.00109037473926617
"ENSG00000178445.10",70.1545072482755,3.08991151857526,0.792966887238115,3.89664633959351,9.75338833190954e-05,0.00109340335898017
"ENSG00000168658.20",187.766678963216,-4.27435880285228,1.09719045760425,-3.89573093096843,9.79030292457227e-05,0.00109694191893677
"ENSG00000133422.14",1340.21240696163,1.14930315380868,0.295122268484685,3.89432881398551,9.84710027314383e-05,0.00110270313490192
"ENSG00000113231.14",120.148201996435,-2.63371808904821,0.676445501058689,-3.89346678324601,9.88217392430911e-05,0.00110602671476001
"ENSG00000075643.6",286.911066050902,1.75570583468133,0.450992557076792,3.89298184001379,9.90195672758398e-05,0.00110763622881823
"ENSG00000186594.17",1562.26381873172,-1.81809426238487,0.46752289454759,-3.88878124170622,0.000100748875932522,0.00112636584085084
"ENSG00000268942.2",29.2360222006553,2.25794952637354,0.581132993269059,3.88542649019436,0.000102150399648133,0.00114141242200835
"ENSG00000158813.18",113.898708000696,-1.86215923675629,0.47958771137888,-3.88283351006289,0.000103246263313449,0.00115240140608544
"ENSG00000185561.10",474.376516900691,-1.90778391745822,0.491328977756399,-3.88290535227519,0.000103215751966734,0.00115240140608544
"ENSG00000111275.13",5434.99337269873,-1.69132704168134,0.435700384533487,-3.88185804217794,0.000103661387350276,0.00115640537879763
"ENSG00000184347.16",2815.19503126902,-2.34838634873259,0.604993580960189,-3.88167151295301,0.000103740946676201,0.00115666360557305
"ENSG00000173706.15",5506.42111940944,-1.99712728981567,0.514543487258416,-3.88135762918065,0.000103874955958314,0.00115752831357026
"ENSG00000164941.15",1207.77887541981,1.16787733358864,0.300906899741692,3.88119160641109,0.000103945903627959,0.00115768973817907
"ENSG00000241351.3",2640.23701093236,3.92871811218818,1.01244398160994,3.88043011124519,0.000104271905012772,0.00116069008706943
"ENSG00000242114.6",40.7793309589458,2.26759224410446,0.584484635401043,3.8796438892676,0.000104609504381706,0.00116381621152604
"ENSG00000289299.2",20.4759248886869,-4.84296167727509,1.24839612023411,-3.87934694667817,0.000104737278045544,0.00116460582920056
"ENSG00000163637.13",710.89965943378,-1.60434911109616,0.413587078532212,-3.87910840152422,0.000104840030105669,0.00116511651885454
"ENSG00000066455.13",1745.91209227153,1.08941121009524,0.28093716438316,3.87777534697914,0.000105415989705169,0.00117088269388667
"ENSG00000133895.19",1167.13737890679,0.989205088319421,0.255284566022405,3.87491145168801,0.000106663478208657,0.00118409743215501
"ENSG00000151498.12",1426.60894252957,1.6482550282206,0.425449864531368,3.87414632282501,0.000106999112277966,0.00118668239912079
"ENSG00000286508.2",38.619674099211,-2.75038602460552,0.709938849907199,-3.87411679888351,0.000107012083299568,0.00118668239912079
"ENSG00000172572.7",412.151061691973,-2.02306485410084,0.522376604189991,-3.87280907658153,0.000107588107434829,0.00119235818281438
"ENSG00000180481.11",23.1849119637871,-2.66246192578647,0.687496589749103,-3.87269110201422,0.000107640216367022,0.00119235818281438
"ENSG00000136997.22",2733.22956809601,-2.25258416028342,0.581709923475364,-3.87234954979897,0.000107791213028042,0.00119338608635366
"ENSG00000290897.2",60.3067515016018,3.67215325795858,0.948412446733753,3.87189483921805,0.000107992545983616,0.00119496986662064
"ENSG00000132763.15",169.11211826056,1.220108789834,0.31515374930915,3.87147159920706,0.000108180263446569,0.00119575639984283
"ENSG00000267414.1",56.2366602660254,-3.09910218336983,0.800487945711679,-3.87151636695111,0.000108160393289168,0.00119575639984283
"ENSG00000141526.18",4151.85220665354,1.89936803627396,0.490635417148066,3.87124119028032,0.000108282584910271,0.00119624252209062
"ENSG00000116199.12",1707.4340767022,-0.909091377214402,0.234899955046675,-3.87012154614404,0.000108781104909747,0.00120110273293993
"ENSG00000116833.14",292.161357103069,-2.41900179401965,0.625133002826688,-3.86957940643279,0.000109023269224205,0.00120312869331168
"ENSG00000289579.1",22.0865439197214,-2.90229995215157,0.750293929815869,-3.8682172903409,0.000109633948870094,0.00120921704552577
"ENSG00000175906.5",255.809732120761,-1.88489534570408,0.487526776283273,-3.86623963523366,0.000110526340730463,0.00121840434964377
"ENSG00000139874.6",370.6890559007,-4.30628628342788,1.11498047827963,-3.86220778508366,0.000112366930941013,0.00123802877593473
"ENSG00000236924.4",45.327925731431,3.53215668127954,0.914594022229017,3.86199406013073,0.000112465301553539,0.00123844712301491
"ENSG00000090447.12",400.391071411601,1.75601835330891,0.454807725998169,3.86101258384512,0.000112918086999422,0.00124276567677732
"ENSG00000227081.5",1433.35828177844,-1.0083684735925,0.261216745230384,-3.86027500918118,0.000113259484094703,0.00124585432504174
"ENSG00000134569.10",310.444060935787,-2.03256022006063,0.526766405663041,-3.85856083115674,0.000114056680632176,0.00125348066788142
"ENSG00000140044.13",1993.53084388833,-2.15960181974137,0.559696724480952,-3.85852145506859,0.000114075054929122,0.00125348066788142
"ENSG00000253549.7",35.2047684833754,-2.01458360293562,0.522180738721026,-3.8580197497708,0.000114309413182601,0.00125538307868027
"ENSG00000100162.16",171.72676296953,2.62361250891996,0.680144652826014,3.85743311811509,0.000114584018436379,0.00125772522163786
"ENSG00000157999.6",23.9451885736947,2.51696148600559,0.653225475833821,3.85312817567743,0.000116618302539423,0.00127869394713919
"ENSG00000171049.9",327.940148273486,-3.00418116851739,0.77967363370655,-3.85312653736357,0.000116619083161836,0.00127869394713919
"ENSG00000144642.22",821.752230159002,-1.76515318413459,0.458293046676807,-3.85158185779632,0.000117357287478792,0.00128610038613851
"ENSG00000105696.9",342.077468335966,4.61777716285994,1.19939744161336,3.85008088448845,0.000118078824110533,0.00129084925928769
"ENSG00000130699.20",668.378142079465,0.959672831533442,0.249272453924094,3.84989523080505,0.000118168360304477,0.00129084925928769
"ENSG00000166143.10",88.3704436470411,4.61181889290357,1.19787134008279,3.85001188239867,0.000118112094644603,0.00129084925928769
"ENSG00000174804.4",1673.11412142337,-2.09054284380069,0.542940750208121,-3.85040696061098,0.000117921720470554,0.00129084925928769
"ENSG00000213316.10",390.989781423897,-2.27769554291651,0.591544485027614,-3.85042139782637,0.000117914769171714,0.00129084925928769
"ENSG00000288066.1",252.009200164136,-1.48518708041307,0.385755753650875,-3.85007110420763,0.000118083539302091,0.00129084925928769
"ENSG00000308525.1",104.709014854881,3.39026783315943,0.88090128736365,3.84863534858234,0.000118777663941533,0.00129681428192609
"ENSG00000163141.20",233.972858995767,-2.21054006052829,0.574438118748405,-3.84817787744423,0.000118999638131529,0.00129785562779195
"ENSG00000249915.9",417.953775627192,1.4492538369323,0.376606791169604,3.84818827199436,0.000118994590146896,0.00129785562779195
"ENSG00000123178.16",512.18234499908,-1.6400211720572,0.426286640372182,-3.84722629502376,0.000119462618697742,0.00130152047490887
"ENSG00000188186.11",1421.94603898837,-1.22097777072475,0.317356594581464,-3.84733700692433,0.000119408666025665,0.00130152047490887
"ENSG00000173535.15",140.790863583951,-2.31572709611569,0.602160684614721,-3.84569626560286,0.000120210598013619,0.0013085795205015
"ENSG00000241741.1",13.8611831608238,-2.54046285575529,0.660608599850979,-3.84563999973414,0.000120238188481507,0.0013085795205015
"ENSG00000276772.1",13.2607196101354,-3.00212757388217,0.780834026340239,-3.84477042829847,0.000120665350458846,0.00131253174843936
"ENSG00000234281.6",50.117784725704,-3.61197944827028,0.939799134277575,-3.84335260219921,0.000121364902840201,0.00131944112822666
"ENSG00000136918.8",137.694461892332,-4.78051029623838,1.24441027291231,-3.84158697521074,0.000122241405567777,0.00132826591402316
"ENSG00000117643.16",638.543035505642,-1.34665806212488,0.350671750805695,-3.84022396737356,0.00012292211582762,0.00133495501214487
"ENSG00000233913.7",377.346086152438,-1.30525059610892,0.339917829108119,-3.83990036513724,0.000123084252617652,0.00133600821369631
"ENSG00000091436.17",1791.37149035689,-1.84855700113364,0.481462239540519,-3.83946413512678,0.000123303139219406,0.0013362619273545
"ENSG00000166402.9",294.161794135843,-2.08412349154879,0.542798793328926,-3.83958755465738,0.000123241173956776,0.0013362619273545
"ENSG00000225706.4",33.4974534355636,-2.62923252125672,0.684765089105592,-3.83961239129597,0.000123228707770562,0.0013362619273545
"ENSG00000148541.13",246.588622594731,-2.27741837367443,0.593259798792006,-3.838821336473,0.000123626344359249,0.0013390568223677
"ENSG00000084774.14",1620.03480967519,1.64663158674576,0.429036795693427,3.83797288082111,0.000124054178660175,0.00134298145683645
"ENSG00000153956.17",271.21763672864,-1.66512971614086,0.433932390159228,-3.83730220168597,0.000124393356329418,0.00134523279439788
"ENSG00000204315.4",168.604856287615,1.18736348317843,0.309419105627385,3.83739549880382,0.000124346121570075,0.00134523279439788
"ENSG00000225342.3",446.951794967524,-3.52012187600211,0.917452872038616,-3.83684217825844,0.000124626505850563,0.00134704368790719
"ENSG00000134061.5",318.705852752061,2.23613596637668,0.582907949194534,3.83617339490153,0.000124966194126038,0.00135000360609077
"ENSG00000038295.8",327.894241197276,-2.74064210292089,0.714459196881444,-3.83596728110377,0.000125071059205265,0.00135042495942326
"ENSG00000003402.21",6863.46366623058,-1.44088344729055,0.375704107285139,-3.83515489809909,0.000125485185827118,0.00135418328957854
"ENSG00000152518.8",5713.66659881294,-1.71882859877644,0.448376745601192,-3.83344724194337,0.000126359911467622,0.00136290564162658
"ENSG00000198768.11",104.206364574626,4.92985756774802,1.28634924701916,3.83244097912906,0.00012687804489459,0.00136777467535157
"ENSG00000014914.21",677.001126248776,1.50007592365902,0.391511494854028,3.83149905782029,0.000127364862271026,0.00137158042857411
"ENSG00000245648.3",88.6179569993497,1.7637727882836,0.460327546954717,3.83156037467623,0.000127333118112503,0.00137158042857411
"ENSG00000175793.12",2435.40641979157,2.39229147631746,0.624401759350135,3.8313336573672,0.000127450528424983,0.00137178248547288
"ENSG00000104695.13",2909.91128570048,-1.22863517035196,0.320701538548666,-3.83108598702753,0.00012757890631712,0.00137244380646707
"ENSG00000104974.12",128.218599115964,-1.66734403158898,0.435291398657132,-3.83040886342509,0.000127930510161477,0.00137550455183583
"ENSG00000213186.8",159.462303400526,1.50899637315983,0.393983617271502,3.83009929095592,0.000128091563087964,0.00137651436559518
"ENSG00000249249.3",54.6787457683839,-2.29287294621656,0.598719232580129,-3.82962968524599,0.000128336237031357,0.00137842126982239
"ENSG00000170961.7",572.307449110584,-2.51002128385374,0.65572622666758,-3.82784946182455,0.000129267774601455,0.0013876997122661
"ENSG00000143748.18",772.801913520918,1.25494032453745,0.327871741488111,3.82753426337279,0.000129433371072467,0.00138875030898476
"ENSG00000154099.18",258.891031609916,-2.99993304285699,0.78427224746095,-3.82511691898974,0.00013071003843296,0.0014015260768446
"ENSG00000198598.7",393.224945033332,2.93034666716978,0.766099443938322,3.82502126891728,0.000130760797161711,0.0014015260768446
"ENSG00000181789.14",5848.44959354104,1.41358497685438,0.369585494604723,3.82478478590246,0.000130886371605457,0.00140213906133662
"ENSG00000167004.14",15047.7518939402,1.44135701813965,0.376861972532539,3.82462844009872,0.000130969454916104,0.00140229645096595
"ENSG00000107719.10",1102.18353510723,-1.52614485264631,0.39915102306435,-3.82347724159603,0.000131582742194003,0.00140812763358343
"ENSG00000231852.9",55.75786300902,3.57917868207335,0.936143430688312,3.82332297032914,0.000131665133694381,0.00140827433556055
"ENSG00000172009.15",1258.32213569368,1.38090984642893,0.361281994473195,3.82224928879311,0.000132239901644175,0.00141221194964176
"ENSG00000254986.8",1494.34761018032,1.868163292261,0.488731485893499,3.82247378403628,0.000132119528721146,0.00141221194964176
"ENSG00000257851.2",12.4157389235995,-2.5953283868863,0.678983479288472,-3.82237339501401,0.000132173343909813,0.00141221194964176
"ENSG00000147573.17",135.710634440177,4.25284761970873,1.11286381782238,3.82153463128183,0.000132623784929352,0.00141483771393935
"ENSG00000233850.2",13.6767018550853,-2.96979634662025,0.777110341296163,-3.82158901870595,0.000132594533469272,0.00141483771393935
"ENSG00000161847.15",938.911485926055,1.506518689043,0.394319931079537,3.82054917923773,0.0001331548498738,0.00141976445232053
"ENSG00000259802.4",68.7867821752658,2.17853729857996,0.570391694746506,3.81937065115954,0.000133792595426473,0.00142582296082349
"ENSG00000174306.22",1011.70516627771,-1.31612150001015,0.344691016320964,-3.81826458390961,0.000134393746699828,0.00143148539341989
"ENSG00000131351.15",233.443134022524,1.4225817599318,0.37277586303607,3.81618527644358,0.000135530752341456,0.00144213728154925
"ENSG00000188610.12",47.2082455745203,1.90569812412434,0.499373420685989,3.81617852529373,0.000135534458717587,0.00144213728154925
"ENSG00000107984.10",441.728388313678,4.62296372411289,1.21182252098554,3.81488513710175,0.000136246292087831,0.0014488475555032
"ENSG00000109771.16",265.381706673518,-2.04543516251114,0.536187464740915,-3.81477616881531,0.00013630642482275,0.0014488475555032
"ENSG00000168542.18",54946.2531308438,3.16981799775168,0.830969924418566,3.81460014930097,0.000136403611723287,0.00144912935480533
"ENSG00000231768.3",18.8578781586375,-3.27244217737106,0.858002249992527,-3.81402516998011,0.000136721534227822,0.00145116391212717
"ENSG00000260000.4",81.2077293083109,2.30383272889545,0.604046680901801,3.81399782787645,0.000136736669831725,0.00145116391212717
"ENSG00000148090.12",382.183936251332,-1.14803474675615,0.30106893648178,-3.81319560952321,0.000137181452223258,0.00145513114143077
"ENSG00000306764.1",26.9057859533371,2.39361203468733,0.627752744803812,3.81298537441742,0.000137298240285359,0.00145561691768924
"ENSG00000037280.16",1400.62187086997,-2.07303108037347,0.543735045450894,-3.81257580823102,0.000137526028114046,0.00145727838782966
"ENSG00000147889.18",502.50183653048,3.30721785282466,0.867868279429356,3.81073710286915,0.000138553051889245,0.00146740277682701
"ENSG00000112242.16",653.612366940957,1.5113320026624,0.396645368192371,3.81028526703837,0.000138806531960014,0.00146932841058757
"ENSG00000276644.5",473.476509098184,-3.51809193345803,0.924059151914638,-3.80721507510487,0.000140540513750688,0.00148691573474928
"ENSG00000104522.16",2283.66183265171,1.70339463600183,0.447499423770205,3.80647336179932,0.00014096246744195,0.00149061084704989
"ENSG00000255408.4",22.9745450110555,-1.97533098532146,0.519012777226729,-3.80593902885467,0.00014126718351123,0.0014930630570692
"ENSG00000019169.11",3225.34960797387,-3.16293218432973,0.831255723369071,-3.80500500076006,0.000141801325823763,0.0014979363135963
"ENSG00000064042.18",7433.38090531139,-2.26566331541815,0.595624669060409,-3.803843986167,0.000142467926627,0.00150420307289393
"ENSG00000106004.5",563.177471148077,-2.55279216274311,0.671160223817213,-3.8035510332006,0.000142636592331123,0.00150443451088341
"ENSG00000244124.1",45.0997284891284,-4.23204610859997,1.1126399494157,-3.8036079064233,0.000142603833251497,0.00150443451088341
"ENSG00000112139.17",366.044840700882,-1.66354737108315,0.437406658306738,-3.80320541420877,0.000142835821950496,0.00150576128188842
"ENSG00000133216.17",871.995136847274,2.6830961851475,0.705507923697056,3.80307023496964,0.000142913816338484,0.00150580929609675
"ENSG00000051596.10",460.112712548316,1.77428632413996,0.466638338838735,3.80227293058562,0.000143374653714715,0.00150833960993665
"ENSG00000203326.12",298.238010078489,1.400000946135,0.368183657701511,3.80245270763754,0.000143270621571259,0.00150833960993665
"ENSG00000293495.2",305.871689202638,1.32460294578746,0.34836209845123,3.80237388532353,0.000143316225169431,0.00150833960993665
"ENSG00000138356.14",854.028416395741,-3.22094773373506,0.847260510226163,-3.80160257070789,0.000143763200484262,0.00151165162191246
"ENSG00000117983.17",12133.7823691545,7.59912644517159,1.99922257773813,3.80104072942647,0.00014408961247287,0.00151412299108844
"ENSG00000140090.18",91.9723477054303,-2.32938874259164,0.612844807000591,-3.80094391921541,0.000144145926580405,0.00151412299108844
"ENSG00000013573.17",1142.00297877193,2.79116365377889,0.734599261096904,3.7995731844477,0.000144945505029494,0.00152174226068856
"ENSG00000099260.12",1200.70239382229,-2.41159472318983,0.634759404326241,-3.7992264576995,0.000145148418877317,0.00152309272295829
"ENSG00000115107.20",1493.11123976386,1.80568437567837,0.475457662597629,3.79778162752313,0.000145996855749111,0.00153121203594873
"ENSG00000175048.17",392.65713266145,-1.50239657156692,0.395760868502839,-3.79622315174938,0.000146917262106398,0.0015400774755775
"ENSG00000171792.11",967.767436202681,1.8210484898759,0.479821387264606,3.7952632754814,0.000147486862788631,0.00154525837231379
"ENSG00000146587.18",790.644260691443,1.16214166112305,0.306247135975272,3.79478376972279,0.000147772184738129,0.00154745703568467
"ENSG00000090776.6",1456.31378193542,-1.16482967492155,0.307148990727159,-3.7923929756822,0.000149202559226848,0.00156163822071837
"ENSG00000298634.1",11.7554451034416,-2.82995198419557,0.746385252702484,-3.79154327332833,0.00014971405499729,0.00156619233860431
"ENSG00000255267.5",10.7590723153235,-3.90907387456221,1.03143936223393,-3.78992117005869,0.000150695100560883,0.00157565137271818
"ENSG00000108176.15",161.265265688642,3.05299994629354,0.805603945666485,3.78970331850567,0.000150827316886378,0.00157623002315917
"ENSG00000197406.8",35.2707757185653,-3.33233847658899,0.880182393741532,-3.78596356878224,0.000153114107364268,0.00159931312144521
"ENSG00000290914.2",14.1001574648959,-3.3632752256346,0.888482336426267,-3.78541597029679,0.000153451680742924,0.00160202304580087
"ENSG00000255026.2",284.110470081052,1.90234408579259,0.502671561964961,3.78446729382553,0.000154038161977547,0.00160732746727106
"ENSG00000120738.8",27850.9982200573,-2.98333556225692,0.788441371790129,-3.78383944450221,0.000154427464210766,0.00161057005400689
"ENSG00000184162.15",362.77742298038,1.37403521014814,0.363278517937661,3.78231891593415,0.000155374118968296,0.0016196191842023
"ENSG00000253295.3",54.7548988013014,-3.13055489810784,0.828182746777341,-3.78002911831909,0.000156810018915276,0.00163375641658477
"ENSG00000113368.12",1152.4344726812,1.87877782700058,0.497173963584143,3.77891435314998,0.000157513583983653,0.00163986566527426
"ENSG00000122035.7",398.9376066561,-1.35877572880287,0.359574182253713,-3.77884674668918,0.000157556348058442,0.00163986566527426
"ENSG00000179304.18",23.3934479714685,2.09637025383415,0.554920500696206,3.77778483801559,0.000158229487592837,0.00164603623216821
"ENSG00000165271.17",1464.36938281063,1.1577240201777,0.306485418025472,3.77741958373199,0.000158461645679288,0.00164761540720493
"ENSG00000162396.6",106.811096022853,1.41913782728585,0.375707919504001,3.77723692691746,0.000158577863783248,0.0016479880988402
"ENSG00000102359.9",778.023386552667,2.73829434049613,0.725110292065827,3.77638322122663,0.000159122111046381,0.00165280636519503
"ENSG00000102934.10",1253.02324241912,-2.29472122296212,0.608037024391168,-3.77398271965402,0.000160661894176792,0.00166795517883593
"ENSG00000117122.14",944.568256613491,2.55199352002941,0.676273903350783,3.77360934287847,0.000160902650133431,0.00166960928053435
"ENSG00000150764.14",739.428971355515,-1.51801525466872,0.402334868786218,-3.77301440277432,0.000161286973236079,0.00167190500466762
"ENSG00000185803.12",1253.58064887446,1.38119309463422,0.366062554356741,3.77310674964094,0.000161227261854301,0.00167190500466762
"ENSG00000008853.18",1740.23065828793,-1.71085266064767,0.453573357268715,-3.77194258267266,0.000161981534994041,0.00167825638884175
"ENSG00000222047.10",39.1883939122315,2.49076135369888,0.660390256650719,3.77165066960739,0.00016217118780979,0.00167937274487471
"ENSG00000188368.11",24.1345020074813,2.31648868161885,0.614380199929777,3.77044813925258,0.000162954664383928,0.00168663424458761
"ENSG00000233009.2",8.58544576397201,-4.27739588480502,1.13454930028249,-3.7701278240972,0.000163163957057025,0.00168794842356067
"ENSG00000158106.15",1617.30858682952,1.99671028058542,0.529842263454763,3.7684994540944,0.000164231844395691,0.00169813905067536
"ENSG00000254447.4",9.62749268918139,-3.49162644627114,0.926808089316111,-3.76736725382663,0.000164978214734237,0.00170499663049939
"ENSG00000127472.11",167.941247818909,-2.47332172436845,0.656700358665927,-3.76628654412942,0.000165693617259074,0.00171152741978844
"ENSG00000179218.15",25224.1630962929,1.38884985281856,0.368941897802001,3.76441347836269,0.000166940456865659,0.00172353833211152
"ENSG00000041982.17",14956.9220370446,3.99842377173885,1.06226964895412,3.76403842063602,0.000167191179041264,0.00172525814547663
"ENSG00000300710.1",15.577694545763,-3.44342013174075,0.915112039139117,-3.76283994141321,0.000167994726458858,0.00173267800367828
"ENSG00000286638.3",36.1527435876158,-3.26945706633193,0.8689258927385,-3.76264200854682,0.000168127784048585,0.0017331785239478
"ENSG00000168077.14",776.483892856751,-1.3866369724011,0.368754814999061,-3.76032234970175,0.000169694548928963,0.00174845076946707
"ENSG00000123179.14",543.722617143662,-1.48079122008296,0.393888127756052,-3.7594207992988,0.000170307180172138,0.00175388167867881
"ENSG00000258086.2",50.3486647309021,-2.13435905727743,0.56778916338867,-3.75906973028365,0.000170546304673338,0.00175523927757145
"ENSG00000258752.3",58.3339843766083,-3.96208438494625,1.05403290930604,-3.75897597690268,0.000170610216552863,0.00175523927757145
"ENSG00000078596.11",1291.31162627913,-2.34205908044088,0.623079878054953,-3.75884242603373,0.0001707012973679,0.00175529558737785
"ENSG00000147586.10",265.161179891564,0.966077790796589,0.257121836225878,3.75727633629647,0.000171772778589723,0.00176455288288358
"ENSG00000167705.12",652.880614891701,-1.52308656086202,0.405369996138122,-3.75727502126985,0.000171773680951796,0.00176455288288358
"ENSG00000238755.3",17.9947203195122,-3.45188225763526,0.918765130522569,-3.75708888263089,0.000171901452974345,0.00176498116764445
"ENSG00000110700.7",8482.62242549881,-1.01303874198227,0.26969999738015,-3.75616889811965,0.000172534276069805,0.0017705919902579
"ENSG00000220008.4",40.0295977882003,-2.07604903916506,0.553203432785201,-3.75277685590782,0.000174886518444125,0.00179383350384109
"ENSG00000204301.6",2315.38547257419,-2.13471219288704,0.569316706458491,-3.74960398785115,0.000177114042204824,0.00181577316068386
"ENSG00000101407.13",745.778408762047,1.0036766838183,0.267723598883923,3.74892870110214,0.000177591560525708,0.00181975879911
"ENSG00000273443.2",41.4145746394664,3.62878686986376,0.968399011832309,3.74720216101597,0.00017881796630991,0.00183141038022896
"ENSG00000160013.10",296.577852166337,-2.16358116007463,0.577646306905139,-3.74551197542743,0.000180026258772765,0.00184286490757702
"ENSG00000138207.15",279.397063415827,-2.90798621014701,0.77645475903443,-3.74521010569021,0.000180242867993574,0.00184401928742714
"ENSG00000163923.10",133.397599997668,1.55063640438058,0.414057431318825,3.7449790466062,0.000180408831963463,0.00184401928742714
"ENSG00000203721.9",24.4444330812892,2.77550321709218,0.741109271383774,3.74506611138443,0.000180346278644854,0.00184401928742714
"ENSG00000134028.14",422.35451985219,3.38262503054432,0.903573494393861,3.74360807563691,0.000181396525352444,0.00185319100938042
"ENSG00000110492.17",4852.13416615604,2.09879510409557,0.560851238047993,3.74216006262247,0.000182445241571067,0.00186297670974759
"ENSG00000187961.15",709.536099980722,2.0290391586604,0.542273639150024,3.74172560156303,0.000182761007834881,0.00186527212774833
"ENSG00000225953.6",24.9759723726316,3.7505233644457,1.00244774645161,3.74136545044022,0.000183023155057406,0.00186701829417764
"ENSG00000296098.1",10.6635363053112,-2.80777663399455,0.750523440582907,-3.7410911933861,0.00018322301865244,0.00186812768495755
"ENSG00000157227.14",13063.9213118971,1.9866571447612,0.531329315731335,3.73903168137206,0.000184730447594789,0.00188256118165187
"ENSG00000182712.16",13.7436773555729,2.95915666737148,0.791556477351481,3.73840244131753,0.000185193330601408,0.00188634081006024
"ENSG00000131462.9",788.472489452058,1.60836217190603,0.430343819851498,3.7373887987076,0.000185941282235037,0.00189301889322105
"ENSG00000164615.6",1035.20183196113,-0.805043018461494,0.215427295243727,-3.7369592258525,0.000186259113485099,0.00189531357960222
"ENSG00000275395.7",2212.44239443977,3.48832128147809,0.933615088025468,3.73635915509426,0.000186703947292819,0.00189889768615672
"ENSG00000115596.4",53.52077765487,3.66830285205914,0.982081336385379,3.73523324000901,0.000187541286613148,0.00190304896811628
"ENSG00000126814.7",582.375368495769,1.46570032463105,0.392394215601042,3.73527505339496,0.000187510127128463,0.00190304896811628
"ENSG00000134460.19",285.929282982898,1.87601101617873,0.502253650109025,3.73518642576615,0.000187576178529214,0.00190304896811628
"ENSG00000189159.16",1274.12802258407,1.55623063517681,0.416603394679193,3.73552077360097,0.000187327113854133,0.00190304896811628
"ENSG00000228253.1",17829.4584948851,3.56016619857366,0.953039909651851,3.73558983471553,0.000187275707126867,0.00190304896811628
"ENSG00000166596.15",143.308324509267,-4.22568056798075,1.13220095147325,-3.73227081507234,0.000189761325528334,0.00192426618132193
"ENSG00000235092.8",66.7200060737337,-1.41002886589521,0.37780870858265,-3.7321237808015,0.000189872153733062,0.00192443827985304
"ENSG00000176692.8",35.0013662067987,-2.82362877077514,0.756876734985228,-3.73063226845022,0.000190999836353845,0.00193491138567156
"ENSG00000101825.8",2348.80926016133,2.42703296358621,0.650850929783944,3.72901512853625,0.000192229612337951,0.00194640788709992
"ENSG00000228340.9",78.1870208673064,1.8247226448533,0.489433450845818,3.72823443452812,0.000192825961388767,0.00195148248386737
"ENSG00000078401.7",788.839466568681,-2.49956849697323,0.670683315417108,-3.72689828345992,0.000193850643622769,0.00196088485290639
"ENSG00000107262.26",1683.70259787143,-0.903556400737454,0.242452618188271,-3.72673393873527,0.000193977030919889,0.00196119578006973
"ENSG00000166920.13",513.293651776117,2.81442863419759,0.755276930581496,3.72635323580019,0.000194270103362634,0.00196319083260101
"ENSG00000108465.15",1165.14210818843,2.04336607342866,0.548621399401173,3.7245467924857,0.000195666418421859,0.00197632721345901
"ENSG00000203499.12",518.230648064197,2.11113846961848,0.566954012333641,3.7236502850184,0.000196362882360336,0.00198238529784162
"ENSG00000124191.18",456.069774412467,-2.16992756246463,0.582891198621321,-3.72269742208673,0.00019710568004028,0.00198890495253243
"ENSG00000166086.13",466.894613775723,-1.46802616567075,0.394493354381075,-3.72129504684295,0.000198203695471164,0.00199900077321237
"ENSG00000136122.18",144.320247256399,1.63725439275635,0.4400472528134,3.72063314175631,0.000198723940254137,0.00200267420112716
"ENSG00000230606.12",49.38958223607,2.64234467111711,0.710196371710677,3.72058317441469,0.000198763265669809,0.00200267420112716
"ENSG00000204389.10",17755.946494119,3.60831845518867,0.969909217362812,3.72026411399585,0.000199014545811784,0.00200422114308684
"ENSG00000256043.5",2166.59678509783,-1.06885749243298,0.287418164063741,-3.71882374210677,0.000200152648828605,0.00201469313283344
"ENSG00000107902.14",751.479192286236,1.46720556160263,0.394579749753409,3.71840055785822,0.000200488186260626,0.00201609110892
"ENSG00000109919.10",1377.84568289471,0.86283956242606,0.232038192808151,3.71852388602015,0.000200390346399465,0.00201609110892
"ENSG00000163814.8",1073.04707498884,1.9430785783202,0.522582858217791,3.71822103952442,0.00020063068365103,0.00201653506744153
"ENSG00000185839.3",53.3827175322067,1.71138798855057,0.460338907051208,3.71766966106169,0.000201068949949703,0.0020199499018955
"ENSG00000170549.4",105.786119174814,-3.47715426442489,0.935495468745849,-3.71691192591927,0.000201672707505433,0.00202502311199383
"ENSG00000176124.16",193.023242938994,1.77755711096897,0.478335740997842,3.71612856538977,0.000202298673421311,0.00203031424367624
"ENSG00000303379.1",11.2411953380688,-3.96711848284705,1.06775880219964,-3.71536949606464,0.000202906969609397,0.00203542294758859
"ENSG00000188486.4",1306.66744012445,1.44498825019296,0.389003902983277,3.71458548130576,0.00020353705996378,0.00204074517237034
"ENSG00000136011.15",120.177345560023,-2.76541066470344,0.744510813497363,-3.71439959577329,0.000203686720195473,0.00204124756152883
"ENSG00000109099.16",3699.97480542447,-1.05076550279829,0.28294460917485,-3.71367917509591,0.000204267722800338,0.00204607004802058
"ENSG00000101938.15",2852.05992785126,-4.09441162327512,1.10274400040835,-3.71293030998939,0.000204873315131517,0.0020501329689881
"ENSG00000169239.14",315.596712548647,-1.47713640405367,0.397824648520086,-3.71303389457802,0.00020478944794401,0.0020501329689881
"ENSG00000151388.11",732.538126184354,1.73229130768505,0.466573756624489,3.71279199288366,0.000204985353780091,0.00205025350922292
"ENSG00000130962.19",323.33489684581,-1.2335251778196,0.332293829238483,-3.71215192483852,0.000205504566992709,0.0020544444864059
"ENSG00000088756.13",410.062636185458,-1.46967870025186,0.39596120438298,-3.71167347705702,0.000205893482911758,0.00205702949489442
"ENSG00000102543.14",222.312015518454,-1.16157149344656,0.312958168552548,-3.71158707509987,0.000205963790139399,0.00205702949489442
"ENSG00000188322.8",473.708292298349,2.41395791946179,0.650446140064874,3.71123413726619,0.000206251217905883,0.0020588972599524
"ENSG00000156467.10",3378.93805824793,-0.867864124659429,0.233918111884056,-3.71011939891852,0.000207161521841968,0.00206697802620327
"ENSG00000143171.13",127.379581664302,-3.23477984936991,0.872012405244411,-3.70955714610877,0.000207622092222246,0.00207056584578061
"ENSG00000277782.2",187.364490589675,-1.58812595958586,0.428208180335437,-3.70877071601434,0.000208267911402625,0.00207599672114702
"ENSG00000068615.20",192.206620717278,-3.13916738419164,0.846859091742558,-3.70683554655151,0.000209865122086993,0.0020909010997433
"ENSG00000253305.3",89.6960895575917,-1.92124665732005,0.518464580204471,-3.705646886355,0.00021085188989884,0.00209971206920146
"ENSG00000111452.13",1065.61288966595,-2.37729478933692,0.641630822260843,-3.70508196747829,0.000211322384021506,0.00210337580678493
"ENSG00000254893.6",53.3055185671688,1.73272934900038,0.467710344093365,3.70470606622822,0.000211636000439163,0.00210547528044862
"ENSG00000171067.11",1680.13168386218,2.0624968264338,0.556917363367583,3.7034162733987,0.000212715407466269,0.00211518754349581
"ENSG00000275063.1",198.860383004103,7.20806459432466,1.94672764036437,3.70265693303431,0.000213353302856137,0.00212050224031131
"ENSG00000298413.1",7.99027971455804,-3.70078915903777,0.999733834647787,-3.70177444313624,0.000214096908748485,0.00212686192683088
"ENSG00000235734.4",18.6354407349272,2.17320635621935,0.587342508904,3.70006652553486,0.000215542956440586,0.00214019020767931
"ENSG00000160808.13",49.6025790331914,-2.00766116506481,0.542647962387092,-3.69974883206631,0.000215812948499298,0.0021418338315729
"ENSG00000234409.7",82.8795663356493,-2.08720764659181,0.564224468813251,-3.69925049684905,0.000216237098917214,0.00214500506831086
"ENSG00000206195.12",295.53147664121,3.44305537657278,0.930933147826563,3.69849906474083,0.000216878149115376,0.00215032377633543
"ENSG00000293627.1",83.0725551644066,-1.38638012650173,0.37503592222546,-3.69665955803637,0.000218454979539084,0.0021649110200432
"ENSG00000127184.13",3430.5192492701,-1.21666427303327,0.329231796520107,-3.69546406481114,0.000219485523792822,0.002174073033743
"ENSG00000088854.13",1298.61103348121,-1.0187264394083,0.275762992824065,-3.69421012216181,0.000220571356200101,0.00218377358161607
"ENSG00000240211.2",10.2357956928726,-3.86853050986921,1.04737194659276,-3.69355941072706,0.000221136815372103,0.00218725965383
"ENSG00000268350.8",66.6803877663922,2.46106202295368,0.666298489657576,3.6936329005015,0.000221072885679779,0.00218725965383
"ENSG00000290567.2",29.6942516533733,-2.68469969510974,0.727115084268921,-3.69226241236499,0.000222267950825563,0.0021973876874288
"ENSG00000230417.13",18.5486917795641,-2.27447973961956,0.616155594783991,-3.69140483162688,0.000223018842873446,0.00220374860447091
"ENSG00000057704.13",670.146579676434,-1.68408223833841,0.456351818980051,-3.69031560365496,0.000223975996989085,0.00221214057912534
"ENSG00000188176.12",128.128149132541,-2.99628363789137,0.812050441221815,-3.68977527231332,0.000224452240337445,0.00221577695516561
"ENSG00000299536.1",24.5840304796242,3.44780780598668,0.934543205005881,3.68929738884034,0.000224874234635162,0.00221887454617871
"ENSG00000110675.13",33.1913967151895,-2.74225683017542,0.743358131900525,-3.68901167888533,0.000225126886000245,0.0022202990238331
"ENSG00000183682.8",240.760124103329,2.13347014333335,0.578371476552595,3.68875407903928,0.000225354908181503,0.00222147934488151
"ENSG00000125459.18",565.144688602919,1.76462945000082,0.478412433238929,3.68851084837823,0.000225570410021285,0.00222253516918617
"ENSG00000129048.7",177.266816822423,-2.1162897455628,0.573840476950171,-3.68794086609293,0.000226076171105331,0.00222632681037557
"ENSG00000145708.11",36.1647032396114,-2.97428395574868,0.80653946054767,-3.68771039885517,0.000226280973118547,0.00222632681037557
"ENSG00000169972.13",523.683904663878,2.17109405533611,0.588727824559114,3.68777211602321,0.000226226111813169,0.00222632681037557
"ENSG00000254285.3",20.8361483646092,2.44822616544681,0.664076256320309,3.68666420783149,0.000227212849946172,0.00223442315361933
"ENSG00000137747.16",382.828545719404,1.30981980365294,0.355299539471859,3.68652266085103,0.000227339206795451,0.00223459400581684
"ENSG00000132554.21",134.650245566154,-3.23913590388941,0.878852750790568,-3.68564119640708,0.000228127562198068,0.00224126858424015
"ENSG00000103089.9",171.700891120746,2.17570137502165,0.590659116931685,3.68351442084536,0.000230040263418612,0.00225897775916438
"ENSG00000179051.14",3285.59835556894,1.24831341674776,0.339079326161752,3.68147899454145,0.000231884896482659,0.00227600187528982
"ENSG00000235770.7",48.2739197226404,-1.64591506917691,0.447363271772398,-3.67914661982866,0.00023401570720691,0.00229572637768637
"ENSG00000237330.3",105.294755201547,3.54620829573411,0.963896396194478,3.67903470718923,0.000234118408883252,0.00229572637768637
"ENSG00000155660.11",6648.08873388841,1.72014173007241,0.467597944893324,3.67867683949047,0.000234447106244985,0.00229675273122177
"ENSG00000166598.16",19460.3617903979,1.16318864014388,0.316194996982394,3.67870665647706,0.000234419703157492,0.00229675273122177
"ENSG00000170558.10",190.331547761545,3.11145395902591,0.84591331244488,3.67821845719996,0.000234868757691506,0.00229978462641196
"ENSG00000112276.14",102.399136880485,-1.99706401796114,0.542990893457069,-3.677895968469,0.000235165831239065,0.0023000123613437
"ENSG00000211673.2",745.283804120772,3.30020740299957,0.897325119753694,3.67782794702709,0.000235228536955605,0.0023000123613437
"ENSG00000237949.4",7.07411731703602,-4.59906105953369,1.25042658054495,-3.67799367918855,0.000235075783844338,0.0023000123613437
"ENSG00000162650.17",320.501152466818,1.64328970715083,0.446835766216788,3.67761453176415,0.000235425376135915,0.00230083980566769
"ENSG00000289172.3",21.1207475603383,-3.56352863779804,0.969164327212076,-3.67690858788517,0.000236077590729786,0.00230611477862007
"ENSG00000085265.12",1384.96340679614,-2.54679045177073,0.692804778665396,-3.67605785958464,0.000236865822887896,0.00231271277737781
"ENSG00000126458.4",2406.98984882796,-1.69664218602966,0.461599592490494,-3.67557123886456,0.000237317805070672,0.00231591030323641
"ENSG00000146918.20",498.868676176238,1.30791911937726,0.355851605635264,3.67546218329512,0.000237419208808181,0.00231591030323641
"ENSG00000066735.16",502.254232297581,-2.4203786631909,0.658677674805219,-3.67460254958033,0.000238219951170037,0.00232151229980534
"ENSG00000144668.12",863.98350109249,-1.8409413304054,0.500978924971047,-3.67468817278451,0.000238140080317395,0.00232151229980534
"ENSG00000146834.16",307.128652976296,-1.45472518971368,0.395979459097789,-3.67373901926167,0.000239026873845556,0.00232826936880251
"ENSG00000153292.16",2107.92272934251,4.3867944982586,1.19425357242665,3.67325214639711,0.000239482960207502,0.00233137732806729
"ENSG00000214145.9",29.1449838660192,2.93913711058162,0.800166752086284,3.67315575524523,0.000239573353015888,0.00233137732806729
"ENSG00000213203.3",792.490101491527,-2.28676380556552,0.62265141221384,-3.67262285238369,0.000240073671725277,0.00233513783921019
"ENSG00000143436.11",1050.34145555259,1.38191411982219,0.376411677844469,3.67128386594103,0.000241335115685054,0.00234629455287166
"ENSG00000188761.13",159.217748709615,2.91853668586664,0.795081785943737,3.67073769952161,0.000241851436199524,0.00234967393149108
"ENSG00000294712.1",38.5884208669529,-2.19713870941273,0.598565501608381,-3.67067380847859,0.000241911903500667,0.00234967393149108
"ENSG00000136270.14",1548.38501839862,1.36588953523631,0.372179068635514,3.66997945436306,0.000242569964393604,0.00235403729288572
"ENSG00000136699.20",2015.34055297504,1.01938186920763,0.277763940282761,3.66995754801688,0.000242590753017339,0.00235403729288572
"ENSG00000182208.15",1007.98138689497,-1.20843106601916,0.32931015842992,-3.66958332467088,0.000242946140705304,0.00235637070436214
"ENSG00000204161.15",841.62322843186,-1.78537679430837,0.48676425308696,-3.66784697722947,0.000244601492907817,0.00237130449672902
"ENSG00000121691.7",4559.61335615281,-1.77022754589441,0.482678891715029,-3.66750561559577,0.000244928173105584,0.00237334936737093
"ENSG00000168807.17",1418.22528788672,-1.17365264159199,0.320067046725754,-3.66689621314755,0.000245512383819789,0.00237788659321727
"ENSG00000163950.13",1467.84729873644,0.875619495176391,0.238813628816945,3.66653904768378,0.000245855391919172,0.00237957414046027
"ENSG00000203734.13",64.586479245181,-3.92681882557446,1.07100711411001,-3.66647314834842,0.00024591872823036,0.00237957414046027
"ENSG00000204388.7",14744.1605088441,3.59791887317988,0.981511551712257,3.66569182696147,0.000246670829071178,0.00238572579211106
"ENSG00000149269.10",2198.09642515842,1.70951371190928,0.466397979788226,3.66535402380067,0.000246996666374927,0.00238775089455517
"ENSG00000182667.15",239.89253113242,1.90175013203963,0.51892546824975,3.66478472998042,0.000247546708027012,0.00239194048133169
"ENSG00000132561.14",915.894210346775,-2.48813757181782,0.679107047097154,-3.66383706729796,0.000248464871848203,0.00239968145660648
"ENSG00000261008.10",18.5543918422947,2.25408843950358,0.615265064750757,3.66360544201662,0.00024868977236064,0.00240072273657372
"ENSG00000168282.6",74.0359611830719,1.79475597180129,0.490030950676724,3.66253594660248,0.000249730695573547,0.00240963679154824
"ENSG00000161653.11",211.614519377335,1.44310264463904,0.394082706352513,3.66192837538059,0.000250323853880466,0.0024140178579815
"ENSG00000294008.1",34.4697371521291,2.03884369786245,0.556782757836711,3.66182980554939,0.000250420209906684,0.0024140178579815
"ENSG00000100714.18",2333.06311875565,1.73741278940861,0.474502530751574,3.66154588608134,0.000250697947195506,0.00241489570958404
"ENSG00000237813.5",17.4373672990852,-2.98660769978772,0.81567964093713,-3.66149594754678,0.000250746828214223,0.00241489570958404
"ENSG00000112303.14",586.103419068707,-1.66003566370749,0.45350970621468,-3.66041926106356,0.000251802890840825,0.00242392792197196
"ENSG00000006625.18",1023.96869197499,2.29434513910521,0.627121552882011,3.65853338728557,0.000253662699359084,0.00244068511856343
"ENSG00000165501.17",229.560815117071,1.81990546602778,0.497528740932233,3.657890120313,0.000254300016474739,0.00244566957682836
"ENSG00000187097.13",691.265031307847,1.36664607785375,0.373793275235291,3.65615480105545,0.000256026782391187,0.00246112196256394
"ENSG00000167553.17",3576.28779641757,1.86106830949213,0.509055535101188,3.65592392413962,0.000256257348304606,0.00246218400639064
"ENSG00000159063.14",911.395221417662,1.28517723831588,0.35173384520742,3.65383444279581,0.000258352887988552,0.00248115579171769
"ENSG00000111450.15",863.978347563941,-1.12054710408508,0.306719953988878,-3.65332313568914,0.00025886811905742,0.00248261548791083
"ENSG00000146072.6",3074.7093694058,1.99273343249937,0.545425810668898,3.65353709619192,0.000258652399423079,0.00248261548791083
"ENSG00000291126.2",111.61321064055,1.67181925908909,0.457603726630074,3.65342142512879,0.000258769000566416,0.00248261548791083
"ENSG00000039068.20",7404.73346191591,1.90180630887797,0.52069967048937,3.65240543957055,0.000259795275133146,0.00248801603051379
"ENSG00000116771.6",60.3462306677524,3.04893522820362,0.834771499009628,3.65241893358946,0.000259781619486907,0.00248801603051379
"ENSG00000226194.7",32.398173636094,-1.88766705208539,0.516826480634983,-3.65241937635657,0.000259781171427868,0.00248801603051379
"ENSG00000303324.1",27.8909862189102,3.5809651990988,0.980721135099966,3.65135926099297,0.000260856035750243,0.00249700847666806
"ENSG00000169860.7",387.761602881415,-2.11017447529617,0.577937745981076,-3.65121414887698,0.000261003490786999,0.00249725411810389
"ENSG00000163781.14",1133.33309035075,0.841224268406113,0.230448888749155,3.65037242302258,0.000261860349338772,0.00250428386326595
"ENSG00000162377.6",487.690060168581,1.14566800363243,0.313904523009565,3.64973397849868,0.000262512030051832,0.00250934576418777
"ENSG00000281706.6",36.4527517526745,2.33465227554476,0.639712569152497,3.64953322495719,0.000262717259626208,0.00251013732123754
"ENSG00000298376.1",14.3621251997784,2.25818699153127,0.61881820092088,3.64919291024537,0.000263065505720968,0.00251229395868781
"ENSG00000152377.15",303.07010693169,2.65263531007934,0.727010284366351,3.64869021404743,0.000263580709650217,0.00251604230478028
"ENSG00000245468.6",13.8094376350744,-2.51214888230792,0.688673420134832,-3.64780868385493,0.000264486458044119,0.00252351341821155
"ENSG00000179115.11",1481.07063109894,1.10686217257244,0.303447488767529,3.64762343912624,0.000264677162622377,0.00252415839181824
"ENSG00000288990.3",28.0916951318482,-1.63776047215611,0.44909388716369,-3.64681087622813,0.000265515198649564,0.00253097333013048
"ENSG00000175216.15",2211.06530737664,1.09196545724794,0.299457674489,3.64647678210717,0.000265860487435539,0.00253308709775943
"ENSG00000197586.13",2386.02596360037,1.01671379756697,0.278961658730267,3.64463633531103,0.000267770161757885,0.00255009725809738
"ENSG00000123572.17",75.0539148061073,2.82569444930771,0.775400299305519,3.64417508200413,0.000268250775980021,0.00255230343883729
"ENSG00000183036.11",173.578723874549,6.6548387749678,1.82611120355461,3.64426808291514,0.000268153806358557,0.00255230343883729
"ENSG00000198535.5",286.351333025461,3.49221293344892,0.958738689639939,3.64250756873121,0.000269995036683678,0.00256770789988968
"ENSG00000131944.11",103.467267805369,1.58845544595061,0.436109942855298,3.64232797709376,0.000270183526865427,0.00256830924193264
"ENSG00000154473.18",2226.05330138222,0.793738757756647,0.218047814780413,3.64020505573967,0.000272421002863235,0.00258837824036505
"ENSG00000079819.20",3195.08640923233,-1.25868988500707,0.345838145072217,-3.63953457113365,0.000273131268310742,0.00259272385437197
"ENSG00000271334.7",8.26797035620968,-3.4296658356725,0.942315959286879,-3.63961344586373,0.000273047623838227,0.00259272385437197
"ENSG00000205213.14",1071.84858436197,2.19772971788066,0.604156567533734,3.63768240880365,0.000275102352197468,0.00261022611265937
"ENSG00000166123.14",439.754790751476,1.88156886654422,0.517313681419565,3.63719138720822,0.000275627131902516,0.00261399570422257
"ENSG00000171962.19",228.881351465686,-2.03630304732824,0.55990433111626,-3.6368767558353,0.000275963887442649,0.00261597944897091
"ENSG00000185022.12",3200.83550388487,-2.80518909441597,0.771490417099453,-3.63606472905074,0.000276834796759314,0.00262302249203002
"ENSG00000164265.9",3920.92900854518,-4.51015568941294,1.24073760117419,-3.63506005229848,0.000277915890597969,0.00263204961700727
"ENSG00000183054.13",38.7319078145671,2.17786119568998,0.59930534341359,3.63397593501348,0.000279086904661994,0.00264191961827771
"ENSG00000049283.19",238.414563190267,3.21279913247641,0.884250906357209,3.63335690060185,0.000279757629628305,0.00264704681029015
"ENSG00000086544.4",2850.20598769352,-2.20189896159107,0.606083513701517,-3.6329959680696,0.00028014939751579,0.00264953101783384
"ENSG00000044574.9",22173.8895771772,1.58509876418413,0.436480956982508,3.63154162587592,0.000281733202852,0.00266328150819613
"ENSG00000152137.8",2418.71155080728,-1.81557905067273,0.500249310983611,-3.6293484284923,0.000284137508839886,0.00268477211117651
"ENSG00000258168.7",109.151683085057,-3.00500603536464,0.828006466701407,-3.62920599803516,0.000284294311998481,0.0026850163856365
"ENSG00000178409.14",229.713700311479,1.86132423800778,0.512922929747448,3.62885753406316,0.000284678281471874,0.00268740491864608
"ENSG00000158373.9",454.175620138782,2.61476276730324,0.720865032200002,3.62725704605655,0.000286448094595947,0.00270286780101026
"ENSG00000187134.14",596.332505496153,-2.66747332706317,0.735505532703098,-3.62672095376331,0.000287043204323309,0.00270599257997478
"ENSG00000204147.11",150.494728695107,1.17292808861627,0.323410260797036,3.62674976893318,0.000287011187508866,0.00270599257997478
"ENSG00000070729.14",14.1765113485812,2.44596862329911,0.674509450791795,3.62629259001164,0.000287519558219649,0.00270923760190059
"ENSG00000166046.12",291.807359124815,-1.26384037823764,0.34855868939373,-3.62590409218005,0.000287952220296951,0.00271206813273711
"ENSG00000104267.10",851.545151745714,-1.99305566463991,0.549765032240997,-3.62528634554231,0.000288641448328242,0.00271731141254466
"ENSG00000258735.2",63.0168508976707,1.66413207376302,0.459074324121024,3.62497309547703,0.000288991535796603,0.00271935862779879
"ENSG00000165792.18",1071.03584934413,1.24226814219361,0.342868003557038,3.62316731017728,0.000291017445272708,0.00273716591645487
"ENSG00000068097.16",681.192783408673,1.09197853917631,0.301430534495326,3.62265402542767,0.000291595722834803,0.00274053532163734
"ENSG00000182054.10",2767.16987924966,1.02015134008477,0.281606562009321,3.6226121039431,0.000291642999990863,0.00274053532163734
"ENSG00000113555.6",1063.89134775896,-1.61668964026021,0.446355582799949,-3.62197696759804,0.000292360157124302,0.00274601587800123
"ENSG00000135775.14",621.47933759733,1.10802473643557,0.306058105574548,3.62030841939482,0.000294252057922559,0.0027625202361008
"ENSG00000289224.2",12.9979869791684,-2.74049943542374,0.757130855835186,-3.6195849294779,0.00029507595353412,0.00276898734611606
"ENSG00000229117.9",19162.8368031205,-1.02720017112058,0.283932988496629,-3.61775564213022,0.000297168757458639,0.00278735050454343
"ENSG00000099769.6",58.2127964552653,-2.17647706089015,0.601676137470077,-3.61735645698329,0.000297627291006339,0.00279037493131869
"ENSG00000196550.11",59.7826008550351,1.58305735377053,0.437657546201949,3.61711426549939,0.000297905812935258,0.00279170968392346
"ENSG00000299449.1",133.061536449567,-1.33075858086387,0.36799710054069,-3.61622028790069,0.000298936008519592,0.0028000840195001
"ENSG00000288922.3",29.464115237499,2.20008323433115,0.608468770816328,3.61577017564845,0.000299455967680234,0.00280367358964179
"ENSG00000290777.2",26.657873531462,-4.11261082181963,1.13788267505425,-3.61426613831128,0.000301199546818666,0.00281871086625738
"ENSG00000223930.10",12.6025656175731,-3.10238234952829,0.858468785530271,-3.61385574154798,0.000301676954201933,0.00282189063364801
"ENSG00000198018.7",531.760015302666,1.26013224332938,0.348731076921983,3.61347848448646,0.000302116435784955,0.0028247129043934
"ENSG00000167210.17",48.8536226082032,-3.00270857364292,0.831017586551995,-3.61329124946869,0.000302334775778825,0.00282546592642162
"ENSG00000118705.18",8759.82972210591,1.24205257285977,0.343866573496947,3.61201892998418,0.00030382238151787,0.00283807476566852
"ENSG00000130635.17",8927.36915154961,2.29373487471618,0.635063431454176,3.61182011293574,0.000304055458239953,0.00283895861373041
"ENSG00000183150.8",26.0541651942655,2.42659180536674,0.671949477380313,3.61127121465611,0.000304699810895509,0.00284278316252784
"ENSG00000211934.3",948.838585794738,6.30764805122774,1.74667337959317,3.61123500530872,0.000304742362038441,0.00284278316252784
"ENSG00000166557.14",3610.20379108346,1.94833596041857,0.539618209846835,3.61058230590769,0.000305510331653332,0.00284865113243289
"ENSG00000215218.4",58.418916121419,2.75133489856593,0.762206872156666,3.60969573887602,0.000306556374050452,0.00285710540615022
"ENSG00000230910.7",60.8361278694796,-2.94991508934905,0.817294402840057,-3.60936656252416,0.000306945615579312,0.00285943339474703
"ENSG00000258636.3",13.9523131870981,-3.18140247673978,0.881961316687802,-3.60719049298842,0.000309530419403894,0.00288220332400429
"ENSG00000166295.9",3109.5582163907,-1.00810163952402,0.279531614353346,-3.60639579840054,0.000310479452544002,0.00288972795958339
"ENSG00000106009.16",2583.43030912679,1.41433959423771,0.39232439768451,3.60502584744949,0.000312121862309491,0.00290369630889011
"ENSG00000164692.19",66360.8131450845,2.58856804431094,0.718068455158328,3.60490427579106,0.000312268004675497,0.00290373839812535
"ENSG00000133561.15",2339.79279857378,-2.18673744947585,0.606675007831561,-3.60446272097463,0.000312799340699087,0.00290736068979786
"ENSG00000134198.10",328.570910513318,-2.47623917638667,0.687056561008706,-3.6041271081833,0.000313203759572276,0.00290980058281375
"ENSG00000160124.9",273.873773887447,1.39542547230155,0.387332917714836,3.60265138458719,0.000314987845906217,0.00292494966853356
"ENSG00000179222.18",5026.70244835217,1.47436750732882,0.409257474493043,3.60254265155487,0.000315119675077577,0.00292494966853356
"ENSG00000110446.12",2410.69278810789,-1.06459668847026,0.295529625009581,-3.60233492136616,0.000315371673143041,0.00292596415661761
"ENSG00000269821.2",203.610632411685,1.66321853661377,0.461872090180796,3.6010371095658,0.000316950328279761,0.00293928065628594
"ENSG00000179085.8",615.129810050416,-1.17087668135625,0.325161114382899,-3.60091237717147,0.000317102441479682,0.00293936187165434
"ENSG00000089012.14",74.8477136375734,2.0791671346838,0.57754754710039,3.59999301377415,0.000318225730192746,0.00294844119831544
"ENSG00000205221.13",30.3493953413301,-3.46028536271602,0.961264875650611,-3.59972100340606,0.000318558788944329,0.00295019395145191
"ENSG00000238078.1",23.0994614744574,-3.43595455304698,0.954868396887857,-3.59835403941064,0.000320237492052259,0.00296440159685757
"ENSG00000204366.4",182.569819098796,1.15083687115384,0.319941250123826,3.59702561238488,0.000321876800242724,0.00297823190982709
"ENSG00000163701.19",568.3587880244,-1.57558963643954,0.438320931039596,-3.59460277815756,0.0003248868752686,0.00300472732995371
"ENSG00000122515.16",5171.55539373783,1.23376119382672,0.343284055844554,3.59399503944742,0.000325646038506051,0.0030103906102471
"ENSG00000044090.13",2200.84269435803,2.01728513346997,0.561360354961136,3.59356537318998,0.000326183762117173,0.00301400264013093
"ENSG00000211611.2",103.432346623166,4.68911980293888,1.30533414877905,3.59227543945346,0.000327803099558797,0.00302760124024936
"ENSG00000170577.8",81.3007002658288,3.19854920208863,0.890604891989325,3.59143457537506,0.000328862738076274,0.0030360205229698
"ENSG00000290548.2",163.76902704577,1.71940426063603,0.47885780323089,3.59063640403284,0.000329871540903197,0.00304396312991861
"ENSG00000032742.18",386.823244433838,-1.31652553028997,0.366685634122246,-3.59033844737715,0.000330248867840177,0.00304565404405815
"ENSG00000155034.21",405.657672494554,1.56220790962818,0.435124236091301,3.59025717266732,0.00033035186275777,0.00304565404405815
"ENSG00000157570.12",1206.48636641194,-2.20023479716393,0.613265808828502,-3.58773433230682,0.000333563905860891,0.00307388509023447
"ENSG00000188921.14",774.821052682972,-1.44224814743319,0.402271570576377,-3.58525994110577,0.000336742631847163,0.00310178388292643
"ENSG00000205106.6",9.26867772043749,-2.69927422350415,0.753070938651971,-3.58435584878095,0.000337911126984519,0.00311026341329376
"ENSG00000260459.2",22.9732920508483,1.96991689143186,0.549593990587164,3.58431301136914,0.000337966586266996,0.00311026341329376
"ENSG00000101144.13",79.2881942014387,-2.45590911220334,0.685657775416288,-3.58182930356514,0.000341196708680313,0.00313858111923784
"ENSG00000278828.2",94.3857744468286,2.68781729804929,0.750551712318259,3.58112206519031,0.000342121758788283,0.00314567916690357
"ENSG00000167325.15",1356.76713362505,1.05972107936517,0.296061902298336,3.57939022595792,0.000344396877775674,0.00316517865616872
"ENSG00000185551.15",1745.11566665537,-1.55901337744667,0.435607257634908,-3.57894261429711,0.000344987203182223,0.00316918351883884
"ENSG00000157077.16",803.683573555213,-1.70014152369962,0.475416593476641,-3.5761089264192,0.000348746385839793,0.00320138670100585
"ENSG00000185614.7",93.8250483961929,-2.44215171053505,0.682915924528514,-3.57606496322532,0.000348805008293361,0.00320138670100585
"ENSG00000120129.6",26825.4282193779,-2.72495717798942,0.762336684442882,-3.57447992940394,0.000350924729073586,0.0032172487544701
"ENSG00000196683.12",2208.65835277124,-1.72331917747724,0.482141201690531,-3.57430389984255,0.000351160881413582,0.0032172487544701
"ENSG00000203288.7",19.8798513601718,2.04098586691733,0.570994318859493,3.57444163541592,0.000350976089702144,0.0032172487544701
"ENSG00000272537.2",26.9730731116571,-3.03331645080882,0.848632642395445,-3.57435750084588,0.000351088957289101,0.0032172487544701
"ENSG00000166794.7",4531.20956478502,1.21225759063956,0.339280302730528,3.57302673006157,0.000352878724279369,0.00323154326155613
"ENSG00000146278.11",5229.90493335368,-1.6109343406239,0.450986625337291,-3.57202242842365,0.000354235065639523,0.00324106907000124
"ENSG00000279108.1",47.9912944888447,-2.23863755997384,0.626703327783777,-3.57208500534116,0.000354150411286559,0.00324106907000124
"ENSG00000206535.8",110.337226865055,-1.35384423036947,0.379209495852863,-3.57017491696668,0.000356742931929432,0.00326255891002724
"ENSG00000117593.12",615.130282959051,1.53310272402574,0.429469347635001,3.56976052532788,0.000357307714462288,0.00326626722128165
"ENSG00000132824.14",5350.67377985947,-0.762941533536171,0.213741334494419,-3.56946182328665,0.00035771533984013,0.0032670803243127
"ENSG00000240864.3",443.36839576925,3.02147762450882,0.84646972843511,3.56950464146509,0.000357656881089005,0.0032670803243127
"ENSG00000101464.11",698.864867401891,1.13585289130845,0.318271526715791,3.56881717641912,0.000358596543192775,0.00327367031238854
"ENSG00000091483.8",1440.59235614332,0.811832640352037,0.22757620234534,3.567300236077,0.000360678147626763,0.00329120816152165
"ENSG00000276116.3",38.8282840246606,3.27474562503385,0.918032767439373,3.56713370282844,0.000360907358051468,0.00329183472841961
"ENSG00000186529.16",72.7330367271394,-3.70455328675197,1.03860244903188,-3.56686361581864,0.000361279385787143,0.00329376279509985
"ENSG00000243910.9",95.5905921401923,-3.97201730604823,1.11371475594361,-3.56645836364345,0.000361838267712932,0.00329739192941598
"ENSG00000197748.13",308.052988690031,-3.81082867997653,1.0686593059595,-3.56599026343103,0.000362484829333762,0.00330181649962659
"ENSG00000120645.12",130.682146012837,-2.38264986165411,0.668225550429611,-3.56563717164402,0.000362973250605934,0.00330479730480642
"ENSG00000100263.14",811.653764103132,1.13733586613531,0.318994659514507,3.56537588392946,0.000363335078155039,0.00330662336550862
"ENSG00000106034.18",788.281345102385,-1.64625714558011,0.46192735600913,-3.56388753375232,0.000365402564699625,0.00332271347792753
"ENSG00000166477.13",638.411557996598,0.907411596038507,0.254614122108315,3.56386986128164,0.000365427179707695,0.00332271347792753
"ENSG00000100490.10",319.157405627873,-1.52714969627925,0.428565050277097,-3.56340232431889,0.000366078949449134,0.00332670285250344
"ENSG00000111445.14",414.17497799632,0.932093859580218,0.261579993058407,3.56332244175913,0.000366190418362284,0.00332670285250344
"ENSG00000227954.8",53.803574475752,-3.26948484886319,0.917824147399982,-3.56221271593802,0.000367742226967381,0.00333932091308201
"ENSG00000137393.10",1460.92451450532,-1.64363905787029,0.461492382096283,-3.56157354191683,0.000368638817744588,0.00334598066358346
"ENSG00000279453.1",235.269831297903,-1.76139230528154,0.49462572861376,-3.56106082515769,0.000369359499451845,0.00335103857378789
"ENSG00000005001.10",1053.35443684886,2.47424666292397,0.695065004684972,3.55973419212119,0.000371230351099527,0.00336364172998794
"ENSG00000112167.11",607.451189599784,1.04589755373055,0.293823571963737,3.55961077846958,0.000371404841820751,0.00336364172998794
"ENSG00000117013.17",56.2023132360795,-1.52120053648548,0.427309066415512,-3.55995380403719,0.000370920038158661,0.00336364172998794
"ENSG00000188523.9",89.4476925729354,-4.72606274821108,1.32765531405797,-3.55970612113613,0.000371270033056996,0.00336364172998794
"ENSG00000291224.2",54.8912648833112,1.71608398508896,0.482339883456212,3.55783140467742,0.000373929180354569,0.00338500835054749
"ENSG00000196196.3",122.188299647557,-1.7005627495896,0.478294293251696,-3.5554736353392,0.000377298780301136,0.00341400449748212
"ENSG00000162630.6",89.8319967490346,-2.57953625496972,0.725562067707143,-3.5552247971305,0.000377656057823268,0.00341572995571605
"ENSG00000211669.3",461.50502702829,3.63382520854615,1.02256630315619,3.55363285229544,0.000379949237719509,0.00343495554241658
"ENSG00000154258.17",477.351858156447,-2.93030494745808,0.824677469539354,-3.55327392307066,0.000380468066394738,0.00343813011606774
"ENSG00000143947.15",13078.055566126,-1.06915955170416,0.300909088949318,-3.55309823122104,0.00038072226856541,0.0034389116276058
"ENSG00000198626.19",268.622885324131,-2.28302445500605,0.642814312693,-3.55160799927053,0.000382884823695375,0.00345692224793042
"ENSG00000171302.17",2556.99077630635,1.33797299852423,0.376762180257313,3.55124019510251,0.000383420327544171,0.00346023344892856
"ENSG00000101311.17",490.480224404002,2.59826519424459,0.731716412325067,3.55091829358927,0.000383889573809159,0.00346294404812274
"ENSG00000204632.13",36.2178398519662,-3.07430698724755,0.86593680284127,-3.55026715247611,0.00038484040464969,0.00346999457209202
"ENSG00000062822.16",1082.46534974372,1.43627526336856,0.40464815045817,3.54944230374539,0.00038604805268279,0.00347935352624524
"ENSG00000107954.11",49.1992416208548,-1.93443826387833,0.545073874088353,-3.54894695166543,0.000386774990960986,0.00348437364440424
"ENSG00000295873.1",74.0112209023171,2.63225611683529,0.741921454867352,3.54789054766709,0.000388329558411616,0.00349684201390943
"ENSG00000173465.8",419.72952884454,1.10411260608763,0.311350295916966,3.54620702330113,0.000390819046702419,0.00351771454503353
"ENSG00000164972.14",158.646967646881,-4.50774709652464,1.27120197149598,-3.54605105844812,0.000391050430786508,0.0035182527568436
"ENSG00000278126.1",41.8823436119528,-1.48330213721444,0.418372760614464,-3.54540801135313,0.000392005785904384,0.00352530115534364
"ENSG00000234602.9",66.21739301714,4.69874296151416,1.32559130057358,3.5446392560671,0.000393150763815979,0.00353404790060624
"ENSG00000234742.1",63.8176580584793,-2.3335182336806,0.659252823498324,-3.53964086387645,0.000400671876896637,0.00360007719714664
"ENSG00000130701.4",147.237907663371,2.49603994422589,0.705281659820377,3.53906827076942,0.000401541990743696,0.00360631492694207
"ENSG00000235947.1",19.8120875922863,2.67671022335331,0.756679987131671,3.53744022423515,0.000404025628914165,0.00362703217830825
"ENSG00000164466.13",721.313717672724,0.813695841065074,0.230187918497298,3.53491984452096,0.000407898871075124,0.00366020063567805
"ENSG00000197989.16",747.511893638357,1.26076343907644,0.356695044182134,3.53456954235863,0.00040843994183462,0.00366264502495898
"ENSG00000291071.2",11.5664910447981,2.59031558256503,0.732863665137196,3.53451222347079,0.000408528539410904,0.00366264502495898
"ENSG00000064195.7",61.2261499131324,2.8953469485047,0.819460578485262,3.5332351848537,0.000410507114325696,0.00367792800228141
"ENSG00000179314.17",155.956528001816,-2.92653745088919,0.828301129623212,-3.53318056226779,0.000410591942900027,0.00367792800228141
"ENSG00000183833.16",113.095376059811,-2.11808576067876,0.599532693782328,-3.53289450708049,0.000411036452481162,0.0036803019308619
"ENSG00000118432.13",196.334149063349,-2.53593380568903,0.717831227162807,-3.53277164565852,0.000411227508414594,0.00368040542668391
"ENSG00000132768.14",620.081630959332,1.29945065993901,0.367903835418669,3.53203890484113,0.000412368682278289,0.00368900849102707
"ENSG00000102996.5",2683.74605768338,1.48525965452728,0.420600612563002,3.5312826709324,0.000413549545472781,0.0036979589534993
"ENSG00000123219.13",161.774425309057,2.13292551425187,0.604038461540703,3.53110877875472,0.000413821525261083,0.0036987779223859
"ENSG00000183248.12",471.147486542491,3.11379370964317,0.881873985426542,3.53088282577823,0.000414175181435318,0.00370032589113279
"ENSG00000010379.16",18.287419538554,-2.29506137701017,0.650255150989396,-3.52947819562539,0.000416380014241727,0.00371702610979828
"ENSG00000246662.7",23.0200367890103,-2.76882434092645,0.784489274817454,-3.52946105167689,0.000416406992499349,0.00371702610979828
"ENSG00000100079.7",242.774674695283,-2.13607988327532,0.605416449668316,-3.52828187018307,0.000418266512228938,0.00373200024662408
"ENSG00000196628.20",3390.40210221889,-1.52473414031835,0.432193961440804,-3.52789320617842,0.000418881116370901,0.00373585837758545
"ENSG00000211943.2",395.245663647865,2.99973760911553,0.850381343311412,3.52752048561468,0.000419471300857587,0.00373949545773216
"ENSG00000164330.18",312.530443161657,-2.06074208477063,0.584269192028018,-3.52704218002274,0.000420229811687585,0.0037446293171848
"ENSG00000187391.23",284.361621184561,-1.64528141171797,0.46665187859695,-3.52571475050036,0.000422341603121365,0.00376181243718526
"ENSG00000138434.17",4691.79651548856,-1.33256004361614,0.378205782886684,-3.52337299933723,0.000426091246674424,0.00379356271029631
"ENSG00000126351.13",1859.6424674966,-1.63060301487431,0.462818166127619,-3.52320443364939,0.00042636235209813,0.00379432884870662
"ENSG00000107186.17",998.973260481516,-1.85586469875133,0.526861131677875,-3.52249309574428,0.000427508176922951,0.00380287534040268
"ENSG00000040608.14",258.283177530384,1.77443908041612,0.503838209746822,3.52184301644722,0.00042855784006062,0.00381055938968037
"ENSG00000182199.11",1769.20644750713,1.40381386445058,0.398634596493346,3.52155552177221,0.000429022815893977,0.00381304023280889
"ENSG00000124766.7",4387.83126723625,1.79594160856607,0.510009760382639,3.52138674212558,0.000429296008884746,0.00381381514998823
"ENSG00000120370.14",619.560728213456,1.09911937354648,0.312291305014952,3.51953242340146,0.000432308191947063,0.00383891172268627
"ENSG00000163359.17",16782.4220629311,1.58054531635578,0.449267378722444,3.51805047775845,0.000434729660459856,0.00385716403104362
"ENSG00000185269.12",131.686967802855,-3.06558329730334,0.871388498103933,-3.51804425233267,0.000434739859331925,0.00385716403104362
"ENSG00000168243.11",65.348915423327,3.96070290727391,1.12586206233122,3.51792909610335,0.000434928555573534,0.00385716916240473
"ENSG00000292334.1",875.795398676161,2.85024906682865,0.810326374014121,3.51740873582746,0.000435782177309395,0.00386306863966789
"ENSG00000254827.8",107.64576636869,2.34683156784284,0.667286868768966,3.51697549836753,0.000436494071865409,0.00386770719512893
"ENSG00000255363.4",24.3158068696959,-2.01596958190844,0.57341751714202,-3.51570979546678,0.00043858009511132,0.00388451242771598
"ENSG00000151790.9",196.75600667294,2.14021183710946,0.608795904648426,3.51548330198675,0.000438954362529099,0.00388614863959268
"ENSG00000270933.3",57.035724064451,3.91586382680792,1.1139651658878,3.5152480048037,0.000439343493291747,0.00388791497041604
"ENSG00000130479.11",1465.79588152336,0.931220997813562,0.264963785990787,3.51452178391631,0.000440546537527744,0.00389519888118536
"ENSG00000206557.6",42.5273419341491,-3.1321230572593,0.89116980775991,-3.51461980644561,0.00044038397587412,0.00389519888118536
"ENSG00000105388.17",14022.1698071479,6.98674577458514,1.98919894784613,3.51234137849824,0.000444177058900069,0.0039256062136582
"ENSG00000176208.9",170.491312426653,1.36458900472652,0.388527713334407,3.51220507030347,0.000444404946105523,0.00392592805469524
"ENSG00000183801.8",610.746388125715,-1.53541094261136,0.437239511708588,-3.51160153987794,0.000445415271914122,0.00393315880074383
"ENSG00000171522.6",1185.87995911719,-1.5884003081866,0.452650583784053,-3.5091091563562,0.000449610337659969,0.00396849348402066
"ENSG00000115598.10",62.1681073638063,2.47346164942908,0.705057972216711,3.5081677633578,0.000451204419362766,0.00398085000628836
"ENSG00000253217.2",36.7083008634401,2.98544628675146,0.851109245713217,3.5077122023856,0.000451977723272775,0.00398595752171397
"ENSG00000237424.1",45.539755935156,2.161331236154,0.616230615653785,3.5073415394348,0.000452607827204793,0.0039897983185757
"ENSG00000058262.11",9491.89777190768,1.18489119098656,0.337846271075429,3.50719037748982,0.000452865028346365,0.00399035003919805
"ENSG00000085063.18",9386.52663529868,-1.22356984068015,0.348906583541953,-3.50686945559749,0.000453411527262592,0.00399344929338152
"ENSG00000300260.1",13.7288091835182,-2.88041724978406,0.821563521278458,-3.5060189202434,0.000454862885082658,0.00400451206343273
"ENSG00000260027.5",313.274166860513,2.7719471920176,0.790700822954282,3.50568395978244,0.000455435652263091,0.0040078337399152
"ENSG00000102890.16",1131.26712802172,1.71658364930313,0.489813409415788,3.50456646613768,0.000457351387519382,0.0040229656154858
"ENSG00000122694.16",1922.51127316719,-1.29220884989112,0.368973754387976,-3.50217009888556,0.000461484893315917,0.00405758415632486
"ENSG00000168488.19",4234.01785416411,1.04494101957272,0.298381604115488,3.5020289627784,0.000461729423339589,0.00405799404035788
"ENSG00000129559.13",704.205698216515,-1.00068509831391,0.285779035224532,-3.50160429902666,0.000462465917889688,0.00406272544147821
"ENSG00000109756.10",1666.75928733581,-1.18616876469297,0.338798289469107,-3.50110611996207,0.000463331307196265,0.00406858463501166
"ENSG00000224957.8",13.0057270943279,-3.0039763901901,0.858283840180563,-3.49998013426203,0.000465292832247979,0.00408406003099852
"ENSG00000125995.16",702.472229026397,-1.65605867182208,0.473223274245098,-3.49952921158386,0.000466080533200391,0.0040874744451415
"ENSG00000245571.8",240.308487694402,1.22586865493852,0.350292891362592,3.49955333141378,0.000466038367643886,0.0040874744451415
"ENSG00000106462.12",430.304375961204,1.68409848801669,0.481264080669911,3.49932304457971,0.000466441093378893,0.00408873766310536
"ENSG00000249115.9",936.015000863161,1.31968021980366,0.377135661519245,3.49921886062826,0.000466623396979445,0.00408873766310536
"ENSG00000108424.11",4889.32442353553,0.824261771938856,0.23556863229947,3.49903025667272,0.00046695358985255,0.00408988312957569
"ENSG00000287189.3",68.9781319145081,-3.665047283747,1.04748343065116,-3.49890716788584,0.000467169201497244,0.00409002446947032
"ENSG00000152952.14",1431.23888494086,1.22265599654859,0.349539771928011,3.49790236974921,0.000468932759036695,0.00410196130174419
"ENSG00000155792.10",481.558639581181,1.90691601670866,0.545152335283134,3.497950743838,0.000468847713814244,0.00410196130174419
"ENSG00000120051.15",59.1824595284082,-3.11060203022946,0.889343239537031,-3.49763948489535,0.000469395181708539,0.00410425535426519
"ENSG00000100462.16",929.719339712702,1.12868618129803,0.322808610383888,3.49645624370359,0.000471481811333084,0.00412074299214559
"ENSG00000163938.17",1942.43226960805,1.04875469376237,0.30006772957474,3.49505991613519,0.000473955346046888,0.00413971012049055
"ENSG00000186350.12",3058.6050979425,-1.12081519436824,0.320690733166722,-3.49500337381295,0.000474055762920007,0.00413971012049055
"ENSG00000004838.14",340.329709468194,-3.08783742556245,0.883883162205131,-3.49349049466996,0.000476749955955311,0.00415969408379051
"ENSG00000119535.20",3571.47515661025,-2.19494940673611,0.628286295065275,-3.49354971447861,0.000476644227014276,0.00415969408379051
"ENSG00000090520.12",1417.54075397241,0.971303411751723,0.278087210218916,3.4928014524188,0.000477981756632811,0.00416843168688396
"ENSG00000106153.14",5799.77715194445,1.36732852571178,0.391481474945299,3.49270300951745,0.00047815798515173,0.00416843168688396
"ENSG00000246089.6",128.965182070717,1.81977216451462,0.521146558669052,3.49186257539934,0.000479664965668723,0.00417979194903166
"ENSG00000250343.2",113.136598584119,4.25577242109908,1.21883206377177,3.49168072255111,0.000479991628045725,0.00418086165737024
"ENSG00000291242.2",54.0700018255003,2.59073425477699,0.742265600469293,3.49030623693058,0.000482467336591387,0.0042006413033842
"ENSG00000249485.1",70.5768926390241,1.15930343270648,0.332171010900737,3.49008009327134,0.000482875803230014,0.00420241318736341
"ENSG00000276566.1",46.5282414910586,3.00258855308815,0.860372799851137,3.4898692213511,0.000483256976225619,0.00420394613514217
"ENSG00000119777.20",3033.05559075481,1.04638162463627,0.30015853645385,3.48609650419574,0.000490124157970115,0.00426187690204378
"ENSG00000124155.19",4286.87566154231,1.29192316894831,0.370680349288122,3.48527557889002,0.000491630429626783,0.00426856285266757
"ENSG00000131116.12",630.914787531335,-0.771246176881567,0.221290294552808,-3.48522368972453,0.0004917257831643,0.00426856285266757
"ENSG00000163531.17",587.299796574733,-2.83550110447658,0.813504995793666,-3.48553619109644,0.000491151779278221,0.00426856285266757
"ENSG00000168517.11",36.4833863897989,1.49090482990317,0.427778039350418,3.48522993879517,0.000491714298717047,0.00426856285266757
"ENSG00000151702.18",1896.98844211259,-1.78930242472959,0.513418875871276,-3.48507331697364,0.000492002211363309,0.00426915503249822
"ENSG00000170638.10",2144.80997079662,1.28574309721048,0.369140955437945,3.48306812958503,0.000495702196886813,0.00429762276742799
"ENSG00000178175.12",147.909725326187,-1.94147248660509,0.557387666133768,-3.4831637019739,0.00049552525884091,0.00429762276742799
"ENSG00000101444.13",2460.72542547916,1.03455580605678,0.297076455659806,3.48245640590746,0.000496836108191167,0.00430381392579286
"ENSG00000106635.8",1431.94149007391,-1.17987003591795,0.338801673411993,-3.48247995364293,0.000496792414607147,0.00430381392579286
"ENSG00000197046.12",61.8802358000236,2.5319118838135,0.727206280926492,3.48169694104916,0.000498247242684645,0.00431421514527279
"ENSG00000091490.11",5849.93754688834,1.63921070051162,0.47089600304883,3.48104611187715,0.000499459497598089,0.00432036781870946
"ENSG00000121621.7",151.680982372606,1.74127946931914,0.500227345622586,3.48097616924947,0.000499589938458843,0.00432036781870946
"ENSG00000258334.2",19.7774975155266,-3.49868650929795,1.00503639359312,-3.48115404735718,0.000499258263541538,0.00432036781870946
"ENSG00000101680.16",172.973684824757,2.71939326636693,0.781582022296859,3.47934469932582,0.000502641606184729,0.00434492558735737
"ENSG00000120800.5",792.008371683518,1.16596362102855,0.335136065545769,3.47907533953344,0.000503147112627793,0.00434563116989059
"ENSG00000164818.16",1265.33807759104,1.57648645050026,0.453127156530279,3.47912595345612,0.000503052089533164,0.00434563116989059
"ENSG00000225914.6",30.7337976310282,-2.46698438460082,0.709146193883216,-3.47880931446851,0.00050364682597838,0.00434811558730977
"ENSG00000176383.9",35.8838208332988,2.64208749351471,0.759631584760842,3.47811695368951,0.000504949557405691,0.00435752766205652
"ENSG00000176884.17",47.8278457144935,2.5329780604879,0.728291349116641,3.47797356588156,0.000505219745246697,0.00435802509740778
"ENSG00000126562.17",183.01094180135,3.60036567609784,1.03522618327878,3.47785414844775,0.000505444868205418,0.00435813354822704
"ENSG00000301902.1",33.9863061465874,-2.34960648326223,0.675659982457707,-3.47749836347501,0.000506116140227874,0.00436208715394381
"ENSG00000122592.8",31.57315073166,-2.48936896695442,0.715881135805283,-3.47734958004469,0.000506397101533572,0.00436267486127914
"ENSG00000227888.5",493.288911030797,-1.91026825023727,0.549375978044503,-3.47716013546287,0.000506755057438261,0.00436392511453763
"ENSG00000183153.7",168.437817456091,-1.61818745888388,0.465449352421253,-3.4766134069499,0.000507789425151335,0.00437099679819604
"ENSG00000122733.12",20.2582593721185,-2.24597665436606,0.646135036832477,-3.47601743650433,0.000508919196689428,0.00437888342799834
"ENSG00000159337.7",23.1692338582265,2.12842518048636,0.61244638814564,3.47528407658797,0.000510312630968746,0.00438903111802985
"ENSG00000187715.13",123.496016705646,3.52949095470515,1.015771858239,3.47468865777014,0.000511446582812258,0.00439693951110379
"ENSG00000101811.15",513.026620197952,1.32433133615601,0.381279166023639,3.47339024570228,0.000513927508320432,0.00441641644199586
"ENSG00000239951.1",4211.49363899319,3.55227711906401,1.02285775222407,3.47289455580705,0.00051487759715625,0.00442272737833756
"ENSG00000162851.8",495.311954738277,1.44734847582014,0.416783255971349,3.47266464063431,0.000515318831139277,0.00442281176796975
"ENSG00000298162.1",28.4765183893265,2.62024325687629,0.754533237750231,3.47266777099044,0.000515312821255482,0.00442281176796975
"ENSG00000257702.6",308.38432481691,1.94362889841263,0.559713728097179,3.47254105240594,0.000515556156960326,0.00442299725619855
"ENSG00000168646.14",451.158011355934,-1.87698252283961,0.54109312955787,-3.46887147573524,0.000522649419851105,0.00448197561883189
"ENSG00000116117.20",643.935622895213,-1.38393709589589,0.398992175456378,-3.4685820450311,0.000523212739484871,0.0044849306063536
"ENSG00000307088.1",244.452059480966,2.06293075924193,0.594851654269696,3.46797515722573,0.000524395764261194,0.0044931929588013
"ENSG00000092470.12",276.54860936294,1.44725024758258,0.417488045524021,3.46656691873902,0.0005271504964668,0.00451306806830025
"ENSG00000100401.21",2249.51393748663,0.749144987978792,0.216105895495918,3.46656432606644,0.000527155580549117,0.00451306806830025
"ENSG00000070756.17",23720.0057299664,1.0961047705869,0.316244613112757,3.46600297724624,0.000528257430025718,0.00452061366663077
"ENSG00000146250.7",38.8484408614803,-2.42667939009626,0.700174961112011,-3.46581858089045,0.000528619842402594,0.00452182780501576
"ENSG00000011132.12",815.587407848103,1.01460976566293,0.292768448928467,3.46557072449713,0.000529107344094459,0.00452222854278595
"ENSG00000137673.9",1978.54298204821,3.20036202651866,0.923473359395674,3.4655704942187,0.000529107797217299,0.00452222854278595
"ENSG00000186603.7",51.8081017959659,3.05259472522295,0.881087608509832,3.46457570818156,0.000531068633346579,0.00453709635755761
"ENSG00000174951.12",341.88076927627,-1.37732264995022,0.397600184711622,-3.4640895626072,0.000532029342626695,0.00454341092928686
"ENSG00000280739.7",169.565478812975,-1.00888792514007,0.291339729914864,-3.46292599857524,0.000534335330607486,0.00456120383795833
"ENSG00000174839.13",823.910904753076,-1.18249855743549,0.341538252034816,-3.462272674848,0.000535634187442266,0.00457038842252028
"ENSG00000104341.17",4564.70143495301,1.47961270804905,0.427444510538067,3.46153166451129,0.000537110932170474,0.00458108259285499
"ENSG00000145283.8",21.6511066672746,-2.82433497843381,0.816092180874798,-3.46080387071753,0.00053856502975246,0.00459157479003927
"ENSG00000183929.7",31.2328831323492,4.19472660294408,1.21213839693004,3.46060038488013,0.000538972240453288,0.00459173316986847
"ENSG00000248896.4",44.1156935632586,-2.15200523307646,0.621864242942546,-3.46057078775517,0.000539031493360974,0.00459173316986847
"ENSG00000079385.23",772.066804955577,1.74026743021023,0.503129883362636,3.45888305933901,0.000542420353178629,0.00461868227640141
"ENSG00000165966.16",44.116330528263,-2.78428900759202,0.805040923123047,-3.45856828841787,0.000543054586859155,0.00462216324157746
"ENSG00000198774.5",516.495572380637,-2.02800955269832,0.586511451114063,-3.45774928834923,0.00054470803355948,0.0046343126639434
"ENSG00000125868.16",10011.901516853,-1.06296844136843,0.307463769664061,-3.45721527622536,0.000545788654103505,0.00464158049097398
"ENSG00000293412.2",46.6743694915997,3.45937631141322,1.00072250645695,3.45687869423572,0.000546470783126057,0.00464545478325733
"ENSG00000206053.13",2824.91848362778,1.77000670422181,0.512175317364752,3.45586099956722,0.000548538113457343,0.00466109634410665
"ENSG00000131015.5",214.515693548645,2.22197720508647,0.643013937089486,3.4555661657101,0.000549138394400872,0.0046642641420031
"ENSG00000149428.21",4566.28384228503,1.48601142133428,0.430051848698096,3.45542386536159,0.000549428336425677,0.00466479445551639
"ENSG00000076650.7",478.340701106949,1.07449696577196,0.311017930589318,3.45477498270276,0.000550752266605168,0.00467409953413591
"ENSG00000083444.17",4435.49485602631,1.77003604040811,0.51245602751476,3.45402521459684,0.000552285736157364,0.00468517448662416
"ENSG00000287917.4",28.8811896043083,-1.97202945093453,0.571232084005415,-3.45223860170262,0.000555955865780652,0.00471435859055686
"ENSG00000186862.20",109.07994932991,1.67522740569292,0.485369970850055,3.45144427200349,0.000557594892980464,0.00472630247444044
"ENSG00000174669.12",752.246190764839,1.72686233374537,0.50064843442409,3.44925144074768,0.000562142992537422,0.00476288426404434
"ENSG00000184481.18",727.663209741529,-1.12082302820938,0.324999123923224,-3.44869553701984,0.000563301456377895,0.00477072823691547
"ENSG00000106541.12",8248.59528161002,3.15706918450711,0.91556182475923,3.44823156572451,0.000564270041411475,0.00477695826965355
"ENSG00000205707.11",492.31602454378,-1.12643425372618,0.326763831843812,-3.44724276052865,0.000566339445444935,0.00479249855113617
"ENSG00000153814.13",423.2062893673,-0.939524825782148,0.272566951416845,-3.4469506332237,0.000566952170204396,0.00479570433080484
"ENSG00000105664.11",665.272995022609,3.55325763842197,1.0309717375935,3.44651313790231,0.000567870952939006,0.00480149526559232
"ENSG00000135823.14",1336.7707654451,0.822194827431065,0.238630167328912,3.4454773117508,0.000570051819254031,0.00481572537920789
"ENSG00000163239.12",263.818282546381,-2.25513309224388,0.654526763549622,-3.44544061118887,0.000570129232837786,0.00481572537920789
"ENSG00000181544.16",60.0182842078917,1.56510036972395,0.45426068540438,3.4453793163516,0.000570258545684587,0.00481572537920789
"ENSG00000106443.17",1759.65869477213,1.37222130805617,0.398322163997756,3.44500364801166,0.00057105168468879,0.00481990669766288
"ENSG00000138613.14",604.339069425217,-1.14542013134238,0.332495212313362,-3.44492217909853,0.000571223823415958,0.00481990669766288
"ENSG00000157514.18",6080.89055740004,-1.58576613852311,0.460502942311907,-3.44355267430417,0.00057412474437894,0.00484239150915088
"ENSG00000204394.13",2268.54923335925,1.50715369633214,0.437778699397218,3.44272962208384,0.000575874748460771,0.00485515454047683
"ENSG00000082014.17",506.036809313928,-1.14794735188457,0.333693924490468,-3.44012062442377,0.000581454976660363,0.00489817290116848
"ENSG00000258366.12",118.156726786435,1.59400144545551,0.463352176083752,3.44015098607715,0.00058138974942136,0.00489817290116848
"ENSG00000272853.3",40.9057945445564,1.85077196850188,0.538585228938922,3.43635857252923,0.000589590085052738,0.00496466328703135
"ENSG00000215187.13",146.736576135076,-3.43766707217008,1.00050657511389,-3.43592651730325,0.000590531119394509,0.00497054600659483
"ENSG00000182557.9",39.3942865848281,-1.51841593297206,0.441965313355826,-3.43559977918355,0.000591243696954139,0.00497450174901423
"ENSG00000269887.1",11.3611531018465,-2.61614756329878,0.761526756510041,-3.43539808803065,0.000591683961182018,0.00497616404432982
"ENSG00000274605.5",154.970488120912,2.35765024367198,0.686308629639653,3.43526241963453,0.000591980278411789,0.00497661485385622
"ENSG00000125845.7",2058.0941043562,-3.22052586089098,0.937596901419123,-3.434872551324,0.000592832569990349,0.0049790284224375
"ENSG00000159588.15",304.352787946426,-2.76680771672425,0.805482151632914,-3.43497085703915,0.000592617556120048,0.0049790284224375
"ENSG00000162521.19",3122.68250582447,1.00127593767812,0.291509417438975,3.43479790970296,0.000592995874346097,0.0049790284224375
"ENSG00000151882.11",701.756398378791,2.52510321983484,0.73556101836625,3.43289428991673,0.000597174879686784,0.00501206456532862
"ENSG00000065000.20",5263.9277170835,0.990139778039055,0.288482427778491,3.43223601404009,0.000598626356005967,0.00502219099981438
"ENSG00000260037.5",7.09162921886735,-3.2850940364415,0.95733329430477,-3.43150505261303,0.000600241948727414,0.00503368544650589
"ENSG00000143643.13",851.996531218437,1.10908343643388,0.323258587774798,3.43094809659484,0.000601475672629634,0.00504196941602535
"ENSG00000143578.16",629.840036955004,1.60783858879915,0.468682734763851,3.43054793688798,0.000602363530572164,0.00504722801695801
"ENSG00000162618.15",1248.42389091341,-1.83702948017089,0.535507856480038,-3.43044356481699,0.000602595307526005,0.00504722801695801
"ENSG00000121073.15",1166.46638634996,0.850253610200738,0.247880226320799,3.43009857147849,0.000603362018027435,0.00505158628731504
"ENSG00000142609.20",116.202133000112,-3.27726373076975,0.955874264177448,-3.4285510695174,0.000606812357522648,0.00507840023618138
"ENSG00000129925.11",3250.80391650192,1.24486677474511,0.363121330438788,3.42823918727343,0.00060750995557812,0.00508216406739036
"ENSG00000267275.2",37.433433641146,-3.41268180281221,0.995677686008129,-3.42749651897326,0.000609174113756588,0.00509400735255509
"ENSG00000106538.10",6171.76881129977,-1.74565709717046,0.509472520863475,-3.42640088657157,0.00061163693487838,0.0051125168009565
"ENSG00000225285.2",373.595329150992,1.91826591049824,0.559895017902743,3.42611712760668,0.000612276292357478,0.00511577550876028
"ENSG00000182057.6",71.3831217798554,1.38400694201346,0.404001429676804,3.42574763440973,0.000613109755912932,0.00512065272311151
"ENSG00000278231.2",8.84825934817013,-2.86746385575046,0.837443927626033,-3.42406668811735,0.000616914799939941,0.00515033430699045
"ENSG00000100280.17",4190.01685498864,0.85726725377113,0.250416496090052,3.42336574130024,0.000618507967999913,0.0051615333235125
"ENSG00000129675.16",1684.21804360901,-1.12905422091574,0.329896314688387,-3.42245175421926,0.000620591101622614,0.00517681039368189
"ENSG00000272865.3",42.1550178709821,-4.1810454833094,1.22223537783013,-3.42081857484124,0.000624329660351006,0.00520587855056406
"ENSG00000269952.1",20.6479352487244,-2.84818867697723,0.833193171570889,-3.41840136736515,0.000629901433212971,0.0052502028400808
"ENSG00000196169.15",188.515327890905,-3.03928016857122,0.88941584079136,-3.41716442318703,0.000632770505157571,0.00527197335950867
"ENSG00000115718.18",26.0908859088503,2.29606507596195,0.672022227739529,3.41665049337012,0.000633966127918839,0.00527978939352067
"ENSG00000075035.10",25.1096289606425,-3.51659681738694,1.02931735527936,-3.41643595082735,0.000634465868040124,0.00528180599199947
"ENSG00000068831.19",673.148301946104,-2.20842252324871,0.646433084285852,-3.41632038479044,0.000634735211173173,0.00528190372154819
"ENSG00000105928.16",426.339807570389,1.50137266729523,0.439617876019825,3.41517656399286,0.000637406790813099,0.00530198330175732
"ENSG00000143183.18",2698.25066479061,0.80271723162861,0.235068220683224,3.41482668008257,0.000638226088387084,0.00530449441276399
"ENSG00000267575.10",129.330266395242,1.51965078903998,0.445007759341864,3.41488604892517,0.000638086999738945,0.00530449441276399
"ENSG00000079335.21",434.01584803899,-1.24925843083452,0.365901282809335,-3.41419527486457,0.000639707083235781,0.00531464912263633
"ENSG00000115884.11",8850.80523947719,1.62328822996872,0.475476986750149,3.41402060500084,0.000640117344885602,0.00531590362071057
"ENSG00000100024.15",26.8507773027945,-2.26634327366163,0.664092476764676,-3.41269228753019,0.000643245291252657,0.00533971718698157
"ENSG00000176720.6",1058.03923154787,-1.27750182715102,0.374356095849151,-3.41253112027806,0.000643625776450961,0.00534071344409167
"ENSG00000011523.15",812.977044272897,-1.08228461634272,0.317202680880425,-3.41196553994671,0.000644962660801539,0.00534964174638947
"ENSG00000125384.8",184.461921768993,-2.00787515357938,0.588804834652738,-3.41008605128654,0.000649423856183898,0.00538376107954406
"ENSG00000145217.14",283.244663092757,1.69990702716286,0.498520884775176,3.40990132826529,0.000649863864215351,0.00538376107954406
"ENSG00000225313.6",96.9385154342664,1.40226811478678,0.411230521216253,3.40993200271088,0.000649790778859907,0.00538376107954406
"ENSG00000121552.4",273.293949489925,-1.44084583633026,0.422570922616996,-3.40971363435765,0.000650311232830531,0.00538529140466769
"ENSG00000034713.8",1980.37343793776,-0.907268893268505,0.26612323869155,-3.40920581655807,0.000651523053207383,0.00539100399455064
"ENSG00000109339.24",309.914105505242,-1.3498188365038,0.395933701157086,-3.40920419898346,0.000651526916625852,0.00539100399455064
"ENSG00000188158.17",463.055978758416,2.00440407251822,0.587992351657679,3.40889480427315,0.000652266267465749,0.00539276917262811
"ENSG00000211952.3",34.99459200026,4.21043679252181,1.23513077447061,3.40889959148371,0.00065225482167814,0.00539276917262811
"ENSG00000151067.23",452.210942107373,-1.36535188963381,0.400575585509862,-3.40847505195794,0.000653270583821862,0.00539889562703888
"ENSG00000115286.21",814.798056375003,1.07322506827699,0.31490892065749,3.40804911476064,0.000654291168242284,0.00540515153651885
"ENSG00000004846.17",12.5290482361948,-3.1090795855032,0.912694625837296,-3.40648394050854,0.000658054217400521,0.00543320989512024
"ENSG00000165030.5",2074.93690319622,-2.12978667239828,0.625227969956709,-3.40641617895909,0.000658217585811484,0.00543320989512024
"ENSG00000186468.13",7323.66123796246,-0.932940196303861,0.273888059583837,-3.40628283584698,0.000658539176970875,0.00543367697569852
"ENSG00000283646.2",414.947034549883,4.10453128537096,1.2055844636552,3.40459868977281,0.000662613523767932,0.00546509561196206
"ENSG00000177054.14",599.232139973216,1.05274600731429,0.309264865527488,3.40402717754152,0.0006640014648338,0.0054704982465347
"ENSG00000243238.1",1966.97648009086,4.03155430896254,1.184358110452,3.40399940979334,0.000664068968768282,0.0054704982465347
"ENSG00000258053.2",62.879854269025,3.8944405061165,1.14401127807249,3.40419765151103,0.000663587179111033,0.0054704982465347
"ENSG00000100522.10",595.527459067439,1.52927379032821,0.44951208747206,3.40207490065162,0.000668763064835423,0.00550695497244398
"ENSG00000165244.7",162.569444837593,1.1079473492155,0.325731317555788,3.40141487631364,0.000670380030596728,0.00551805385281225
"ENSG00000046889.19",884.652224306134,-2.57931780850542,0.758434744785381,-3.40084341631172,0.000671782961497828,0.00552602802581552
"ENSG00000143106.13",1916.655946095,0.923026548225907,0.271421202560219,3.40071644926531,0.000672095035215198,0.00552602802581552
"ENSG00000197785.14",1169.69740690767,1.90043324072311,0.558837359404308,3.40069111118282,0.000672157330100658,0.00552602802581552
"ENSG00000242802.9",2665.40557585693,1.79696254099938,0.528483818530274,3.40022244389009,0.000673310539359537,0.0055332903002116
"ENSG00000174640.15",4164.7893706026,-2.10447947843599,0.619034009817749,-3.39961851054932,0.000674799298544137,0.00554330321207892
"ENSG00000117594.10",433.833031156961,-2.67357647703593,0.786584715734871,-3.3989682529467,0.000676405672892232,0.00555427389546749
"ENSG00000110583.13",805.374797888976,1.11294457448827,0.327454726160826,3.39877389322412,0.000676886502200853,0.00555599713415784
"ENSG00000256806.6",91.3627897980293,1.23144190186185,0.362401611700239,3.39800338106786,0.000678795811733589,0.00556943950531633
"ENSG00000291103.2",16.3265914486764,-3.15199971533813,0.92804510037815,-3.39638635455733,0.000682819051801986,0.00560020873525917
"ENSG00000267309.2",40.8382071435631,1.37926676288045,0.406186079438325,3.39565246742995,0.000684652301536502,0.00561299911663512
"ENSG00000124205.18",48.7414000979876,-4.40517804952617,1.29745429757234,-3.39524718347974,0.000685666660544614,0.00561682349492879
"ENSG00000225518.4",25.4506976490292,1.89947157525316,0.559446346863039,3.39527031663357,0.000685608724498108,0.00561682349492879
"ENSG00000116690.13",326.570260600247,-3.1778119090303,0.936349911526071,-3.39382945404573,0.000689226004374993,0.00564372603582462
"ENSG00000164535.15",1164.90284174082,1.48389066074024,0.437264968170449,3.39357316216973,0.000689871279390416,0.00564667042000677
"ENSG00000289470.2",70.698768636243,1.82949282059322,0.539121881724416,3.39346793853269,0.000690136367174062,0.00564667042000677
"ENSG00000101146.13",930.82735459399,1.42158211751291,0.418998427023312,3.39281015351834,0.000691795658660882,0.0056579889051387
"ENSG00000198732.11",1355.9356289194,5.42838876806214,1.60010658904332,3.39251697682696,0.000692536403634039,0.00566178884374495
"ENSG00000064687.13",2027.0231077387,1.21747589094015,0.358928500118167,3.39197330537789,0.000693912004100373,0.00567077390676527
"ENSG00000164576.12",1193.59501120015,-0.876745672925822,0.258537529683099,-3.39117370696815,0.000695939766901783,0.00568507927512118
"ENSG00000068383.19",874.648898854306,-1.10858826073845,0.326957242469774,-3.39062151480231,0.000697343326513031,0.00569338888523042
"ENSG00000165379.14",35.2037589197039,-2.07145157214391,0.610947622162263,-3.39055509343443,0.000697512333188588,0.00569338888523042
"ENSG00000164659.15",1481.79738098583,-2.30034722281198,0.678558571809711,-3.39004961160091,0.000698799760427512,0.00570162765133534
"ENSG00000309713.1",13.7007590940797,-2.79787022790284,0.825612328184845,-3.38884259886733,0.000701882875905901,0.00572450536498592
"ENSG00000112699.11",716.037060611678,1.82700622139467,0.539206902361497,3.3883212796297,0.000703218405056555,0.0057285618503296
"ENSG00000124279.12",451.58235907478,1.94073954988513,0.572758016977007,3.38841097350024,0.000702988456903979,0.0057285618503296
"ENSG00000169372.13",262.57062825576,-0.79461585469377,0.234505234130244,-3.38847811922374,0.000702816361165412,0.0057285618503296
"ENSG00000149596.7",335.825584437801,-2.32025215461222,0.684907604147752,-3.38768636902399,0.000704848124822148,0.00573955756606566
"ENSG00000278619.5",192.62010535318,1.36939108904606,0.404318721898025,3.38690991754628,0.000706845929081,0.00575354066291259
"ENSG00000141161.12",26.6256965078799,-3.20783364223118,0.947170506732466,-3.38675414767455,0.000707247357031014,0.00575452373355711
"ENSG00000168303.9",876.42519386174,1.27891537284998,0.377680771414638,3.38623374459782,0.000708590002368986,0.00576316120927159
"ENSG00000298322.1",52.2765709428797,-2.39545224415304,0.70756455486038,-3.38548932065389,0.000710514741456435,0.00577652428977904
"ENSG00000144579.9",4227.63927053416,-0.666341671451101,0.196849514960914,-3.38503080174421,0.000711702677556115,0.00578388890234268
"ENSG00000171793.17",933.84561951559,1.40125952764781,0.413982025362267,3.38483180863131,0.000712218805242332,0.00578579016746782
"ENSG00000149761.9",725.179846589489,0.954458342371782,0.282111580007138,3.38326538154737,0.000716293801511465,0.00581658934898657
"ENSG00000169252.6",679.504526802967,-2.46851578458841,0.729679403821689,-3.38301420001658,0.000716949251784878,0.00581960706991177
"ENSG00000168393.13",634.055461060873,1.12422355937271,0.332342486814371,3.38272596485877,0.000717702078919315,0.00582110895022216
"ENSG00000187840.5",963.782749826015,1.89620461365979,0.560554635386722,3.38272934332549,0.0007176932506172,0.00582110895022216
"ENSG00000104826.15",38.3054220913874,3.90069493342515,1.15342614387588,3.38183329217557,0.000720038268525616,0.00583583327458122
"ENSG00000164236.12",195.96808584029,-1.74417509834656,0.515751216019151,-3.38181480561317,0.000720086723794893,0.00583583327458122
"ENSG00000131037.15",1404.79814461922,1.59722742100195,0.472542033463134,3.38007480370857,0.000724661041554045,0.00587058474754015
"ENSG00000090266.13",1150.73176179028,-0.888039961095763,0.262748325181584,-3.37981207104572,0.000725354084633174,0.00587215050461685
"ENSG00000204588.6",275.374169294311,1.97906625581739,0.585559911116625,3.37978440505504,0.000725427098526848,0.00587215050461685
"ENSG00000197168.14",118.753752627249,-3.13332926158156,0.927226051793896,-3.37925067519354,0.000726837013222006,0.00588124156239305
"ENSG00000159131.17",1508.89710046773,0.924974435387865,0.273793439999425,3.37836595131646,0.000729179731169208,0.00589655932958401
"ENSG00000274286.2",24.924712306286,-2.46171461910345,0.728680414135009,-3.37831863098127,0.000729305231165872,0.00589655932958401
"ENSG00000140451.13",151.784055242809,1.97199413855434,0.583953524482069,3.37697103601417,0.000732887670336955,0.0059231883297552
"ENSG00000149609.6",14.5726216363998,1.87557605546599,0.555433811430137,3.37677688478622,0.000733405145976855,0.00592503511154824
"ENSG00000132938.22",8.50991316344915,-2.76760642954472,0.819680706428018,-3.37644452021485,0.000734291792619234,0.00592986172345994
"ENSG00000103353.16",1452.59983888874,0.981332651041597,0.290650886185336,3.37632774467387,0.000734603550203919,0.00593004377692172
"ENSG00000161277.11",253.580261911579,1.51616275008744,0.449218633843044,3.37511099465475,0.000737859250253985,0.00595398113624861
"ENSG00000131634.14",1501.77327309531,-1.79366338772014,0.531515332337394,-3.374622101365,0.000739171169169832,0.0059598763872034
"ENSG00000141294.10",261.362731127976,-3.26606279113782,0.967825491124458,-3.37464018161288,0.00073912261324024,0.0059598763872034
"ENSG00000290762.2",61.2459571987421,2.01598170673884,0.597447149002327,3.37432643222972,0.00073996563241115,0.00596393684235779
"ENSG00000153789.14",163.39630605029,-3.93677517079145,1.16684388729658,-3.37386621608178,0.00074120381172163,0.0059715689412732
"ENSG00000033170.17",1756.56557854903,2.05930796468262,0.610604565839517,3.37257216845617,0.000744695676071642,0.00599734491051569
"ENSG00000172476.4",27.9305956333957,-1.83077684666435,0.54314561821959,-3.37069247224264,0.000749795078572198,0.00603604173185879
"ENSG00000153707.19",408.923741172831,-1.46817147024971,0.435599227865956,-3.37046389508637,0.000750417389044841,0.00603741835484411
"ENSG00000222046.3",57.9049845396536,-2.80427146447404,0.832025970853082,-3.37041337976362,0.000750554983734765,0.00603741835484411
"ENSG00000125910.6",315.101462992496,-1.44481835267114,0.428753711113151,-3.3698095555139,0.00075220150762239,0.00604591913457056
"ENSG00000205482.11",76.8588226567869,-1.76975330910749,0.525163523579391,-3.36990904670086,0.000751929981827705,0.00604591913457056
"ENSG00000135114.14",578.339706208185,-1.73689132575459,0.51546253448465,-3.36957821287847,0.00075283322707702,0.00604862558306709
"ENSG00000163735.7",301.299870860055,-2.90092083144306,0.861076900754731,-3.36894513010442,0.000754564484351855,0.00606016066868407
"ENSG00000297800.1",55.5917355655265,-2.32653888670192,0.69062645068516,-3.36873701317665,0.000755134417423939,0.00606236338874724
"ENSG00000189134.4",17.1582176163088,-2.23224992191163,0.662682030116891,-3.36850830483194,0.000755761201576745,0.00606502061727185
"ENSG00000162745.11",2000.53145897169,2.15651108662653,0.640256943465111,3.36819632904777,0.000756616962355254,0.00606951259629583
"ENSG00000125912.11",2638.22358946959,1.07325391786882,0.319053262577796,3.36387068791413,0.000768575453215879,0.00615833437790435
"ENSG00000149243.17",302.635757047139,2.56288941725787,0.76188823704841,3.36386531860187,0.000768590405435877,0.00615833437790435
"ENSG00000293137.2",120.530958916065,2.80124506116305,0.832724555619113,3.36395155187946,0.000768350299529348,0.00615833437790435
"ENSG00000168060.16",197.281745746355,-1.44815013909745,0.430587823735487,-3.3631934283099,0.000770463588185978,0.00617093180162707
"ENSG00000179820.17",6167.94792895198,-1.66546967751134,0.495279301091729,-3.36268782854482,0.000771875958406024,0.00617983000826127
"ENSG00000148057.16",151.116873070352,-1.57199130362653,0.467530296156258,-3.36233034853668,0.000772876012863766,0.00618542145501899
"ENSG00000175352.12",726.058408567032,3.35226103275741,0.997131475352757,3.36190473936396,0.000774068227987974,0.00619254582390379
"ENSG00000100156.12",94.4900491052307,2.52128960082358,0.750621800332737,3.35893468549134,0.0007824355800934,0.00625704334408544
"ENSG00000166145.15",4962.19891669925,1.7664361586965,0.526043046479761,3.35796884022583,0.000785174636724571,0.00627649931828484
"ENSG00000121207.12",67.5671850178551,2.25209553915061,0.671278948486103,3.35493246768669,0.000793843614956987,0.00634332403783245
"ENSG00000064547.14",695.72615567578,1.5235995358206,0.454164698759452,3.35472911034764,0.000794427371405117,0.00634551570833289
"ENSG00000157557.13",9954.69717180768,-1.51064168833791,0.450473453790125,-3.3534532959221,0.000798098816934901,0.00637235908973256
"ENSG00000197635.11",3028.56059964421,2.3908414867938,0.713113346365039,3.35268088723996,0.000800329244349001,0.00638768035271776
"ENSG00000232077.3",11.3473394225441,-2.49536955159819,0.744333106571729,-3.35249034278676,0.000800880354282923,0.00638959174483154
"ENSG00000005102.14",179.717124548263,-3.05332311871163,0.910933865260485,-3.35186036566828,0.000802704939189547,0.00640095208662211
"ENSG00000095794.21",1009.4038189881,-1.22255831253203,0.364768761405334,-3.35159816817076,0.000803465470622962,0.00640095208662211
"ENSG00000170624.14",392.01746782466,-1.29452998378582,0.386248590602917,-3.35154616814295,0.000803616381611297,0.00640095208662211
"ENSG00000179094.17",4526.30337982523,-1.9523868357165,0.582548074089997,-3.35146045889233,0.000803865178650602,0.00640095208662211
"ENSG00000302966.1",118.764477741627,2.99389417773086,0.893226500609466,3.35177491452399,0.000802952725812387,0.00640095208662211
"ENSG00000143942.5",69.4271293902635,1.30744655476118,0.390132572544682,3.35128786154208,0.000804366411611429,0.00640245687254687
"ENSG00000004478.8",2798.74370294817,2.03876831720769,0.608481242789508,3.3505853160916,0.000806409639680279,0.00641622943422757
"ENSG00000143869.7",41.0672542570014,-2.34922350503639,0.701277673414793,-3.34991914628782,0.000808351523278168,0.00642918527280666
"ENSG00000251209.12",21.8331619537942,-2.27754783867102,0.679952292899557,-3.34957005433241,0.000809370857433919,0.00643479645631061
"ENSG00000289768.1",51.4536229862304,-3.02482581841958,0.903102609067566,-3.34937114348795,0.000809952202212346,0.00643692246285346
"ENSG00000134955.12",1282.03646086517,1.82544316547633,0.54502910062501,3.34925816508332,0.000810282569918768,0.00643705300798699
"ENSG00000198840.2",42919.6926908724,-1.63761337027453,0.48896543480967,-3.34913933315546,0.000810630189222311,0.0064373204491922
"ENSG00000198754.5",31.3050250953243,2.42944223804627,0.725467003372709,3.34879770789264,0.000811630317265388,0.00644027400356406
"ENSG00000226251.9",37.4861380294562,-1.67126526107503,0.499056054640149,-3.34885279025443,0.000811468983030603,0.00644027400356406
"ENSG00000179399.16",43.3795255443204,-2.78133277824784,0.830762495063535,-3.34792771071728,0.00081418245801797,0.00645802596487445
"ENSG00000101898.8",87.3563901545686,1.63970659619063,0.489981186014274,3.34646848285897,0.000818479834490013,0.00648960190502058
"ENSG00000239382.11",92.6058993372923,1.48821297279523,0.444729928015373,3.34632971393772,0.000818889598162268,0.00649034105941985
"ENSG00000188511.15",191.136568452038,-1.65536875721903,0.494771171104445,-3.34572597171306,0.000820674574155901,0.00650197506510533
"ENSG00000272274.6",162.680296351683,-3.9575181536845,1.1829499474477,-3.34546542922051,0.000821445987717987,0.00650557301358425
"ENSG00000272777.1",25.8500294597258,-2.27025483446437,0.678683142737814,-3.34508799689078,0.000822564681633574,0.0065119174641756
"ENSG00000153093.21",365.172066453193,-2.39916600022079,0.717382664820757,-3.34433227602488,0.000824808856754639,0.006527163565765
"ENSG00000230882.1",45.3830833665929,2.94991848226641,0.882295618181546,3.34345815787495,0.00082741170652431,0.00654523519698089
"ENSG00000110104.13",275.337663625756,1.2156676409043,0.363616969714976,3.34326431975168,0.000827989926947103,0.00654728324802291
"ENSG00000287252.4",105.41211236624,3.18027889901443,0.95185161695918,3.34114986238534,0.000834321760888415,0.0065948085525274
"ENSG00000005206.17",2090.76331842807,1.21606147113108,0.36401174566346,3.34072041800366,0.000835613225791006,0.00660247151507468
"ENSG00000133805.16",687.082345297795,1.20573938978087,0.360948926287747,3.34047091421367,0.000836364408083942,0.00660586125706978
"ENSG00000013297.12",187.664446932472,-2.50932105084549,0.751214067355767,-3.34035418116991,0.000836716071877836,0.00660609408462963
"ENSG00000183741.12",1678.85788416323,-1.1542893859911,0.34568556392284,-3.33913100938385,0.000840409191650389,0.00663269825465726
"ENSG00000118137.10",15.3837929678016,-2.71506082258903,0.813163541460507,-3.3388865635965,0.000841149056600119,0.0066359831691146
"ENSG00000134954.14",5617.8681487917,-1.48591910857975,0.445167854362456,-3.33788501127917,0.000844186771731169,0.00665482720783387
"ENSG00000198648.12",975.17485939971,1.75161992809609,0.524760259168546,3.33794317975114,0.000844010068412158,0.00665482720783387
"ENSG00000120837.8",1188.12596300478,-0.920070070680406,0.275684853918341,-3.33739796584158,0.000845667658111653,0.00666393914754855
"ENSG00000151117.9",566.967734568416,1.79906619977337,0.539249256623233,3.33624233631601,0.00084919105436523,0.00668689154023738
"ENSG00000232725.2",34.257967620986,2.74420336590851,0.822546529985464,3.33622873098378,0.000849232616600572,0.00668689154023738
"ENSG00000115705.22",39.8640125678447,3.52265287903607,1.05597987206458,3.33590911363568,0.000850209542237361,0.00669201399387134
"ENSG00000116667.15",1189.72905762975,-1.72339414504731,0.516642075507417,-3.33576033921489,0.000850664633728876,0.00669302672677547
"ENSG00000204392.11",673.086235503189,1.0826397457496,0.32458493842965,3.33545897412072,0.000851587182774973,0.00669719014115915
"ENSG00000244038.11",8021.06343937456,1.47660342270493,0.442709981236668,3.33537413947654,0.000851847048777949,0.00669719014115915
"ENSG00000254003.2",57.0771565028905,-2.94847682431413,0.884092386034614,-3.33503248177357,0.000852894361427882,0.00670285396194607
"ENSG00000177465.5",46.26557019262,2.38757066860135,0.715930117824637,3.33492139687601,0.000853235136651078,0.00670296292792862
"ENSG00000075340.23",116.331012911758,-1.82398105928805,0.546955867942548,-3.33478652701765,0.000853649046734994,0.00670364613337967
"ENSG00000185156.6",135.059753958746,3.28709086111615,0.985963469212808,3.33388706960975,0.000856414210186056,0.00672278597459989
"ENSG00000240489.1",12.1670130633185,2.12892501666347,0.638977621900713,3.33176772346226,0.000862962501912946,0.0067715970682063
"ENSG00000102781.14",424.982306890633,-1.05083663248335,0.315486928322692,-3.33084048226719,0.000865842038047493,0.00679159340020115
"ENSG00000117408.11",1025.7579484422,0.880827969998508,0.264456845884255,3.33070587397091,0.000866260802252014,0.00679227972825059
"ENSG00000162390.18",151.496764309162,1.5570988296231,0.467714743028448,3.32916345450413,0.000871072667325993,0.00682739830690067
"ENSG00000130590.14",390.904189659087,2.1127482370168,0.634789704847853,3.32826481097891,0.000873887566743213,0.00684684396962279
"ENSG00000214160.10",904.000284854706,1.20952125451704,0.363535251361287,3.32710858159668,0.000877521731444408,0.00687269120761503
"ENSG00000166317.12",20.2823015849734,-2.60995480659015,0.784520956146714,-3.32681337081079,0.000878451856386937,0.00687734893598998
"ENSG00000224238.2",8.42327227640886,-3.02486691304146,0.909381065997579,-3.32629194310662,0.000880096959567345,0.00688759849578964
"ENSG00000198420.10",678.329792507785,-1.05197497984738,0.316315776867189,-3.3257113833088,0.000881931984490594,0.00689932598626293
"ENSG00000138650.9",61.3200419921521,-2.8602315004385,0.86061885352994,-3.32345903033252,0.00088908481454081,0.00694733042581737
"ENSG00000230615.9",54.321445729767,-1.84469104381235,0.555046777580097,-3.32348752992471,0.000888993973026881,0.00694733042581737
"ENSG00000254401.2",12.1810415299235,-2.55510363819385,0.768797121082327,-3.32350833285735,0.000888927669794794,0.00694733042581737
"ENSG00000156482.11",8340.86285588164,-0.918485256348451,0.276377707920545,-3.32329717638625,0.000889600881896203,0.006948714850438
"ENSG00000170703.16",42.1025418292417,-2.85004078239129,0.857625537766627,-3.32317620789742,0.000889986768272916,0.00694908175806088
"ENSG00000157404.17",1717.61781234928,-2.241488154439,0.674556148271176,-3.32290819701773,0.000890842268870858,0.00695046799122073
"ENSG00000305435.1",26.9646813549222,-3.47102582853998,1.0445466227144,-3.32299751208811,0.000890557087225963,0.00695046799122073
"ENSG00000297852.1",33.6385416293093,2.6962098492669,0.811473555200657,3.32260963032885,0.000891796202297523,0.00695526410494805
"ENSG00000049759.20",2641.33377992026,-1.52941530012629,0.460637747778534,-3.32021269968002,0.000899488882755188,0.00700997790486047
"ENSG00000171044.11",73.543366884843,-1.91824756965943,0.577748745598325,-3.32021070452149,0.000899495311533744,0.00700997790486047
"ENSG00000158286.13",628.353525014446,2.05630362332522,0.619580859151592,3.31886240988945,0.000903849524029416,0.00704123504585834
"ENSG00000033011.14",623.831010684408,1.09606292673802,0.33027042295455,3.31868326849498,0.000904429515134814,0.00704246422464783
"ENSG00000145335.17",183.782169482741,-1.34428010108949,0.405074271772975,-3.31860153745557,0.00090469424345115,0.00704246422464783
"ENSG00000084652.16",2511.11496486548,0.753638018352995,0.227105140886885,3.31845424286703,0.000905171514631522,0.00704350540265834
"ENSG00000168685.15",4152.20532810688,-1.94404375135408,0.585860640654626,-3.31826993733844,0.000905769039152342,0.00704548117556131
"ENSG00000171385.11",121.901569542058,-2.26142073636134,0.681675964042481,-3.31744238560303,0.000908456497256698,0.0070637057336941
"ENSG00000108883.13",2303.78436518073,0.96175166244427,0.289965314665814,3.31678174526733,0.000910607216186547,0.00707774464013986
"ENSG00000214870.12",92.3893498930068,-2.06572503522772,0.622884089288934,-3.31638754424743,0.000911892787011129,0.00708505104390913
"ENSG00000114784.4",985.411865970272,-0.807423464533951,0.243490563715573,-3.31603595725837,0.000913040803511682,0.00709128357394073
"ENSG00000028137.19",2979.78958407652,-1.03352655087239,0.311756240049253,-3.31517518529575,0.000915857087894181,0.00711046335864532
"ENSG00000198056.16",151.439138427759,1.0175067773397,0.307026386636232,3.31406947945895,0.000919486561876423,0.00713593961571316
"ENSG00000100060.18",989.365971899647,-1.45383919333848,0.438751392939446,-3.31358308311772,0.000921087372663695,0.00714565852784578
"ENSG00000173868.12",99.3145050538681,-1.97896729710865,0.597318891486563,-3.31308338864612,0.000922734638822008,0.00715573034584207
"ENSG00000123131.13",1961.58655536957,1.51872226900999,0.458490633091133,3.31243903233268,0.000924862819038055,0.0071641054935989
"ENSG00000273308.2",40.7216352822144,1.80499682315723,0.544913439807719,3.31244687925874,0.000924836874875635,0.0071641054935989
"ENSG00000308980.1",22.3466640193834,2.07808434410282,0.627317995312191,3.31264902271556,0.000924168763688734,0.0071641054935989
"ENSG00000289365.2",79.1935459684865,-2.99260217067417,0.903534511243371,-3.31210610489687,0.000925964193008889,0.00716992817728635
"ENSG00000185480.12",83.0926891036704,1.59673829397137,0.482186724467559,3.31145220917172,0.000928130916532441,0.00718399256798081
"ENSG00000020129.16",1012.8067459373,1.08475736515273,0.327605545776059,3.31116911523299,0.000929070421954791,0.00718484477933673
"ENSG00000087085.16",356.378444323181,1.85525609412074,0.560330849802495,3.31100116078685,0.000929628229683712,0.00718484477933673
"ENSG00000163472.19",354.427609702489,2.14152465334916,0.646791517053525,3.31099681564305,0.000929642664825417,0.00718484477933673
"ENSG00000211942.3",90.9401693804283,3.79178044271812,1.14519568372086,3.31103277511335,0.000929523208966868,0.00718484477933673
"ENSG00000163380.16",19.1287941860953,-2.21490462287662,0.66898298345789,-3.31085345613435,0.000930119040525756,0.00718581793780713
"ENSG00000036448.10",62.2207343687996,-2.32859547407826,0.703402559186537,-3.3104734176276,0.000931382982125939,0.00719287256704718
"ENSG00000241399.7",497.535591411576,-2.22321513346871,0.671756893841646,-3.30955313425156,0.000934450279057087,0.00721384356994974
"ENSG00000079156.17",263.869141064598,-2.02302330289786,0.61139440944549,-3.30886784642447,0.000936740414000157,0.00722880144849801
"ENSG00000179144.5",1613.68350859365,-2.37947014601166,0.719274436234909,-3.30815336419734,0.00093913364842933,0.00724454338878667
"ENSG00000112029.10",309.008439545854,1.24628986406794,0.376767803364752,3.30784598083451,0.000940165003435096,0.00724704632723053
"ENSG00000235084.3",18.898845433459,2.33718256751894,0.706537802939399,3.30793703860656,0.000939859370454429,0.00724704632723053
"ENSG00000006118.15",2009.12976237379,2.63827996704343,0.797801310648381,3.30693862222321,0.000943215562348033,0.0072623702179437
"ENSG00000058085.15",16019.5128749284,3.55767974496842,1.07581816859947,3.30695265130158,0.000943168326579845,0.0072623702179437
"ENSG00000175772.12",166.336122943777,1.77499245548828,0.536745052641904,3.30695634128647,0.000943155902801204,0.0072623702179437
"ENSG00000239697.12",1050.74304102915,-0.96499214147791,0.291826519996591,-3.30673216912973,0.000943910941342893,0.00726499622420972
"ENSG00000179163.12",2916.68035523976,1.25943531710625,0.380921004001383,3.30629002831695,0.000945401765835387,0.00727374026517403
"ENSG00000196656.8",193.02577581553,2.01114091118712,0.608414146989133,3.30554593633248,0.000947915644099261,0.00729034597397271
"ENSG00000144802.11",5916.6203853338,-2.17625034857432,0.658496813286543,-3.30487605203843,0.000950184110427654,0.00730505249351654
"ENSG00000162194.13",114.419048014197,1.52494456199346,0.461449527605951,3.30468333103521,0.000950837663080771,0.00730733712286662
"ENSG00000103460.17",552.636527802198,4.09936723554781,1.24064360012406,3.30422631861228,0.000952389141760666,0.00731651815760985
"ENSG00000210135.1",3911.16356927848,-1.92286441437795,0.582100575159154,-3.30331990112227,0.000955473213174566,0.00733746170896303
"ENSG00000131788.16",2020.98405580326,1.75204125266747,0.530472922328261,3.30279111133083,0.00095727668194913,0.00734855899913327
"ENSG00000113594.10",4681.66278516056,-2.43302385070758,0.736763692571224,-3.30231236316301,0.000958912199774322,0.00735835918569338
"ENSG00000241360.2",31.852625105972,-1.63445739758846,0.495039565592789,-3.30167023242126,0.000961109935209743,0.00737246468819325
"ENSG00000196876.19",70.4098475019792,2.21205953542968,0.670018631704208,3.30148958664516,0.000961729047749999,0.00737445489718249
"ENSG00000135773.13",53.6689405804988,-1.6910966973667,0.512363391328222,-3.30058065425556,0.000964849766261158,0.00739561854482945
"ENSG00000225200.2",59.573855747854,1.82127171272779,0.552134498647083,3.29860154942415,0.000971677272290238,0.00744516845704
"ENSG00000185220.12",295.395507338803,1.0097008292666,0.306238446062689,3.29710669005911,0.000976863860381785,0.00748211303446699
"ENSG00000299712.1",26.6768136216344,-2.85439722293285,0.866286764232233,-3.29497960812391,0.000984288221397554,0.00753616343970703
"ENSG00000179750.16",136.301932256003,2.23309675295278,0.67788366665884,3.29421826013199,0.000986958301179218,0.00755378611697599
"ENSG00000007237.19",1910.80107155005,-1.59622776441359,0.484608020978547,-3.29385337285668,0.000988240352248003,0.00756077618749741
"ENSG00000176912.8",21.7972332423223,3.00448538474225,0.912281274681445,3.29337614190467,0.000989919456059622,0.00757079766021876
"ENSG00000185085.2",807.329943005426,0.952500695856601,0.289232959306116,3.29319555468954,0.000990555528176233,0.00757283763971867
"ENSG00000105131.8",228.666514905389,2.59697552707144,0.788666430402608,3.29286936397901,0.000991705410389427,0.00757315744306324
"ENSG00000203876.11",20.671147863821,-2.77184693991346,0.841745300763406,-3.29297584126646,0.000991329922583468,0.00757315744306324
"ENSG00000308185.1",145.044053099503,2.8262152382657,0.858266050461492,3.2929360735474,0.000991470146417795,0.00757315744306324
"ENSG00000211637.2",339.277156499675,3.46912652105772,1.05392371986189,3.29162960817727,0.000996087061605373,0.00760378596841272
"ENSG00000108688.11",35.0592641680074,3.08053218841268,0.93600108719064,3.29116304518271,0.000997740665185836,0.00761357446928559
"ENSG00000019102.12",781.694872165181,-2.20425824532613,0.669780413198589,-3.29101628218646,0.000998261351284932,0.00761471381947405
"ENSG00000261236.8",1343.49083256703,1.64558421805523,0.500045935186201,3.29086610301606,0.000998794417698458,0.00761594672387102
"ENSG00000177369.12",14.5125877492757,-2.52373258340165,0.766984513854378,-3.29046093866873,0.00100023387805587,0.00762408752254925
"ENSG00000134245.18",190.561683473982,-1.49018900965333,0.452911690255784,-3.29024187653832,0.00100101295759382,0.00762719051746697
"ENSG00000123342.16",1695.12734421961,-2.1044923191848,0.639693088646028,-3.28984689148223,0.00100241911482849,0.00763506743329992
"ENSG00000121671.12",1724.29109926965,-0.947689466012829,0.288104481023712,-3.28939509252142,0.0010040297730027,0.00764449553124668
"ENSG00000171224.9",149.351443123843,1.07514457455389,0.326976907502593,3.28813610345056,0.00100853070312645,0.00767022015463826
"ENSG00000214212.9",144.706438987385,-1.52077575651291,0.462494829435587,-3.28820055862856,0.00100829982072209,0.00767022015463826
"ENSG00000261618.2",200.598868041968,-3.0985650463846,0.942325032613054,-3.28821260090303,0.0010082566899806,0.00767022015463826
"ENSG00000119471.15",1150.66619400348,-1.28041007751724,0.389424693540219,-3.28795296948728,0.00100918696731082,0.00767236543483172
"ENSG00000163918.12",362.601757309702,1.24314022251803,0.37810428726707,3.28782366236422,0.00100965058001658,0.00767304503063753
"ENSG00000099956.20",2322.85834600193,0.962205456408343,0.292688833735738,3.28746896192526,0.00101092332142227,0.00767987098275001
"ENSG00000221944.9",173.348475248481,1.07855426020768,0.32809449719818,3.28732810034361,0.00101142917492194,0.00768086807503686
"ENSG00000291061.2",11.8677820101438,3.17834772115174,0.967534970953131,3.28499518526003,0.00101984114391284,0.0077418818270229
"ENSG00000205336.14",2344.65008050331,1.25211113020909,0.381173471078172,3.28488529557795,0.00102023897388649,0.00774203549984033
"ENSG00000137941.17",333.761978192575,-2.15399433900659,0.655765959839777,-3.28469983335652,0.00102091072240886,0.00774426690798046
"ENSG00000153250.21",3025.61179647071,-0.973827869979905,0.296504614705029,-3.28435991105466,0.00102214299182279,0.00775074700604084
"ENSG00000111325.16",27.1311907528355,1.7246822954116,0.52526744634579,3.28343648061568,0.00102549751886086,0.00777330910414904
"ENSG00000141696.13",1110.04522702064,2.34647910164687,0.71487463890984,3.28236445095489,0.00102940463832017,0.00779994657723059
"ENSG00000231789.5",31.9689752458662,2.32851618481366,0.709423857980469,3.2822637110659,0.00102977250217339,0.00779994657723059
"ENSG00000268655.3",35.894606576887,3.58069971001624,1.09099267316628,3.28205660595714,0.00103052915363508,0.00780279533461365
"ENSG00000225697.13",658.273733227404,1.5283777142261,0.465750168983468,3.28153979538406,0.0010324195479738,0.00781422311246025
"ENSG00000166405.16",128.870580322229,-2.00635411890109,0.611518194944374,-3.28093936613545,0.00103461983323174,0.00782221425537741
"ENSG00000198298.13",69.2023799128487,1.30927626150418,0.399048197544331,3.28099780818764,0.00103440548065907,0.00782221425537741
"ENSG00000249592.8",378.351200118691,1.77230559567504,0.540181394055331,3.28094528093557,0.00103459813717852,0.00782221425537741
"ENSG00000165490.13",141.611373135413,1.83797854230706,0.560245575009868,3.28066587991291,0.00103562346681541,0.00782691616792597
"ENSG00000176945.18",779.386836131001,2.52794271807218,0.770633420267816,3.28034400220231,0.001036805840539,0.00783296497951789
"ENSG00000211664.3",175.021219843948,4.02475056878613,1.2271647324851,3.27971499037111,0.00103912003607393,0.00784755698698334
"ENSG00000143373.18",1408.31842670706,1.20075179988989,0.366184668072575,3.2790881338918,0.00104143105638012,0.00786211427835711
"ENSG00000145777.15",30.4236127675202,-2.64659818523568,0.8072698966767,-3.27845519340059,0.00104376933121158,0.00787686653189632
"ENSG00000277856.1",216.972023859485,6.42589638067654,1.96123312792452,3.27645718868555,0.00105118247820573,0.00792989166046
"ENSG00000273877.5",33.0062044974905,-3.34117157197837,1.01981200352158,-3.27626225269045,0.00105190834658782,0.00793244896595685
"ENSG00000083857.15",2052.2621959884,1.12385078263307,0.343041645915266,3.27613511658193,0.00105238200350466,0.00793310316171306
"ENSG00000227014.7",22.1294100154827,2.44243336616196,0.745558243514673,3.27597929123278,0.0010529628138978,0.00793456432787965
"ENSG00000174059.17",2859.06566675154,-1.8274009168173,0.557857154138966,-3.27575061690807,0.00105381569246476,0.00793807382744214
"ENSG00000213144.2",67.2013954946317,-2.87711566940111,0.878815697055287,-3.27385557522661,0.00106090819720602,0.00798856469904969
"ENSG00000147408.16",814.602652185627,-1.79502410553392,0.548321923218504,-3.27366831331054,0.00106161144799147,0.00799092552482273
"ENSG00000293956.1",7.58276940145964,-2.83668993436375,0.866594812844069,-3.27337516024825,0.00106271323263805,0.00799628334752681
"ENSG00000175707.10",404.702424721224,1.75094880795768,0.535038753397367,3.27256445788194,0.00106576568163618,0.00801630944103748
"ENSG00000164591.14",45.164581022115,-2.19117436888237,0.669614207160965,-3.27229372592396,0.00106678684429803,0.00801810757165935
"ENSG00000250722.6",3630.3582103836,-1.68096700949795,0.513694779479425,-3.27230697419474,0.00106673685263898,0.00801810757165935
"ENSG00000272783.1",22.0974091032534,-2.88427175371531,0.881621986943136,-3.27155152257035,0.00106959097423422,0.00803623793906137
"ENSG00000086598.11",5997.40162427181,0.935246371258906,0.285968946518008,3.27044730781639,0.00107377544520214,0.00806176921582745
"ENSG00000103550.14",536.771236436926,1.54255290214271,0.471649992292891,3.27054580165199,0.00107340158421488,0.00806176921582745
"ENSG00000231443.2",19.730581447706,2.60701335446085,0.797234215508875,3.27007208640285,0.00107520080710555,0.00806951586709087
"ENSG00000103356.18",731.670056821043,1.12697158046472,0.3448550761471,3.26795705910969,0.00108326799784695,0.00812411376293116
"ENSG00000171533.12",266.144789935393,-1.99263628519598,0.609748631873223,-3.26796351977758,0.00108324327038608,0.00812411376293116
"ENSG00000300027.1",22.1450120432408,-1.97027142943753,0.60294225556513,-3.26776140045256,0.00108401710614605,0.00812675932154246
"ENSG00000121895.8",182.255789679358,2.87960313686783,0.881319804685731,3.2673759531532,0.00108549425038408,0.00813188677744797
"ENSG00000150527.18",1543.39889776136,1.25820524654773,0.385069709154089,3.26747395766788,0.00108511849267071,0.00813188677744797
"ENSG00000143493.13",737.496579839205,1.45041093455316,0.444148455247666,3.26559941257565,0.00109232655665476,0.00818008170841825
"ENSG00000089723.10",83.3295093064044,1.85967489750218,0.569640783338188,3.26464493396028,0.00109601374001584,0.00820469723449612
"ENSG00000002726.21",34.8529518919442,2.4900988819206,0.762806419439838,3.26439161818957,0.00109699423838349,0.00820904009628288
"ENSG00000154134.15",393.978380274497,-1.41697577273294,0.434142367987133,-3.26385047214498,0.00109909154689572,0.00822173406696453
"ENSG00000260778.6",103.782956410036,-2.05230411243115,0.628897963201731,-3.26333401046942,0.00110109664438245,0.00823372924741715
"ENSG00000163576.18",82.0623838090197,-3.04748791408549,0.933927781655801,-3.26308733281547,0.00110205553254247,0.00823489309010601
"ENSG00000260051.1",51.2778275015917,1.92817958883006,0.590891757029451,3.26316887296493,0.00110173848334735,0.00823489309010601
"ENSG00000250305.9",141.466471596816,-2.30063217559218,0.705074174539959,-3.26296474706831,0.00110253233640926,0.0082354546541841
"ENSG00000071794.16",571.85949241064,1.15088832380458,0.352767544715629,3.26245523729323,0.00110451614701456,0.0082401458962676
"ENSG00000136108.15",542.21101419252,1.68548496443458,0.516641062088162,3.26239063852605,0.00110476790230392,0.0082401458962676
"ENSG00000180211.5",30.0853936755644,-1.53835610267811,0.471515548177163,-3.26257767877487,0.00110403911179305,0.0082401458962676
"ENSG00000272405.1",39.7262150160821,2.97001767292341,0.910353888484872,3.26248694105816,0.0011043926100321,0.0082401458962676
"ENSG00000179902.13",110.2530432672,-3.73214677045952,1.14464992275526,-3.26051371363915,0.00111210589207268,0.0082888474049648
"ENSG00000251600.10",45.0286623056166,-1.9013315583881,0.583122098702261,-3.26060624802166,0.00111174306783847,0.0082888474049648
"ENSG00000027075.18",1835.02706066671,-1.13090232958348,0.34687077603532,-3.26029866946278,0.00111294949604425,0.00828910877838403
"ENSG00000304816.1",39.51742806059,-3.18701132078365,0.977518862609826,-3.26030672418414,0.00111291788724581,0.00828910877838403
"ENSG00000113645.15",1358.30319102963,-1.58586436231956,0.486829098302348,-3.2575381542511,0.00112383149232923,0.00836711725443668
"ENSG00000157510.14",989.818645270029,-2.00433676482339,0.615629282751432,-3.25575280608065,0.00113092165837533,0.00841684852389389
"ENSG00000166823.6",118.033317461319,2.35825986255632,0.724684883214719,3.25418663639709,0.0011371754248009,0.00845725241571185
"ENSG00000171223.6",29107.7882047513,-2.22726161387353,0.68440953052436,-3.25428199716493,0.00113679373406415,0.00845725241571185
"ENSG00000124731.14",1630.52805777554,-1.63626342809088,0.502866871471509,-3.25387000202018,0.00113844363454971,0.00846361431573864
"ENSG00000114686.9",1896.27725219435,1.35228564883284,0.415631289872391,3.25357036821753,0.00113964495608821,0.00846947451237141
"ENSG00000184156.18",716.237208481789,2.70237579103451,0.830675645881398,3.25322621944348,0.00114102619728389,0.00847666708301044
"ENSG00000149090.13",216.365178731736,-1.90045031566054,0.584246451437857,-3.25282303552456,0.00114264634435712,0.00848532056065457
"ENSG00000267480.1",34.2977033577909,-2.20496936202568,0.677882596656702,-3.25273044757385,0.00114301869823098,0.00848532056065457
"ENSG00000211658.2",46.1756736180762,3.52308776285197,1.08321886543611,3.25242467175232,0.00114424921044632,0.00849138103908485
"ENSG00000129245.13",1307.61295184556,-1.07300245807534,0.330000871320425,-3.25151401504476,0.00114792115975898,0.00851105320829392
"ENSG00000216285.5",72.5947909534288,1.46102267466653,0.449337439499761,3.25150442903902,0.00114795987030677,0.00851105320829392
"ENSG00000291234.2",34.1568312083301,2.41688875687274,0.743324499880666,3.25145849122523,0.00114814539475912,0.00851105320829392
"ENSG00000286646.3",84.1698140295945,-1.80319490348185,0.554640701792878,-3.25110453966507,0.00114957579317654,0.00851857682084997
"ENSG00000185386.15",849.28445383531,-1.69029451762425,0.519945343598754,-3.25090807800112,0.00115037044991795,0.00852138573161762
"ENSG00000185345.25",78.2615725729943,-1.6750469691393,0.515301753318865,-3.25061375854235,0.00115156187624064,0.00852713062854388
"ENSG00000156804.7",801.164668712405,1.66399593810312,0.5119234921145,3.2504777837602,0.00115211269700884,0.00852812950883367
"ENSG00000157916.20",3934.85286421888,1.28208212499607,0.394565531813614,3.24935155664258,0.0011566843048229,0.00855887946087649
"ENSG00000204516.10",343.711316808569,1.06053173134831,0.326539275390944,3.24779226045198,0.00116304151564545,0.00860281502048857
"ENSG00000105438.9",5061.04694416631,1.14916576310359,0.353933710597105,3.2468389664406,0.00116694395966918,0.00862856795854915
"ENSG00000159708.18",391.356605797136,-2.84927264416796,0.878524430261259,-3.24324804868617,0.00118175278302028,0.00873491674947648
"ENSG00000100023.20",1603.49206160324,0.939582830240719,0.289816065276079,3.2419970554278,0.00118695248796037,0.00877018876149165
"ENSG00000120693.16",377.480590048298,-2.21716069183204,0.684100352196374,-3.24098750236514,0.00119116405987206,0.0087949686293182
"ENSG00000270091.1",27.1744069484917,-2.15306601698331,0.664322110182053,-3.24099707654361,0.00119112405432391,0.0087949686293182
"ENSG00000170889.14",16071.5012324437,-0.936841896204637,0.289073470571308,-3.24084356254871,0.00119176565968458,0.00879624301158123
"ENSG00000019991.18",608.783641470825,-2.08169781351019,0.642434290841055,-3.24032798869578,0.00119392281684599,0.00880382871811272
"ENSG00000100167.21",145.641812208856,2.0792935480308,0.641677146437754,3.24040455480441,0.00119360223690412,0.00880382871811272
"ENSG00000216863.12",24.8742352457366,-2.73390218799278,0.843721430000535,-3.240290089575,0.00119408152872959,0.00880382871811272
"ENSG00000109323.11",2237.93298745743,1.15634098351632,0.356930916223108,3.2396772903626,0.00119665048314407,0.00881959795340981
"ENSG00000204020.6",30.8001635354408,-3.8884786826039,1.20039918844417,-3.23932131913863,0.00119814511618748,0.00882744069791881
"ENSG00000108622.11",506.331969995765,-1.46347735917307,0.451868274616731,-3.2387256228917,0.00120065015229631,0.00884271936878
"ENSG00000068001.14",3439.0767044706,-1.55107604299865,0.479005033564446,-3.23812055054318,0.00120319956949371,0.00885831381432639
"ENSG00000198939.8",53.0705907994469,-1.7870015883844,0.551884628874837,-3.23799847810161,0.00120371451643817,0.00885892406498504
"ENSG00000129354.12",1520.57156278435,1.68293506574101,0.519766023452331,3.2378704836511,0.00120425466325694,0.00885971927356305
"ENSG00000115806.13",2866.31785165376,0.98061340894357,0.302889482339303,3.23752875593438,0.00120569787866924,0.00886715541758753
"ENSG00000139083.11",1681.17289928743,0.819297561111119,0.253087187557845,3.23721468880704,0.00120702568419156,0.00887373776574537
"ENSG00000129353.15",6704.57142785322,-1.05261450196107,0.325192316938958,-3.23689843557606,0.00120836409687869,0.00888039334853072
"ENSG00000237781.3",50.1912143539796,-1.84653758441834,0.570622484967809,-3.23600564832721,0.00121214985575083,0.00890502351928165
"ENSG00000251867.4",40.5841540673059,-1.86658669483455,0.576952633755028,-3.23525118983528,0.00121535758568531,0.00892539109487524
"ENSG00000188766.13",87.3919992756402,2.24906418053739,0.695244788308676,3.23492418549256,0.00121675034370403,0.00893241999545559
"ENSG00000230960.4",45.6992193976861,-2.39662248700976,0.740898818249086,-3.23475004680602,0.00121749262656525,0.00893274312186465
"ENSG00000300853.1",10.6384871110981,-3.26453579799277,1.00922071508304,-3.23470946365202,0.00121766567623935,0.00893274312186465
"ENSG00000151023.17",136.340901873168,-3.48825724886389,1.07846162749286,-3.23447507072939,0.00121866559020827,0.00893575933912233
"ENSG00000181585.7",42.1977164375254,-2.60262012473031,0.80466641256084,-3.234408798607,0.00121894844281726,0.00893575933912233
"ENSG00000095066.12",1852.39410088718,1.46341201184406,0.452641923086798,3.23304567518691,0.00122477978641252,0.00897529833473989
"ENSG00000147883.12",884.356552162775,-1.44061917603362,0.445740411007345,-3.23196896771804,0.0012294040648061,0.00900596675412082
"ENSG00000154330.13",798.524062017481,-2.7743264371085,0.858555344353175,-3.23138916478197,0.00123190089565288,0.00902103427302379
"ENSG00000166025.18",1912.81286525903,-1.89291794173832,0.585827878482453,-3.23118446776858,0.00123278350933668,0.00902427457173839
"ENSG00000105726.17",2508.93866446622,1.13324386591143,0.350763900258915,3.23078818850781,0.00123449384825631,0.00903356954484201
"ENSG00000130958.13",201.167105133633,-1.26097742862834,0.390417934195915,-3.22981430457438,0.00123870644002458,0.00906116191447165
"ENSG00000174442.12",331.539162590465,1.01410598505926,0.314006915276099,3.22956576980981,0.00123978361573928,0.00906580715303786
"ENSG00000155090.15",4503.38855564747,-1.80308839721899,0.558453188368235,-3.22871895939479,0.00124346027879346,0.00908945082223927
"ENSG00000196358.12",142.511600302674,-1.52377009786667,0.472081425396271,-3.22776965136385,0.00124759393247374,0.00911641696059928
"ENSG00000267287.2",60.1514361665162,3.08198541188555,0.954901561901279,3.22754253930541,0.00124858474521479,0.0091204067032006
"ENSG00000151617.17",1216.83439188748,-1.27195572800932,0.394177185975869,-3.22686287604475,0.00125155422755367,0.0091388418382338
"ENSG00000057019.16",3845.93478283621,2.23616915340969,0.693031055501266,3.22665071883724,0.00125248248746814,0.0091391106487711
"ENSG00000152256.14",567.911871272117,1.64991587231784,0.511325070102251,3.22674550650901,0.00125206768064275,0.0091391106487711
"ENSG00000172232.10",19.5422766273256,-2.46899928775143,0.765355510937303,-3.22595088487406,0.00125554900793005,0.00915822727093478
"ENSG00000108679.13",23318.3004757987,1.43946396089246,0.446255188020877,3.22565204737769,0.00125686055979808,0.00916453375465855
"ENSG00000184343.11",288.363955829797,3.04746542974101,0.944898947991012,3.22517602143631,0.00125895237716336,0.00917652312170546
"ENSG00000206384.11",883.478259112327,-2.62151237338218,0.812897625614009,-3.22489854906645,0.00126017316606697,0.00918215728395063
"ENSG00000109881.17",212.349607672614,1.20636382166801,0.374132314284696,3.22443097163221,0.00126223282889644,0.00919389766383395
"ENSG00000140650.13",1248.00768851669,1.20745864576325,0.374517121917849,3.22404123896934,0.00126395196259395,0.00920132925422691
"ENSG00000187905.11",32.9258479155661,-3.68697161535751,1.14360295418978,-3.2239962321273,0.00126415062959214,0.00920132925422691
"ENSG00000156469.9",445.708788673315,0.845632560128541,0.262325529354697,3.22359993786628,0.00126590117724085,0.00921080118458001
"ENSG00000303969.1",26.7098055479201,-2.48860204082504,0.772337014620223,-3.22217114254034,0.00127223118069599,0.00925357507236277
"ENSG00000115594.12",5674.6982461415,-1.33315430468345,0.413816733565353,-3.22160559626791,0.00127474478715417,0.00925904023755542
"ENSG00000127954.13",9645.74248208255,-2.8852439612017,0.895594679631769,-3.22159569146613,0.00127478885049839,0.00925904023755542
"ENSG00000142102.16",5203.27298650905,1.51699052434597,0.470854125092174,3.22178450501843,0.00127394912048456,0.00925904023755542
"ENSG00000258633.2",18.9670398288823,-2.63641962213754,0.818330440472612,-3.22170542820688,0.00127430074479015,0.00925904023755542
"ENSG00000131650.15",21.4966569076365,2.2223968446606,0.689934955464151,3.22116864359407,0.00127668998973266,0.00926956499627426
"ENSG00000107165.13",53.6956368961542,-2.26665877906294,0.704019806000077,-3.21959518715968,0.00128371734060247,0.00931728862007538
"ENSG00000258661.2",30.0832008617213,3.44824609590321,1.07115087710717,3.21919737881913,0.00128549967297553,0.00932692331730019
"ENSG00000213588.6",255.27776867058,0.812695081724362,0.252491688611733,3.21870033105951,0.00128772984560693,0.00933979934712573
"ENSG00000034239.11",260.226492652038,-3.23715366485255,1.00589243404793,-3.2181906884671,0.00129002023691494,0.00935310287754739
"ENSG00000119139.21",107.783305680221,-1.29453984947597,0.40239857359675,-3.21705874328782,0.00129512078279838,0.00938204503934121
"ENSG00000129116.20",5921.54098497874,-1.17537303253712,0.365358874226118,-3.21703704344592,0.00129521874388527,0.00938204503934121
"ENSG00000130827.6",2271.07826068447,1.59660268603786,0.496317327777734,3.2168989408181,0.0012958423503421,0.00938204503934121
"ENSG00000236423.9",34.4206413435539,2.87618497926978,0.894070714628726,3.21695469073064,0.00129559057663405,0.00938204503934121
"ENSG00000130032.17",48.8668393720114,-2.26308727343201,0.70356636759677,-3.21659388177156,0.00129722083565824,0.00938871020626073
"ENSG00000204248.12",401.277022167285,2.94300946233666,0.915160233389318,3.21584063092116,0.00130063038612691,0.00941006543300853
"ENSG00000139132.16",978.8191246767,-1.54079743271717,0.479157434487171,-3.21563920711415,0.0013015435209222,0.00941335038906131
"ENSG00000134291.12",1271.88001111805,0.932648838831379,0.290044416813895,3.21553798234223,0.00130200263670748,0.00941335051588514
"ENSG00000284791.2",109.447497796541,-3.73733275218898,1.16244472352369,-3.21506276948816,0.00130416001406801,0.00942562457823424
"ENSG00000178878.13",1952.6443595373,-2.46722771642755,0.767815081713329,-3.21330978667688,0.00131214679032814,0.0094800062681072
"ENSG00000123933.17",3238.87795085704,-0.794496949022394,0.247264278857239,-3.21314891376246,0.00131288200109057,0.00948197694623497
"ENSG00000123405.14",140.452070431485,-1.42297384481224,0.443027436580058,-3.21193164874134,0.0013184573981077,0.00951889101788741
"ENSG00000184363.10",1556.6144360125,1.85576267644281,0.577849206206004,3.21149991470478,0.00132044009766913,0.00952984996923896
"ENSG00000249669.13",747.823570933927,-2.74063719405376,0.853606983446268,-3.21065460709914,0.00132433006565712,0.00955456145891397
"ENSG00000143368.10",2090.21856159304,1.22573893411537,0.381901807512121,3.20956567893822,0.00132935672036453,0.00958408234681936
"ENSG00000298309.1",56.0750241670173,-2.5045599461592,0.780322921776365,-3.20964548940546,0.00132898770636214,0.00958408234681936
"ENSG00000130475.16",366.711662587831,1.17519990821421,0.366248887885774,3.20874669408069,0.00133314886902459,0.00960804372951855
"ENSG00000149262.19",1077.76203612583,1.2472633874746,0.388746519059387,3.20842329467665,0.00133464905331244,0.00961547582189682
"ENSG00000162944.11",229.734088231173,-1.40788091905961,0.438972525928269,-3.20721875721595,0.00134025037319862,0.00965243893644693
"ENSG00000159214.13",380.384516642321,1.34952857613072,0.420818396421747,3.20691440204579,0.00134166910872769,0.00965926383614904
"ENSG00000184697.7",38.1999099764106,3.6109048480245,1.12611230711677,3.20652285318649,0.00134349633082913,0.00966563114642821
"ENSG00000198715.13",1885.7423454047,2.15297119689343,0.671426585077098,3.2065623327176,0.00134331198959663,0.00966563114642821
"ENSG00000145506.14",818.380009187822,-1.93392155116399,0.603171976420042,-3.20625232399263,0.00134476013709025,0.00967133000733025
"ENSG00000166105.16",633.155025402973,6.191234225794,1.93134295926925,3.20566277267324,0.0013475180898557,0.00968776680028097
"ENSG00000127463.16",1923.43632986318,1.49423342450982,0.466138972678634,3.20555351963667,0.0013480297541659,0.00968804839797325
"ENSG00000176371.14",105.473664692513,1.29940450104256,0.405428458440869,3.20501551874182,0.00135055198700927,0.00970277433133782
"ENSG00000174282.12",4122.89133041568,-1.07506496536626,0.335472529823508,-3.20462890339144,0.00135236718813549,0.00971241219808412
"ENSG00000065675.16",239.678677072636,-1.78990708986031,0.558602348807413,-3.20425987051731,0.00135410193675544,0.00972146572522185
"ENSG00000176532.4",314.059967275944,3.42881675805396,1.07066662915268,3.20250642421488,0.00136237261472823,0.00977450665212015
"ENSG00000184897.7",2229.69587919766,-1.31344933248603,0.410133594834214,-3.20249145407598,0.00136244342624656,0.00977450665212015
"ENSG00000105364.14",854.123138594731,1.08398461557933,0.338691249428442,3.20050966007715,0.00137184770738654,0.00983853284094215
"ENSG00000088926.15",112.722161791849,-4.03029285575082,1.26009581990425,-3.19840189300611,0.00138191544615346,0.009903807867155
"ENSG00000138430.16",1377.27744912563,0.763930512797891,0.238842141017949,3.19847456375164,0.00138156720358188,0.009903807867155
"ENSG00000111678.11",594.979382053538,-1.14124750356935,0.357007109705547,-3.19670805578812,0.00139005538461724,0.00995866373381966
"ENSG00000171551.12",106.30309421327,3.65904056210858,1.14560488137835,3.19398129458575,0.00140325209407735,0.0100496964502138
"ENSG00000119888.11",5831.88857110454,1.43544960736732,0.449454461144968,3.19375983878448,0.00140432893005887,0.0100538967813991
"ENSG00000005249.14",371.890198486286,-1.62227118035847,0.508050904613945,-3.19312723513639,0.00140740918407551,0.0100724320803784
"ENSG00000074855.11",1292.04152753728,1.50869924419631,0.47256295789233,3.19258887942727,0.00141003543409992,0.0100877063994364
"ENSG00000211652.2",252.470389316053,3.71249621319627,1.16318914530964,3.19165307565522,0.0014146113030919,0.0101135604686713
"ENSG00000261730.1",10.4893111147744,-2.31958611216778,0.726767504275722,-3.19164808349462,0.0014146357502999,0.0101135604686713
"ENSG00000116221.15",1523.79738593961,0.928955957149614,0.291088658689621,3.19131621730454,0.00141626181268415,0.0101216563984928
"ENSG00000127955.17",777.490067750326,-1.63877373296001,0.513792081303256,-3.18956595983961,0.00142486618797003,0.0101796015045776
"ENSG00000211649.3",359.995330604856,3.62384921608486,1.13645826422118,3.18872177727381,0.00142903344650471,0.0102044458564774
"ENSG00000293332.2",11.3031495298931,1.95310058042355,0.612514538798412,3.18865995288047,0.00142933908016988,0.0102044458564774
"ENSG00000114859.16",160.265270807322,0.976595731367854,0.306437964214706,3.18692800962351,0.00143792560321253,0.0102621742319073
"ENSG00000226781.1",11.3026644284605,-2.16086421207447,0.678099644167125,-3.1866470225457,0.00143932313828593,0.0102685739830949
"ENSG00000196782.13",502.862701021856,-0.918735235055452,0.288317338898847,-3.18654174100081,0.00143984709558737,0.0102687390775386
"ENSG00000107362.14",468.175072133079,-0.968742813948694,0.304061422834942,-3.18601026370442,0.00144249479695265,0.010284044964088
"ENSG00000137976.8",29.2258681149009,-2.96397866270191,0.93039527903511,-3.18571980048714,0.00144394371575935,0.010290796645092
"ENSG00000116299.17",3391.96294180277,3.49035142479461,1.09584026996858,3.18509140469413,0.00144708293645477,0.0103095860073206
"ENSG00000163482.12",1025.17811548268,1.30734022414337,0.41061932232347,3.18382539025646,0.00145342656304298,0.0103511838307167
"ENSG00000165092.13",4619.87833010032,-2.14903633098093,0.675015275660391,-3.18368547864114,0.0014541291895771,0.0103525919802392
"ENSG00000099860.10",9659.57657538978,-2.14247130345748,0.673179832359518,-3.18261362041707,0.00145952238275811,0.0103873817896815
"ENSG00000137142.5",135.652029413311,2.20157239071141,0.691788817230694,3.18243419939129,0.00146042696195824,0.0103902131950006
"ENSG00000271781.1",33.8197392371728,1.96058816893806,0.616153087387969,3.18198222011595,0.00146270797693167,0.0103992248124157
"ENSG00000272142.5",50.4313092328618,1.36628151682504,0.429375547533374,3.18201985342177,0.0014625179267637,0.0103992248124157
"ENSG00000153162.9",461.463827996705,-2.27157923184759,0.714061559622047,-3.18120924062896,0.00146661660208921,0.0104233992406368
"ENSG00000126602.11",1359.6381654447,1.09918281032577,0.345547734550665,3.18098688088666,0.00146774276112714,0.0104277884872318
"ENSG00000259869.3",14.1988872421226,-2.66442375320698,0.837727151045209,-3.18053885430674,0.00147001424901616,0.0104403090273043
"ENSG00000049656.14",6710.34062668482,1.73311988756734,0.545005505502072,3.18000436705817,0.00147272832856197,0.0104559631748042
"ENSG00000168734.14",1444.00989575201,-1.73141839166245,0.544592928597436,-3.17928915478504,0.00147636733782293,0.0104781709569821
"ENSG00000117448.14",3372.98655884813,0.825438756775028,0.259834456225781,3.17678713117929,0.00148916295785758,0.0105616732230757
"ENSG00000183808.12",492.832241791773,1.15094144937248,0.362291751629791,3.17683591799952,0.00148891248303794,0.0105616732230757
"ENSG00000130733.11",1654.70339501519,1.45928432383632,0.45940502572161,3.17646573749199,0.00149081398523423,0.010569726816474
"ENSG00000250602.7",21.6437917657492,2.30434124310414,0.725544286315927,3.1760173521658,0.00149312019760799,0.0105824184347578
"ENSG00000118515.12",6360.28581822258,-1.2140534629504,0.382281837610953,-3.17580733245804,0.00149420153698195,0.0105842330062826
"ENSG00000189350.13",177.614166879929,-2.61726291406796,0.824135652862152,-3.17576712641715,0.0014944086301789,0.0105842330062826
"ENSG00000211448.14",398.022441833628,2.26393744043439,0.712953868252035,3.17543328011521,0.00149612922675504,0.0105927602435723
"ENSG00000171953.16",418.588117696819,0.683094910029049,0.215145880379421,3.17503132676478,0.00149820325899868,0.0106037830937207
"ENSG00000169871.13",2480.8739887775,-1.11267751222022,0.350470926280965,-3.17480689205076,0.00149936246796801,0.0106083257568033
"ENSG00000172348.16",615.857005074332,-1.34681232266829,0.42424207161083,-3.17463168505306,0.00150026798924659,0.0106110710077655
"ENSG00000141756.20",4968.64934715461,2.24270497696216,0.707118157925149,3.17161276630597,0.00151594999268534,0.0107182891896621
"ENSG00000245105.5",71.0680491020764,-1.87117543974236,0.59033007423641,-3.16971050841805,0.00152590881899925,0.0107849825662739
"ENSG00000224389.9",2411.17829636522,2.58398310441316,0.815257626448771,3.16952950893436,0.00152685953236841,0.010787983408574
"ENSG00000299996.1",10.7247810491614,2.29980861497604,0.725625384984025,3.16941587569552,0.00152745667823516,0.0107884849226779
"ENSG00000070366.14",622.607797054246,-0.906960633125541,0.286214761811154,-3.16881151547298,0.00153063622414931,0.0108036318611526
"ENSG00000164002.12",183.472606841022,1.39416105106492,0.439963883840276,3.16880794599735,0.00153065502129576,0.0108036318611526
"ENSG00000171163.16",1156.41252064997,1.23445367898674,0.389583653344887,3.16864855182697,0.00153149462061035,0.0108058381627648
"ENSG00000305609.1",30.0842700509511,2.34128839454484,0.739260939011949,3.16706628335329,0.00153985216056466,0.0108610693843199
"ENSG00000114529.13",504.875111457528,1.91805667628009,0.605752322790473,3.16640416242124,0.00154336193243934,0.0108746024270571
"ENSG00000164631.19",1102.18721866313,1.04460746405913,0.329897826335956,3.16645755342243,0.00154307864446624,0.0108746024270571
"ENSG00000269397.1",22.7433117172625,1.80401057045971,0.569733812915335,3.16640952241989,0.00154333349059357,0.0108746024270571
"ENSG00000233030.2",30.1665426725392,1.89688115184526,0.599331589439044,3.16499444593049,0.00155085911465167,0.0109236740937196
"ENSG00000144118.14",2689.82293866504,-0.859644454655387,0.271675500355489,-3.16423252568059,0.00155492512190631,0.0109485524380381
"ENSG00000188060.8",193.362378470787,1.5929291745891,0.503539739651715,3.16346268060369,0.00155904338846919,0.0109737815438285
"ENSG00000088882.8",1007.34668273319,2.63303842746512,0.832457808195378,3.1629692238374,0.00156168840259871,0.0109848572922415
"ENSG00000189221.11",3465.85791190192,-2.10777832298816,0.666382351964972,-3.1630164225882,0.00156143523048382,0.0109848572922415
"ENSG00000164509.17",48.9733346345924,2.32187823211597,0.734248019093491,3.16225331459877,0.00156553314735219,0.0110081247096397
"ENSG00000130294.18",455.326844579381,5.26620277744128,1.66612484918047,3.16074919597508,0.00157363932768853,0.0110590267245625
"ENSG00000291088.2",15.1925136624568,2.38423033752205,0.754333779319936,3.16071002371329,0.00157385095504649,0.0110590267245625
"ENSG00000109685.19",2302.3217129951,1.16121800544172,0.367566700077226,3.15920350020212,0.00158200982842661,0.0111125486543539
"ENSG00000228526.9",469.178293614386,1.53262966067668,0.485162118652642,3.15900521032639,0.00158308660128876,0.0111163039975427
"ENSG00000211594.2",29.2876889764014,3.44958697446235,1.09246478458009,3.15761846345306,0.00159063592844743,0.0111621229750688
"ENSG00000250899.3",179.001961293419,-1.86769931608894,0.591492081628106,-3.15760662585376,0.00159070051371201,0.0111621229750688
"ENSG00000085433.17",564.254158837444,-0.807797101640212,0.255843054949873,-3.15739312055386,0.00159186580093039,0.0111642736021181
"ENSG00000110900.16",237.371099328872,-1.50879541388576,0.477867500732795,-3.15735096354549,0.00159209598188614,0.0111642736021181
"ENSG00000157856.12",207.477363220588,-3.86193428378604,1.22346638801554,-3.15655119062984,0.00159646862066619,0.0111911085805605
"ENSG00000117400.18",25.9111596562805,-1.69339919404985,0.536628117628845,-3.15562889535557,0.00160152485605249,0.0112227155326385
"ENSG00000066468.24",1466.74593219652,-2.05770991054314,0.652251100736885,-3.154781813658,0.00160618173581851,0.0112515033519722
"ENSG00000188677.15",816.685056920211,-1.14651048797416,0.363450153957205,-3.15451919745,0.00160762801250013,0.0112577885137645
"ENSG00000167779.9",997.719565839148,-1.73358977643429,0.549610719892051,-3.15421390757223,0.00160931080775423,0.0112657250946374
"ENSG00000188396.4",60.5759273445818,-2.09428757237686,0.664102868673929,-3.1535589908815,0.00161292626009911,0.0112871809000246
"ENSG00000164733.23",38869.6891528443,1.10686874777114,0.351074901011518,3.15279942992799,0.00161712876128907,0.0113127288029584
"ENSG00000143507.18",908.546055557566,1.57252820438036,0.498928048008903,3.15181359447704,0.00162259822347564,0.0113471193636237
"ENSG00000274180.1",571.735852469826,-0.980500502579841,0.311171719996301,-3.15099489950918,0.0016271533171819,0.011375094311455
"ENSG00000119013.10",572.01415621177,-0.672346788403906,0.213434760192416,-3.15012787887864,0.00163199011631206,0.0114026724390836
"ENSG00000253161.8",76.5615025832604,2.44185073890733,0.775168948310488,3.1500884345657,0.00163221047642949,0.0114026724390836
"ENSG00000139154.16",947.537832798955,-0.851758988803255,0.270406339627303,-3.14992240927939,0.00163313829569932,0.0114052682612462
"ENSG00000141956.14",333.686552883039,0.835491453182829,0.265254687419238,3.14977074038404,0.00163398630960781,0.0114073051726927
"ENSG00000226807.7",22.311450898958,-3.48042953183655,1.10503294409227,-3.14961608198529,0.00163485145575484,0.0114094602616736
"ENSG00000143552.10",37.1971154729746,2.04414933688143,0.649237904499016,3.1485366499955,0.00164090145620965,0.0114477861375035
"ENSG00000256269.11",398.040994078455,1.06554842817743,0.338493437931408,3.14791457905117,0.00164439739054808,0.0114682735019721
"ENSG00000136141.15",1120.31523339972,-1.02746772419871,0.326515405363027,-3.14676645365737,0.00165086766659013,0.011505571256208
"ENSG00000185567.7",1229.23896606044,1.59809392873466,0.507846774254645,3.1468033465018,0.00165065939271158,0.011505571256208
"ENSG00000131044.19",60.4221871028919,-2.57695731737405,0.818949299935132,-3.14666282464392,0.00165145282041631,0.0115057385762202
"ENSG00000204335.4",86.2503872474474,1.94632416854301,0.618780574944768,3.14541898590907,0.00165849121542614,0.0115508505030902
"ENSG00000136247.15",1151.33617640096,1.42760698884753,0.453914706984798,3.14509965612404,0.00166030262437018,0.0115595399015572
"ENSG00000260633.1",30.2518281708322,-2.67717853307534,0.851338843201439,-3.14466860575499,0.00166275065913648,0.0115726542820551
"ENSG00000136098.18",376.944091820053,-1.42220872356423,0.452294119787711,-3.14443337055047,0.00166408801455176,0.0115780321175328
"ENSG00000272888.9",1862.61430153305,-1.55777450998651,0.495555747389159,-3.14348994677927,0.00166946150178366,0.0116114785049431
"ENSG00000103994.18",3111.54580865405,-1.41777787955196,0.451040217646746,-3.14335135555996,0.00167025222340267,0.0116130388567814
"ENSG00000265107.3",1361.78915003391,-1.87538888105069,0.596912068019378,-3.14181766717071,0.00167902559901607,0.0116700816549917
"ENSG00000170190.16",744.789729350639,-0.962983418106719,0.306550534631936,-3.14135292330492,0.00168169249720774,0.0116812288784369
"ENSG00000214575.10",37.399491283541,-2.03709142951134,0.648478568449113,-3.14133963499088,0.0016817688084835,0.0116812288784369
"ENSG00000173482.17",3269.37435469803,-1.17543737818965,0.374218622019522,-3.14104459004803,0.00168346399441514,0.0116890435968466
"ENSG00000137857.18",2244.9163959135,-2.67054350718295,0.850273542314853,-3.1408051342071,0.00168484094756166,0.0116946441397442
"ENSG00000100034.14",2256.53959984926,-1.2462753480546,0.396836135159825,-3.14052889249277,0.00168643071905361,0.0116988503613741
"ENSG00000180867.12",354.325674581446,1.23020880880867,0.391723673232896,3.14050156493161,0.00168658806419341,0.0116988503613741
"ENSG00000182325.11",791.51415063568,1.42185449292775,0.452764760793948,3.14038241499725,0.00168727425699357,0.0116996521357444
"ENSG00000304731.1",10.339201874099,-3.28996240178657,1.04793902282796,-3.1394597682872,0.00169259654415898,0.011732589432534
"ENSG00000185904.13",119.0301200805,-1.98254935141192,0.631603738316139,-3.13891326339742,0.00169575633558798,0.011750519738052
"ENSG00000096384.20",35959.2027520054,1.26343429113695,0.402596002203628,3.13821867137648,0.00169978017012301,0.0117679603180757
"ENSG00000111669.15",9503.31946770858,1.04808560987226,0.333978633541936,3.13818162185114,0.00169999504789993,0.0117679603180757
"ENSG00000176920.14",189.720918025213,2.3415137276947,0.746092842862909,3.13836776494174,0.00169891571807421,0.0117679603180757
"ENSG00000267288.3",46.6199397527293,2.63588746714527,0.840038606824631,3.13781705475299,0.00170211077680688,0.0117786295537119
"ENSG00000143457.11",989.297570626836,1.15867336147602,0.369349518317814,3.13706476930889,0.00170648424770404,0.0118049099240633
"ENSG00000186230.7",143.757286780009,0.92026842614301,0.293426614278248,3.13628137790645,0.00171104953905375,0.0118324990720938
"ENSG00000280304.1",13.0649041283403,-3.15778633994055,1.00703079358102,-3.13573960207453,0.00171421335912372,0.0118503812257157
"ENSG00000101266.19",2729.98452215056,0.786066268822597,0.250691136412911,3.13559657541253,0.00171504949222537,0.0118521654157698
"ENSG00000204882.4",26.8119922856118,-2.28065650101694,0.727899288201921,-3.13320336752999,0.00172909593412189,0.0119452099168582
"ENSG00000254703.5",65.163506643855,-2.44579178437704,0.780669613393271,-3.13294092970537,0.00173064267850474,0.0119518684675181
"ENSG00000229111.2",19.0244797872278,-2.37321924246848,0.757822176427496,-3.13163076548676,0.00173838351478324,0.0120012847094665
"ENSG00000143452.16",47.3374824501171,2.98725985645198,0.954077443393998,3.13104546924956,0.00174185189496243,0.0120211818425815
"ENSG00000106683.15",1660.63745996178,1.55020971444996,0.495155254032359,3.13075485279744,0.00174357640872337,0.0120290345506272
"ENSG00000272438.2",19.8950835177953,2.40010407251473,0.766654383613614,3.13062068621048,0.00174437308083585,0.0120304828958824
"ENSG00000105486.15",833.620720336998,0.885093376401248,0.282800203991453,3.12974801258629,0.00174956313184981,0.0120622200589941
"ENSG00000154760.14",1359.02901450208,2.00378704872389,0.640408009263237,3.12892253023063,0.00175448558574611,0.0120920915798784
"ENSG00000114541.15",1667.23478200825,-1.34727531015392,0.43070725424993,-3.12805344432887,0.00175968181049607,0.0121238292481222
"ENSG00000150967.19",207.498461348781,1.17968951585183,0.377163517463794,3.1277932812393,0.00176124006313829,0.0121304891684875
"ENSG00000231890.11",49.7780971924316,2.35215432495177,0.752112412697826,3.12739729492643,0.00176361426710383,0.0121427625697438
"ENSG00000171421.13",484.040083062778,1.16824759361863,0.373629462450406,3.12675447475907,0.00176747467176054,0.0121652570224163
"ENSG00000116176.8",6.33291422701081,-2.75482026387633,0.881093891756621,-3.12659103604055,0.00176845742767861,0.0121679366097726
"ENSG00000167123.20",2295.56134399493,2.38440891076764,0.762733076224413,3.12613807515815,0.0017711837043579,0.0121826067340337
"ENSG00000103005.13",1321.07500791003,1.12588859918738,0.360202995557382,3.12570581886797,0.00177378896671452,0.0121964349341095
"ENSG00000175193.14",143.203503174282,-0.951540818656928,0.304509770116886,-3.12482853437405,0.00177908730266729,0.0122287650197419
"ENSG00000239906.1",14.6802019677706,2.62912239427324,0.841410221844029,3.12466181895351,0.00178009581946879,0.0122315967434276
"ENSG00000116128.12",797.639068726361,1.19476741193188,0.382391034770047,3.12446501955874,0.0017812870005144,0.0122356812926457
"ENSG00000110660.15",987.587769452756,1.96987532078645,0.630598567150951,3.12381826315647,0.00178520682948369,0.0122584999436482
"ENSG00000099204.23",3931.4613762686,-1.30142797785495,0.416708312777356,-3.12311498942978,0.00178947819312607,0.0122837163949973
"ENSG00000026036.23",232.060645802382,1.79107110404967,0.573560368966782,3.12272465281401,0.00179185297141849,0.0122937959006239
"ENSG00000102174.10",157.679842124439,-2.34057862700244,0.749562447814509,-3.12259323266105,0.00179265317323113,0.0122937959006239
"ENSG00000105880.7",23.759597905193,3.23417511354845,1.03573874052043,3.12257810490256,0.00179274530544604,0.0122937959006239
"ENSG00000162910.19",788.799221854058,1.17326588923245,0.375809004266275,3.12197386415239,0.00179642885864734,0.012314937250988
"ENSG00000260695.1",26.8131385130949,-2.46224001016183,0.788783334593604,-3.12156697812387,0.00179891322228308,0.0123278464938811
"ENSG00000188817.8",319.95544858307,-5.24217629415693,1.67995860710571,-3.12041991510036,0.00180593396590626,0.0123718242689415
"ENSG00000141298.19",1311.94176000233,-1.02329326051529,0.328004022482718,-3.11975826628531,0.0018099951141979,0.0123913655497542
"ENSG00000304975.1",23.7601283371233,-1.63698227493985,0.524706749896654,-3.1198041101287,0.00180971345790489,0.0123913655497542
"ENSG00000174501.15",259.486682966115,2.29680178658365,0.736388140285699,3.11900974626309,0.00181459958854621,0.012418741643375
"ENSG00000106258.16",358.726764578197,-2.19312693482529,0.703176527125702,-3.11888530151867,0.00181536614542475,0.012419842324254
"ENSG00000184076.13",274.155398489691,0.979900100280476,0.314223281708493,3.11848343939561,0.00181784357523794,0.0124284977214668
"ENSG00000211890.4",13654.8331544252,3.24225921495807,1.03967617829871,3.11852794421392,0.00181756905567882,0.0124284977214668
"ENSG00000149201.10",86.5209207512703,-2.76340346660922,0.886505969829648,-3.11718540050017,0.00182586706441681,0.0124791927629341
"ENSG00000143590.14",36.5908699282297,1.78506999163946,0.572813387757253,3.11632030569078,0.00183123248009443,0.0125116930262767
"ENSG00000146733.14",337.783092814747,1.35316192275041,0.434374745125002,3.11519474356412,0.00183823503093785,0.012551172518931
"ENSG00000188522.16",808.427802837776,2.06729633678176,0.663604735590107,3.11525253800884,0.00183787487128245,0.012551172518931
"ENSG00000237289.10",42.9450391149855,3.11757891918351,1.00088184736623,3.11483211268869,0.0018404963308067,0.0125624290169309
"ENSG00000197879.17",7669.19148679605,-1.01481241997101,0.325847343921101,-3.11437990489416,0.00184331979684858,0.012577513848447
"ENSG00000232354.8",79.7995726128385,-2.76308889860456,0.887480041008045,-3.11340962154608,0.00184939142519557,0.0126147444385263
"ENSG00000223749.12",120.246188828425,1.84710130120834,0.593342304661885,3.11304501077318,0.00185167775298134,0.0126261392241867
"ENSG00000116455.14",611.007180559016,0.870847607703296,0.279765467006881,3.11277734532503,0.00185335782816568,0.0126333939191187
"ENSG00000058804.12",706.689951824656,1.1227258543558,0.360760482323331,3.11210875183817,0.00185756055758646,0.0126578337230817
"ENSG00000308241.1",13.1187493798846,2.46619184862416,0.79259703084884,3.11153303966199,0.00186118645552687,0.0126783279349246
"ENSG00000282122.1",1303.11317846929,5.54831384053436,1.78346289125793,3.1109780123437,0.00186468823275612,0.0126979633093429
"ENSG00000158104.11",21.6145623709973,-1.75042740209305,0.562681805693382,-3.11086547384633,0.00186539899803494,0.0126985860078713
"ENSG00000115137.12",276.389885378533,-1.12070037598007,0.360264938108383,-3.11076726440395,0.00186601946790994,0.0126985938168023
"ENSG00000163412.13",965.200950660279,-1.21092842504395,0.389368875607957,-3.10997745557659,0.00187101623783864,0.0127283732384351
"ENSG00000168883.20",1429.92982005464,0.837836281442443,0.269436522139997,3.10958690673387,0.00187349160599301,0.0127406159024006
"ENSG00000179958.10",663.292508019202,0.875980815153997,0.281711373158692,3.10949751631271,0.00187405860132854,0.0127406159024006
"ENSG00000115380.20",5379.10913409309,-1.43117473866965,0.460283153484422,-3.10933547716315,0.00187508680282055,0.012743380777273
"ENSG00000184432.11",3714.03466011874,1.1686798414168,0.376007443480631,3.10812953753932,0.00188275525339723,0.0127912570297074
"ENSG00000167635.12",2736.88797912128,1.18112025963771,0.380276444572918,3.10595167408858,0.00189667709995643,0.0128788258698467
"ENSG00000213983.12",1563.5976621329,1.45705133871742,0.46912117521994,3.10591679864868,0.00189690080603478,0.0128788258698467
"ENSG00000133639.6",4613.53805465045,-1.19200859827251,0.383800163191745,-3.10580534505136,0.00189761587984519,0.0128794160875027
"ENSG00000188385.13",88.514524673127,2.28853718099434,0.737040203939505,3.10503710484453,0.0019025515616547,0.0129086423627293
"ENSG00000183011.14",943.395061740095,-1.02091144174061,0.328833899789404,-3.10464171240992,0.00190509641647672,0.0129216331205553
"ENSG00000164880.16",5713.63109332993,1.49241805926784,0.480797790130749,3.10404517221677,0.001908941830565,0.0129434336289367
"ENSG00000161179.14",686.010819223902,1.37707716725985,0.443662860816,3.1038819988833,0.00190999491847826,0.012946292829249
"ENSG00000164266.11",25.3167713395942,2.97169784924208,0.957523465819955,3.10352482766293,0.0019123018920655,0.0129576463962032
"ENSG00000160188.10",367.637295340165,-3.17611218611444,1.02386714775992,-3.10207451529561,0.00192169579392833,0.0130151682849452
"ENSG00000291228.2",73.1609911189537,1.60204815744654,0.516453478325353,3.10201833210868,0.00192206055241973,0.0130151682849452
"ENSG00000149136.9",3845.51800779666,1.25609050028829,0.405074723599937,3.1008859035323,0.00192942619487146,0.0130607311652837
"ENSG00000167619.13",26.5940028958999,1.45377209742608,0.468869392077605,3.10059074443798,0.00193135024828862,0.0130694407560759
"ENSG00000123643.14",482.253549942209,1.19551167484266,0.385780234376091,3.09894486112312,0.00194211160776397,0.0131379268906606
"ENSG00000177000.13",1412.58075923421,-1.12066471491138,0.361722737134867,-3.09813180058278,0.00194744797197923,0.0131696811403239
"ENSG00000250120.8",43.1053872325852,-1.6922848603626,0.546307034556202,-3.09768088880157,0.00195041324341014,0.0131853851443724
"ENSG00000291137.2",59.4029854467715,2.24630412694124,0.725379285477793,3.09673045799983,0.00195667701714429,0.0132233703228499
"ENSG00000242766.1",202.596907742202,3.14216461780581,1.01484797735553,3.09619242282337,0.0019602310961755,0.0132430241831903
"ENSG00000162733.19",2330.37841192372,-1.18361963024192,0.382309034389898,-3.09597609203974,0.00196166177415226,0.013248324445724
"ENSG00000172465.14",667.125200019067,-0.904801972655981,0.292335786135603,-3.09507770025898,0.00196761344388899,0.013284144238887
"ENSG00000186583.12",19.9833525548742,1.88816988824365,0.610181124582833,3.09444165375412,0.00197183714483121,0.0133082780834823
"ENSG00000145824.13",2385.70777126514,3.42512772654885,1.10691817971429,3.09429169139937,0.00197283418960402,0.0133106259373612
"ENSG00000261655.1",48.7903044727714,-2.60226174470218,0.841026988167548,-3.09414772809141,0.00197379178427468,0.0133127061660421
"ENSG00000197724.12",1894.33323571282,-0.879620932302084,0.284322580389631,-3.09374278714221,0.00197648760132044,0.0133265050238324
"ENSG00000161544.10",851.238495508731,-1.79112909569463,0.579035253683639,-3.09329886962846,0.00197944678049871,0.0133420699498177
"ENSG00000120885.22",11333.4574335921,-2.28250743042396,0.738206520497648,-3.09196324747342,0.00198837465499106,0.0133838033702013
"ENSG00000133661.17",10512.8183128674,-3.30178251729222,1.067886754738,-3.09188451176388,0.00198890211027134,0.0133838033702013
"ENSG00000138670.19",1170.50787951839,-1.4756479721171,0.477228663303384,-3.09211932473343,0.00198732946347283,0.0133838033702013
"ENSG00000159596.7",601.030310310466,1.0958820253614,0.354420811896464,3.09203632681011,0.00198788520698332,0.0133838033702013
"ENSG00000293477.2",391.65893712991,-0.983373070854078,0.318016529455975,-3.09220741618782,0.00198673977033068,0.0133838033702013
"ENSG00000124785.9",554.911439951843,-1.91227288362723,0.618520296087511,-3.09168978887748,0.00199020712225275,0.0133881912187239
"ENSG00000001167.15",1264.75636042099,0.846473346807585,0.273849606971809,3.09101537945506,0.00199473301924504,0.0134098379759345
"ENSG00000113648.17",5236.28180973193,1.13014809691739,0.365615564377417,3.09108311305578,0.00199427803919075,0.0134098379759345
"ENSG00000134508.13",1162.29781053315,-1.40080017518175,0.45325589566123,-3.09052830551316,0.00199800759848253,0.0134274492950789
"ENSG00000130299.17",615.293387216071,1.16825976797205,0.378108653291569,3.08974618222021,0.00200327610623758,0.0134540364501459
"ENSG00000184635.17",171.023957242254,1.48621287143866,0.481009832498722,3.08977648901307,0.00200307171760456,0.0134540364501459
"ENSG00000150756.14",559.119638969082,1.53771150739054,0.49773909809969,3.08939264217206,0.00200566179025924,0.0134656481163967
"ENSG00000119599.17",408.70311536185,1.42921847649468,0.462796579536293,3.08822177970009,0.00201358138514563,0.0135143936893702
"ENSG00000233270.1",28.9647787478924,-1.4754216002991,0.477796621554818,-3.0879699305907,0.00201528861280074,0.013521425954472
"ENSG00000099864.18",959.713855623716,-1.99348727782991,0.645692860365978,-3.08736149986234,0.00201941850812091,0.0135402737379042
"ENSG00000130826.19",1375.45833112948,1.00706345121364,0.326183380675718,3.08741496616847,0.00201905527946561,0.0135402737379042
"ENSG00000112977.16",6616.51591381131,1.66240494996319,0.538638731757895,3.08630785710079,0.00202658878027668,0.0135839085814949
"ENSG00000210140.1",4385.45527219835,-1.59392421312875,0.516651266958597,-3.08510656039189,0.00203479236740925,0.0136344387912939
"ENSG00000236581.10",7.36981226143833,-2.51186874405803,0.814310307004947,-3.08465792763541,0.00203786386153107,0.0136505588424806
"ENSG00000151917.18",95.8620407452814,1.40532010543107,0.455642535815918,3.08426012710725,0.00204059089847666,0.0136643617839208
"ENSG00000165879.9",237.517525593587,-1.24687772764866,0.404297360716745,-3.08406101251359,0.00204195714328112,0.0136690464465674
"ENSG00000170909.14",594.24870820307,-1.19102673946293,0.386379737172296,-3.08252898606798,0.00205249740174763,0.0137351196884574
"ENSG00000169194.10",43.201646806615,-3.45382462264797,1.12056758961785,-3.0822099930856,0.00205469832504292,0.0137453619760783
"ENSG00000106852.16",286.379920896229,-2.38857364508186,0.775103082889912,-3.08162062286767,0.00205877043925554,0.0137675949947104
"ENSG00000163468.15",5728.49580757395,1.27573249291422,0.413992577067261,3.08153470275134,0.00205936470194971,0.0137675949947104
"ENSG00000166797.12",1095.83095759587,0.580380439129713,0.188375874373696,3.08097011392429,0.00206327357177397,0.0137892311980618
"ENSG00000107438.9",4983.99421693899,-1.22989335635361,0.399283517216819,-3.08025075747306,0.00206826381921906,0.0138140074510083
"ENSG00000250073.5",96.899562648678,-2.03608669891024,0.661036100791138,-3.0801444829918,0.00206900199385712,0.0138140074510083
"ENSG00000286214.1",128.831089833409,-2.03289619220199,0.659993201300109,-3.08017747485493,0.0020687728089671,0.0138140074510083
"ENSG00000289210.1",21.2423425203573,-2.40011922569543,0.779313161637949,-3.07978787455725,0.00207148073597005,0.0138260550163834
"ENSG00000118762.8",1563.80797419004,-0.908659501596948,0.295086095521037,-3.0793030081357,0.00207485535386406,0.0138440722992609
"ENSG00000007350.18",10.6598482131952,-3.49572194850685,1.13539928811047,-3.07884810666424,0.00207802600326626,0.0138607173620597
"ENSG00000101447.15",348.181079250788,1.97933601242981,0.642920424043361,3.07866407475697,0.00207930996227221,0.0138647712085949
"ENSG00000054690.14",319.428851591538,2.20855343427003,0.717548781919843,3.07791398984878,0.00208455070680105,0.0138951975592486
"ENSG00000156096.15",28.1229903304602,-3.05474651614537,0.992586574498866,-3.07756179120963,0.00208701564999439,0.0139071072107523
"ENSG00000150457.9",1306.09981182817,-1.41028023823952,0.458335779770377,-3.07695864142673,0.00209124314287763,0.0139307502929054
"ENSG00000241755.1",709.630836574902,5.19291107712687,1.68781682669162,3.07670298992442,0.00209303738000729,0.0139381742252905
"ENSG00000254598.3",71.7198229050001,1.51978511795355,0.494004355096111,3.07646097099259,0.0020947372406632,0.0139449650592722
"ENSG00000170667.16",207.615684138516,-1.39387496147215,0.453134448111782,-3.07607370677831,0.00209745989023762,0.0139585581270471
"ENSG00000247708.9",110.323600193867,0.999703319352174,0.325111613907004,3.0749541898498,0.00210534888423603,0.0140019700040141
"ENSG00000248643.5",49.0092579854358,1.73745934002319,0.565027557782391,3.0749992917909,0.00210503053524593,0.0140019700040141
"ENSG00000215414.4",57.1078229865874,1.75091890251012,0.569631922172206,3.07377243858324,0.00211370594671048,0.0140529918065343
"ENSG00000103507.14",1986.7265613689,1.51479496269308,0.492852189171119,3.07352791765148,0.002115438934345,0.0140599545898898
"ENSG00000007376.8",661.809079370684,1.18739279482942,0.386359496761373,3.07328486754601,0.00211716278899431,0.0140668521793711
"ENSG00000263528.8",404.36766664653,1.04324545070749,0.339488363486163,3.07299325371432,0.00211923278622012,0.0140760443954186
"ENSG00000173137.12",551.368868649538,1.51229936501626,0.492413162052534,3.07120012534294,0.00213200200905803,0.0141562724072946
"ENSG00000188827.12",488.115594240737,1.19445626269714,0.389173180771196,3.06921525355415,0.00214621891766761,0.0142460578465059
"ENSG00000113504.21",6907.4933717764,1.99390942400441,0.649702144341576,3.06895927829373,0.00214805868874287,0.0142490441132268
"ENSG00000205869.2",26.1809968918921,2.96604471860632,0.966446466933095,3.06902122371942,0.00214761333579281,0.0142490441132268
"ENSG00000152931.10",7.49857582884328,-3.09943773943539,1.00999525838668,-3.0687646438918,0.00214945855223945,0.0142537186788867
"ENSG00000100448.4",104.434006077834,-2.77534535809696,0.904416860811067,-3.06865725126805,0.00215023130719205,0.0142542330173507
"ENSG00000099901.18",1800.08880630089,0.860731240017623,0.280501904509732,3.0685397360208,0.00215107719240014,0.0142552316590085
"ENSG00000213585.11",3618.21344855141,1.0006656064987,0.326124928011128,3.06835056308409,0.00215243951692168,0.0142596510032188
"ENSG00000181744.9",874.218754104609,-0.929140970633338,0.302887808941169,-3.06760768576793,0.00215779698665185,0.0142905262966116
"ENSG00000143498.18",214.360597301644,1.0001941844272,0.326068548588647,3.06743532535238,0.00215904175853641,0.0142941531214177
"ENSG00000132749.11",180.922857063139,2.83402694446306,0.923989943075361,3.06716211112691,0.00216101623672711,0.0143026071393972
"ENSG00000173530.6",785.695054198755,-1.58698482978213,0.517539328357632,-3.06640431523975,0.00216650138036817,0.0143325607296416
"ENSG00000293505.1",46.2964746230509,1.62536304923808,0.530065498259981,3.06634379067035,0.00216694002447761,0.0143325607296416
"ENSG00000160214.13",809.7594194181,0.961463924720016,0.313592169173175,3.06596917663804,0.0021696568039305,0.0143430401524915
"ENSG00000270362.3",99.7610412402876,1.71369956012598,0.558948900048365,3.06593243135051,0.00216992345654646,0.0143430401524915
"ENSG00000137133.11",15.8115774590896,2.1425426918888,0.698924249182808,3.06548627321758,0.00217316352756217,0.01435982757626
"ENSG00000198400.14",59.6758722259425,-1.7623535346727,0.575106408018255,-3.06439557984677,0.00218110299750215,0.014407646862366
"ENSG00000259471.2",24.881383256708,-3.50860615422641,1.14516809678647,-3.06383505100441,0.00218519358304175,0.0144300190746177
"ENSG00000232931.7",998.779376593593,2.85783743143573,0.932912073214859,3.06335132054567,0.00218872936674608,0.014448714403014
"ENSG00000265666.1",108.447836568023,-1.41949756944538,0.463421222404454,-3.06308278693051,0.00219069445157755,0.0144570321966998
"ENSG00000197558.14",64.510843631183,-1.33189589342643,0.434861949517594,-3.06280164292126,0.002192753549933,0.0144659648609479
"ENSG00000157680.17",28.1491269157541,2.04300334800408,0.667221457346257,3.06195690427842,0.00219895109198286,0.0145021850080465
"ENSG00000151948.12",122.436673793143,-2.05025294900513,0.669972389647931,-3.06020513783043,0.00221185436711715,0.0145825922647492
"ENSG00000148468.17",764.006330730837,-2.04283281503548,0.667603704452913,-3.05994829179317,0.00221375208253051,0.0145904123112201
"ENSG00000108691.10",6705.83238902649,-2.06365960586641,0.674471051989072,-3.05967113011077,0.00221580157455059,0.014599227340805
"ENSG00000143772.11",1757.64170834478,-1.0337339918662,0.33788381863796,-3.05943621696142,0.00221754001808865,0.0146059879636652
"ENSG00000108799.13",1386.71970931799,-0.838707887689675,0.27422131990441,-3.05850722322407,0.00222442716531137,0.0146466456639513
"ENSG00000174326.15",131.155414250996,-2.09553931406887,0.685318351228392,-3.05776039750394,0.00222997800655631,0.0146784812348092
"ENSG00000080839.12",333.856637284945,0.901797949915944,0.294941392745441,3.05754964239377,0.00223154675541503,0.0146840932840275
"ENSG00000225434.6",204.482244470579,-1.39703155353559,0.456941242972899,-3.05735491164331,0.00223299712626887,0.0146889230275961
"ENSG00000126524.12",2656.22635575173,-1.15564639975709,0.378024303728578,-3.05706905180057,0.00223512779897757,0.0146982233451687
"ENSG00000159335.19",5224.7214394777,-1.19977995346519,0.392507183341575,-3.05670827028176,0.00223781956398131,0.0147112062647877
"ENSG00000143569.20",4507.30471415643,1.01641295411621,0.33272029069451,3.05485713538716,0.00225167752764111,0.0147975628290876
"ENSG00000151276.24",1220.55551741192,-1.31351088533691,0.430033203629534,-3.05444062051654,0.002254806457314,0.0148133776356188
"ENSG00000182134.17",516.58119752777,1.49758965761995,0.490483751973684,3.05329106538947,0.00226346278963121,0.0148654839969886
"ENSG00000153044.10",116.921451662506,0.966937623559372,0.316761049955799,3.05257740399048,0.00226885208001479,0.0148961072842214
"ENSG00000136059.16",448.643669094232,-1.04655689145103,0.34287047455116,-3.05233891259094,0.00227065569235958,0.0149031767977403
"ENSG00000052344.16",4926.45400482048,2.12900832914142,0.697704306390871,3.05144788363782,0.00227740580496941,0.0149369623110019
"ENSG00000112249.14",1388.82319318707,1.16932151258549,0.383193949256035,3.05151350864415,0.00227690802730236,0.0149369623110019
"ENSG00000143847.16",216.413275438579,2.20898685799751,0.723932561122771,3.05137104839092,0.00227798874105067,0.0149369623110019
"ENSG00000280789.2",360.21410077186,0.892347162332426,0.292473247115917,3.05103858603094,0.00228051265264473,0.0149487312755203
"ENSG00000129521.15",1618.85917503312,3.02671279972059,0.992222700300227,3.05043696219082,0.00228508643581283,0.0149739253051794
"ENSG00000145495.17",7086.50657379082,1.74536063001757,0.572206028732188,3.05023110973628,0.00228665333631964,0.014979405753322
"ENSG00000117020.19",1210.74255638562,-1.4559036051756,0.477382398924444,-3.04976389673309,0.00229021330448068,0.0149979347157687
"ENSG00000103423.14",1505.92824413976,1.17751704784007,0.386130233002086,3.04953341437448,0.00229197135322983,0.0150046553724854
"ENSG00000151422.14",671.312717417057,-0.893017724492993,0.29284974479717,-3.04940584842068,0.00229294491856001,0.0150062376668224
"ENSG00000153179.14",1843.43487618739,-1.02313761120007,0.335552241649041,-3.04911570899348,0.00229516063238253,0.0150121464532027
"ENSG00000177732.9",953.123273743577,1.32781637398514,0.435478720226407,3.04909588531629,0.00229531209182553,0.0150121464532027
"ENSG00000080371.6",1981.91070383731,-0.959716325246222,0.314857744638102,-3.04809502573717,0.00230297089981493,0.0150489346272664
"ENSG00000144485.11",339.608048427655,2.40938343749029,0.790461166205941,3.04807312553362,0.00230313874660369,0.0150489346272664
"ENSG00000261786.1",80.5861690489408,-2.61877101671361,0.859142233737805,-3.04812278325595,0.00230275817769126,0.0150489346272664
"ENSG00000161091.15",1426.58721622652,0.926137607258562,0.303910135487342,3.0474061214623,0.0023082561468439,0.0150727656162061
"ENSG00000198947.18",534.080692580327,-1.47350109892874,0.483511192489402,-3.0475015300934,0.00230752351335147,0.0150727656162061
"ENSG00000112406.5",1320.11557149445,-1.12373998887862,0.368787405918147,-3.04712137899861,0.00231044392312056,0.0150822483921248
"ENSG00000183309.12",727.621408681305,0.817686305733593,0.26837697739607,3.04678260284173,0.00231304933312607,0.0150944505176375
"ENSG00000272894.6",278.629579940803,1.62330987910444,0.532962023082763,3.04582654823111,0.00232041653680457,0.0151377094084127
"ENSG00000136830.12",10620.3216092585,-1.15366069175851,0.378779732075433,-3.04572973172904,0.0023211637863152,0.015137767899048
"ENSG00000047579.20",603.06761219634,0.597270986135971,0.196157156541112,3.04485952318946,0.00232789013267727,0.0151768074023576
"ENSG00000205403.15",515.342712742289,-0.903137027639173,0.296627931656731,-3.04467965169348,0.00232928268800253,0.0151810591973312
"ENSG00000169851.16",812.260345228691,2.05564656545837,0.675241360969773,3.0443137584257,0.00233211776833491,0.0151898801530937
"ENSG00000276180.3",35.4452715290514,2.51157560435273,0.824988268094825,3.0443773584233,0.00233162474454869,0.0151898801530937
"ENSG00000149922.12",102.014154606762,1.90846867388735,0.626941547135288,3.04409347666907,0.00233382611880981,0.0151961799746194
"ENSG00000130508.11",3988.85278468233,1.29277206549923,0.424850801413581,3.04288484615744,0.00234321981833717,0.0152525013191065
"ENSG00000136193.17",3111.92029213154,1.51461336375456,0.497855749329384,3.04227352158684,0.00234798431910569,0.0152786640682142
"ENSG00000154040.21",38.8530872951548,2.59564899782575,0.853236137099563,3.04212267268617,0.00234916135897586,0.0152814735102922
"ENSG00000133665.13",93.541441755274,-4.30970056983888,1.41676871538888,-3.04192245567474,0.00235072444151174,0.0152867916107696
"ENSG00000183615.6",267.50156924055,-1.59133715235403,0.523177046194958,-3.04167998945624,0.00235261863609143,0.0152942588821873
"ENSG00000134463.15",494.286499469123,-1.06178315033597,0.349119779986233,-3.04131478994927,0.00235547428557217,0.0153079698102605
"ENSG00000279662.1",136.231805592139,-3.14266639885071,1.03347281778525,-3.04087959041389,0.00235888143937321,0.0153252550801357
"ENSG00000263400.9",49.0603320613031,-1.50985924498488,0.496613751984836,-3.04030897040278,0.00236335563003943,0.0153494595623467
"ENSG00000183172.9",574.398563212501,-0.696694800516725,0.229193019826631,-3.03977320532592,0.00236756359695669,0.0153719202001267
"ENSG00000128284.21",2612.04535791175,-1.62864836060691,0.535944859152529,-3.03883568018963,0.00237494354627149,0.0154132124935441
"ENSG00000205581.11",6007.07261255233,0.629651328631187,0.207205685549537,3.03877437996582,0.00237542681816228,0.0154132124935441
"ENSG00000160111.15",1549.33960010473,-2.37361913530376,0.781284090648254,-3.03809992257016,0.00238074997837325,0.0154428654085938
"ENSG00000205542.11",72215.3220328855,-0.762546781149287,0.251030263189202,-3.03766873149695,0.00238415887761462,0.0154600865359299
"ENSG00000310526.1",254.295992384822,1.60335044134723,0.527871790385475,3.03738610501688,0.00238639568244787,0.0154696987268135
"ENSG00000146006.8",25.9362438931979,-2.40113340691341,0.790655058431499,-3.03689122242104,0.00239031698410576,0.0154706627026845
"ENSG00000147852.17",613.861786777626,-1.75099608937201,0.576530546447921,-3.03712630694094,0.00238845350979096,0.0154706627026845
"ENSG00000184408.10",61.1434520138733,2.00483075037337,0.660082086248726,3.03724459751196,0.00238751634394868,0.0154706627026845
"ENSG00000198948.12",203.870526048112,-2.24214474456745,0.738256771533885,-3.03707982238878,0.00238882187927239,0.0154706627026845
"ENSG00000234072.2",274.201607918986,1.48908068684927,0.490316403787439,3.03697913295762,0.00238961997675305,0.0154706627026845
"ENSG00000135931.19",1095.13450026156,1.75812754083658,0.579005981619195,3.03645833834042,0.00239375186355634,0.015487864376235
"ENSG00000291237.1",20472.7831292076,-1.77149538617832,0.583426177984209,-3.03636595858452,0.00239448546979443,0.015487864376235
"ENSG00000266010.5",115.470166609023,-2.19970879495591,0.72448081854177,-3.03625539649686,0.00239536373614455,0.0154886591125537
"ENSG00000198695.2",38092.4800046498,-1.10916760950973,0.365359404572423,-3.03582608146567,0.00239877686018896,0.0155058388213476
"ENSG00000177453.7",105.293185004121,-2.79438542604976,0.920785076910795,-3.03478574546933,0.00240706617270941,0.0155545177451099
"ENSG00000277013.2",28.4919865989079,-2.25184054754906,0.742074083585951,-3.03452255961751,0.00240916736764903,0.0155631908337352
"ENSG00000308044.1",15.5850401540209,-2.54613865413786,0.839129696050576,-3.03426117097446,0.00241125587584287,0.0155717765285928
"ENSG00000223573.7",144.154000569159,-2.24135522552647,0.738754115010119,-3.03396648490516,0.00241361241936088,0.0155820872312895
"ENSG00000144191.12",75.3205517721036,3.54581845257783,1.16876933380454,3.03380517440135,0.00241490327869269,0.0155831892462816
"ENSG00000147576.17",94.9910845829523,-1.68079017619401,0.554029594516182,-3.0337552232418,0.00241530313230018,0.0155831892462816
"ENSG00000114113.6",19.4705977770586,-3.05145179115285,1.00611190870156,-3.03291489223193,0.0024220389820827,0.0156217323965472
"ENSG00000114861.24",1438.24336168078,-1.22666023374965,0.404484108217908,-3.03265371575194,0.00242413599665447,0.015630341030001
"ENSG00000225614.4",269.790168673332,1.52701183401369,0.503718028744078,3.031481398077,0.00243356914842455,0.0156862313169748
"ENSG00000112195.9",55.2078732579519,-1.95894284798385,0.646487580118729,-3.03013222253099,0.00244446697405324,0.0157515244613412
"ENSG00000100311.17",1206.48089951286,-1.51205141697567,0.499089497231196,-3.02961978836279,0.00244861779728277,0.0157733142681389
"ENSG00000137343.18",526.915210505805,1.65411150539869,0.545999205142098,3.02951266196112,0.00244948635812288,0.0157739536077109
"ENSG00000130558.20",575.488335072464,-2.07872454243851,0.686344911772548,-3.02868791883371,0.00245618266774213,0.0158071467104158
"ENSG00000160767.23",932.374528791469,1.27940232882492,0.422420199842211,3.02874324973764,0.00245573289768144,0.0158071467104158
"ENSG00000113361.13",238.169242627738,-2.10936447046004,0.696499473444422,-3.02852270659808,0.00245752608224638,0.0158108298683338
"ENSG00000250334.9",11.9972354331797,-2.43535250767168,0.80433014654534,-3.02780210107965,0.00246339351336088,0.015843607464853
"ENSG00000253676.1",23.9965042437459,1.97273453386536,0.651671467005216,3.02719181941653,0.00246837266959276,0.0158690356475246
"ENSG00000266850.2",17.6455902094321,1.69087685781835,0.558574640997258,3.02712786029727,0.002468895030999,0.0158690356475246
"ENSG00000162078.12",97.6309834542529,2.63726252699436,0.871357315184145,3.02661431887678,0.00247309285010413,0.0158878468276522
"ENSG00000186364.12",131.371768403777,1.600499835498,0.528814599990273,3.02658027128495,0.00247337139455062,0.0158878468276522
"ENSG00000163378.14",1018.0365730514,-0.998451406115435,0.329949016118435,-3.02607784033228,0.00247748513697207,0.0159092875817336
"ENSG00000108671.11",2507.56737048367,0.977284996744529,0.323048579690953,3.025195150771,0.00248472747710202,0.0159444412345873
"ENSG00000154240.18",498.975279313952,-1.08194224183994,0.357638013587603,-3.02524396382411,0.00248432646764878,0.0159444412345873
"ENSG00000169926.11",3919.72459353083,-1.39163366311059,0.460024963262479,-3.02512640453505,0.00248529234226204,0.0159444412345873
"ENSG00000176444.20",1672.82007188545,1.51288278092171,0.500166405785024,3.02475888708918,0.00248831410538704,0.0159588340371773
"ENSG00000198938.2",293698.112018637,1.43974640772186,0.476031843083268,3.02447499813582,0.00249065056781453,0.0159660409244948
"ENSG00000225792.4",75.1481329099465,-2.68963709741985,0.889302876038398,-3.02443314858201,0.00249099516764821,0.0159660409244948
"ENSG00000156671.15",917.575715101427,-0.887477294795983,0.293597068242328,-3.02277301373963,0.00250470037548345,0.0160488676559102
"ENSG00000186818.13",1340.87427705628,1.6714284060479,0.553095343020348,3.02195349705993,0.00251149127767035,0.0160873530638403
"ENSG00000156265.17",195.355747163819,-0.808552807415955,0.267619567098889,-3.02127686768578,0.00251711083737812,0.0161132814891042
"ENSG00000188906.17",5889.17823114284,-2.89185279472362,0.957152259514308,-3.02130906130969,0.00251684320167055,0.0161132814891042
"ENSG00000230896.1",40.9746139672212,-1.32894072067224,0.439960906832875,-3.02058819325294,0.00252284224276679,0.0161449305073939
"ENSG00000204387.15",2657.76107276886,-1.07431466052964,0.355710518387542,-3.0201936827721,0.00252613088142727,0.0161609321662355
"ENSG00000165164.14",66.091404299654,-3.20248387584303,1.06060958236389,-3.01947477101359,0.00253213381372038,0.0161942831305435
"ENSG00000186431.19",113.78454193333,-2.42322660862283,0.802708141098437,-3.0188140428062,0.00253766241522671,0.0162245806553815
"ENSG00000168334.9",97.2337233398691,2.74933618908904,0.910883962100585,3.01831660615564,0.00254183196738874,0.0162393543665468
"ENSG00000180537.13",95.5849672240707,-3.10952706316657,1.03017902464308,-3.01843367879084,0.00254085009216545,0.0162393543665468
"ENSG00000198700.10",2763.20878053477,0.995305308592134,0.329761840453364,3.01825495401095,0.00254234917658092,0.0162393543665468
"ENSG00000212916.6",84.5317140368661,1.52579510975331,0.505600633029651,3.01778718236659,0.00254627652059766,0.0162593752034676
"ENSG00000068024.18",679.903649644185,-0.968369386316889,0.321027897063354,-3.0164649090474,0.00255740816829708,0.0163253726907731
"ENSG00000168743.13",4457.58608521217,-2.08740476721679,0.692126077128856,-3.01593139775337,0.00256191215677798,0.0163490341931452
"ENSG00000152766.6",499.188438967177,2.50651165385388,0.831199395404811,3.01553594445669,0.00256525531724113,0.0163652753654985
"ENSG00000147231.14",133.679533685903,-1.92747373320364,0.639255764135847,-3.01518397070572,0.00256823425700701,0.016379183578747
"ENSG00000292277.1",22.0214823239598,1.830504076843,0.607149254746538,3.01491612240745,0.00257050331791492,0.0163885572234228
"ENSG00000067191.17",688.416283932688,1.16224790561479,0.38554177316194,3.01458359773277,0.0025733228315271,0.0164014334279241
"ENSG00000121933.19",81.0551269443453,1.91437416289704,0.635268357989267,3.01348892766573,0.0025826246511815,0.0164556046761422
"ENSG00000136271.11",1893.23265241373,1.01074901106058,0.335810018758943,3.00988342991079,0.0026134797283425,0.01664702962098
"ENSG00000261526.4",101.726741149417,1.64985414793713,0.548418189121439,3.00838699493206,0.00262638457451438,0.0167240339490195
"ENSG00000146731.11",4991.42750449651,1.22455933997526,0.407124693126919,3.00782379612014,0.00263125651548238,0.0167451651077198
"ENSG00000173156.7",730.187198444349,2.17667580931925,0.723673538003312,3.00781456694537,0.00263133642104337,0.0167451651077198
"ENSG00000065054.14",4842.79349238412,-1.45024712848988,0.482258356887121,-3.00719958043014,0.00263666593325301,0.0167717393561913
"ENSG00000172771.13",100.685371150137,-2.814538324127,0.935956033521956,-3.00712664198128,0.0026372986765833,0.0167717393561913
"ENSG00000275210.1",11.7832547961604,-2.59023883801635,0.861388765939204,-3.00704970907313,0.00263796622238183,0.0167717393561913
"ENSG00000006652.15",299.814946921538,-1.79835236310472,0.598195206981729,-3.006296844434,0.00264450697468681,0.016805378313633
"ENSG00000163462.19",335.500479400153,2.01748632753692,0.671096860175433,3.00625207367164,0.00264489640158475,0.016805378313633
"ENSG00000257017.10",1403.81882168199,-3.3401840568794,1.11119991277929,-3.00592541311946,0.00264773936078469,0.0168182304378963
"ENSG00000134755.19",799.591228284677,1.12145330540006,0.373106609945268,3.00571813928617,0.0026495447337001,0.0168244859770167
"ENSG00000167971.16",19.4559704238118,2.2362693611488,0.744106883710937,3.00530664357827,0.00265313223135069,0.0168420505484875
"ENSG00000280670.3",68.9178321198848,1.87649483290638,0.62452454548289,3.00467747261311,0.0026586260477552,0.0168717017899018
"ENSG00000204815.10",145.323004770898,-2.4681522867014,0.821491135357077,-3.00447829620044,0.00266036738866931,0.0168775287553452
"ENSG00000169683.8",864.151057343923,1.1518270608587,0.383410024464012,3.00416522095085,0.00266310662081218,0.0168844583033806
"ENSG00000223725.7",49.174401246246,1.70286541668808,0.566834721912827,3.00416567803333,0.00266310261971955,0.0168844583033806
"ENSG00000152669.9",261.79517381939,3.25606324422564,1.08435263601261,3.0027715487453,0.0026753317737324,0.0169514841435752
"ENSG00000211899.10",10000.9657631002,3.10731765450708,1.03479171500283,3.00284357659221,0.00267469869796816,0.0169514841435752
"ENSG00000226239.2",33.6871568518025,-2.76332659059073,0.920363237437212,-3.00243042984346,0.00267833183718108,0.0169547749273112
"ENSG00000232618.2",50.3397245472832,-2.42640452890164,0.80813454438791,-3.00247594382867,0.002677931374331,0.0169547749273112
"ENSG00000254389.4",42.0806899822123,2.06496997835817,0.687744183615301,3.00252627001966,0.00267748863414255,0.0169547749273112
"ENSG00000275764.1",194.399174007458,-1.5302011042314,0.509853150997768,-3.00125850205464,0.00268866211690464,0.0170149160632756
"ENSG00000182168.16",244.209519566447,-1.2062249862291,0.401993570630967,-3.00060765732103,0.00269441487968874,0.0170460606890274
"ENSG00000112769.20",3592.85841311381,-1.16822037405291,0.389372938860992,-3.00026082313328,0.0026974851103512,0.0170549598219676
"ENSG00000147144.13",645.710795892116,1.1560196661496,0.385297620723023,3.00032910657556,0.00269688040198609,0.0170549598219676
"ENSG00000131187.11",48.1758601339095,2.28711144424868,0.762594245302283,2.99911972629966,0.00270760885300322,0.0171084166169424
"ENSG00000198963.11",60.6961792673573,-1.84794446027438,0.616159838717853,-2.99913162811733,0.00270750308186929,0.0171084166169424
"ENSG00000260943.2",99.6400679770215,-3.49526388677177,1.16585061529824,-2.99803751947897,0.00271724219057388,0.0171639968809386
"ENSG00000198142.5",555.096307495858,-1.27325426506388,0.424805368578074,-2.99726500473797,0.00272413792755683,0.0172022556410918
"ENSG00000259768.9",125.622607788496,1.14919173188397,0.38345827963807,2.99691463949778,0.00272727067733115,0.0172167358275855
"ENSG00000170956.17",62.4430845148731,-2.61092065152756,0.871247960498837,-2.99675955629516,0.0027286583862448,0.0172201943833682
"ENSG00000155957.19",475.843086278634,-1.27374280533528,0.425087536618466,-2.99642472575835,0.00273165670284638,0.0172338120108191
"ENSG00000159388.6",11461.5982083307,-1.9304696328969,0.644319306629441,-2.99613811511493,0.00273422561404486,0.0172394102061427
"ENSG00000164430.17",521.621039533259,0.945946318441528,0.315717096378484,2.99618338472086,0.00273381971268918,0.0172394102061427
"ENSG00000119632.4",649.7170579024,-0.949359922331559,0.316889684267507,-2.99586881323074,0.00273664139663676,0.0172493375950323
"ENSG00000108175.19",3535.41707294166,-0.887254169969495,0.296275983771309,-2.99468812380808,0.00274725584750074,0.0173109200667349
"ENSG00000138639.18",506.607320468069,-0.994213349687937,0.332029823492283,-2.99434954134788,0.00275030665049714,0.0173218060702582
"ENSG00000236104.3",889.927729220848,-0.926795581933782,0.309519028661501,-2.99430889900909,0.00275067306695088,0.0173218060702582
"ENSG00000172244.9",62.8880823723393,1.4386199984611,0.480604110377583,2.99335766673085,0.00275926177535074,0.0173697226838842
"ENSG00000260912.1",81.3996198702573,-1.70150692238726,0.568442543289633,-2.99327863910479,0.00275997641943497,0.0173697226838842
"ENSG00000137077.9",2253.70770326615,-2.43787244128818,0.81454324288532,-2.99293188247761,0.00276311412652611,0.0173788012424207
"ENSG00000180592.17",17.9354524872696,-1.7945189345604,0.599576317814535,-2.99297834361013,0.00276269352332422,0.0173788012424207
"ENSG00000011304.22",9260.49155698411,0.783224539292877,0.261720307198305,2.9926013295538,0.00276610824388589,0.0173922978940927
"ENSG00000124126.14",2976.21594703128,-1.22254969150274,0.408585183702958,-2.99215375462939,0.00277016705860183,0.0174071423136904
"ENSG00000151012.13",251.236076075908,2.36831922229688,0.791503591958816,2.99217747886115,0.00276995177992704,0.0174071423136904
"ENSG00000228643.2",13.6784058564547,-2.58668973792789,0.864589902440626,-2.99181118195574,0.00277327733924776,0.0174213475992451
"ENSG00000115183.15",2034.91655696798,-1.19975957128212,0.401041328765398,-2.99161080224716,0.00277509810187643,0.0174274460890886
"ENSG00000087299.12",337.848688977207,1.49260863800193,0.499069480277236,2.99078324158947,0.00278262935517796,0.0174661596586914
"ENSG00000257086.2",23.0248320035586,2.15625525430121,0.720975660730293,2.99074625087494,0.00278296642630438,0.0174661596586914
"ENSG00000054803.4",122.33360337316,-3.12759061668499,1.04674723394338,-2.98791390630432,0.002808886669617,0.017605739241068
"ENSG00000070182.21",469.276142684346,2.96924328429502,0.993796331701387,2.98777847087808,0.00281013161442455,0.017605739241068
"ENSG00000092758.18",168.420731405427,1.83142016393757,0.612900432012826,2.98812020399954,0.00280699131501038,0.017605739241068
"ENSG00000155849.16",1105.34079205812,-1.05858497337661,0.354266494904181,-2.98810355651309,0.002807144220018,0.017605739241068
"ENSG00000224397.10",604.891054323624,-1.38597405578069,0.463844267313743,-2.98801592139376,0.00280794926266229,0.017605739241068
"ENSG00000235173.7",566.469175512752,0.97653725851538,0.326846626293141,2.987753826896,0.00281035820015682,0.017605739241068
"ENSG00000105509.11",167.145697837891,-3.07087144547105,1.02826943630698,-2.98644629222868,0.00282240410239171,0.0176758013791813
"ENSG00000106086.21",553.573237341991,1.47260617338385,0.493146401005417,2.98614401399164,0.00282519559716862,0.017687881076136
"ENSG00000185652.12",25.373896807069,-2.65367852197917,0.888769894829036,-2.98578803964735,0.00282848620004843,0.017697675021603
"ENSG00000304491.1",15.6355355095507,-2.96467948543906,0.992914247814039,-2.98583638211053,0.00282803912030442,0.017697675021603
"ENSG00000053328.9",63.4823438103016,-1.63523561007964,0.548124386879789,-2.98332942160859,0.00285130922582752,0.0178302092259244
"ENSG00000139597.18",876.82353603214,-0.926133049125938,0.310437161719676,-2.98331889131957,0.00285140733768075,0.0178302092259244
"ENSG00000107281.10",2313.26974097238,-1.84316696276034,0.617854289809327,-2.98317417740865,0.00285275596527324,0.0178332037536471
"ENSG00000073861.3",140.590440435758,-1.69967335297314,0.570164039319213,-2.98102517128681,0.00287285178214585,0.0179533535328005
"ENSG00000141391.14",125.93108049703,1.47763596923368,0.495706856630005,2.98086651308233,0.00287434053957171,0.0179555754920138
"ENSG00000286388.1",169.578481310374,1.13690170103866,0.38140816313103,2.98080065121229,0.00287495875635394,0.0179555754920138
"ENSG00000110841.14",2429.91214635282,-1.03765103209311,0.348167738696953,-2.98031930234721,0.00287948065578781,0.017978340854529
"ENSG00000134258.18",50.6458193118678,2.56168640943534,0.859576638483673,2.9801722089077,0.00288086377922275,0.0179815010438914
"ENSG00000100092.24",251.811005186615,1.13069373036422,0.379456673882457,2.97977030894039,0.00288464594789712,0.0179996288848699
"ENSG00000099377.14",346.928093979258,1.28192660297527,0.43027703774089,2.9793051697712,0.00288902890133322,0.0180214933352408
"ENSG00000142765.18",1682.9929804459,1.44224562295157,0.48416627935034,2.97882294670912,0.00289357925147171,0.0180443883735328
"ENSG00000172935.10",344.830757057115,-1.29610897167832,0.43512225930716,-2.9787236666359,0.00289451688914786,0.0180447474293365
"ENSG00000125149.12",539.30075126202,0.857880961983638,0.288023445822451,2.97851086231525,0.0028965276261431,0.0180517940566681
"ENSG00000186141.10",936.807888488532,1.09323309147614,0.367089511913842,2.97811039540877,0.00290031499949393,0.0180699054237689
"ENSG00000050405.14",2805.93300820094,-0.779911430030402,0.261890090541456,-2.97801046392378,0.00290126079536938,0.0180703072139288
"ENSG00000107779.16",953.420920529479,-1.05207185989116,0.353360737589033,-2.97733094816762,0.00290769950275257,0.0181049105995866
"ENSG00000089169.15",11.2604060889748,-2.94965701030576,0.990784363576694,-2.97709281528991,0.00290995899970062,0.0181134788493812
"ENSG00000073712.15",2645.27688599965,-1.13529091676707,0.38138182147111,-2.97678298453736,0.00291290119274781,0.0181262901535967
"ENSG00000225698.4",173.959390247757,2.42144705171437,0.813528900604045,2.97647330035411,0.00291584470686069,0.0181391019021455
"ENSG00000218175.2",140.143219100547,-1.01830393220521,0.342172368018151,-2.97599697515959,0.00292037742471194,0.0181617891162553
"ENSG00000242474.4",147.507848945915,1.31353062608116,0.441447072470961,2.97551101365059,0.00292500846824691,0.0181850738729335
"ENSG00000140832.11",291.465104031524,1.89351023989397,0.636485586216359,2.97494598605147,0.00293040141000414,0.0182130798759396
"ENSG00000100197.23",193.656450466346,2.02173787794033,0.679640746183359,2.9747155233022,0.00293260368055395,0.0182212442018419
"ENSG00000150961.15",2239.86237769268,1.25813327109552,0.423066852441247,2.97384033713735,0.00294098060568947,0.0182677571460336
"ENSG00000163013.12",336.059007363586,1.55913874804378,0.524377473923447,2.9733137397725,0.00294603149727412,0.0182919230569359
"ENSG00000171453.20",609.985057403658,1.26227707352662,0.424544724877432,2.97324875227467,0.0029466553773439,0.0182919230569359
"ENSG00000132680.11",1993.02879724972,1.61637196586628,0.543712223188333,2.97284463532539,0.00295053760719881,0.0183104791458851
"ENSG00000168439.17",3799.66688065812,1.15889563348452,0.389876132812069,2.97247134654211,0.00295412782642103,0.0183272123912063
"ENSG00000124767.7",3791.48957149159,0.676755407256217,0.227723357424887,2.9718313259958,0.00296029269782699,0.0183599036528266
"ENSG00000119414.12",1811.0845472338,-0.685775491790251,0.230782835507837,-2.97151861524365,0.00296330908936644,0.0183730539970879
"ENSG00000111432.5",51.2894067653613,-1.97918763004055,0.666123485613296,-2.9712022962504,0.00296636313875283,0.0183864298056191
"ENSG00000258343.3",48.5149161688249,3.04372974226003,1.02456074590859,2.9707655250454,0.00297058487092236,0.0184070329989097
"ENSG00000073150.14",358.528658582482,1.4985835523074,0.504520926408019,2.97030999878774,0.00297499372486332,0.018428782880543
"ENSG00000186510.12",52.4074127135545,2.87083239434696,0.966744336668394,2.96958801355946,0.00298199375844773,0.018466565999158
"ENSG00000186469.9",865.37022257063,-1.16818036844698,0.393423847848183,-2.96926679670361,0.00298511295540199,0.018480300735979
"ENSG00000164258.12",760.430719204575,-0.783881588995054,0.264023866477571,-2.9689800374984,0.002987900063679,0.0184919719002941
"ENSG00000158714.11",391.519604377148,1.62879146972806,0.548643439758559,2.96876140621464,0.00299002660880552,0.0184995490606362
"ENSG00000198523.6",422.607658556668,-2.42190182981417,0.815930336776681,-2.96827035428276,0.0029948079225466,0.0185235419740258
"ENSG00000188257.12",615.827565605665,-3.61815007576614,1.21922123305009,-2.9675910964204,0.00300143327271135,0.018558922745378
"ENSG00000176731.12",477.677790829914,0.936850657237348,0.315730350619484,2.96724928534487,0.00300477228674672,0.0185739677321238
"ENSG00000227191.8",132.061999978945,-1.54011671284967,0.519124207259868,-2.96675957566877,0.00300956196767785,0.0185979682294354
"ENSG00000181649.9",549.65961701496,2.57403533616071,0.867660835451214,2.96663768950932,0.00301075517600654,0.0185997361038982
"ENSG00000074695.6",5411.02681797988,0.989621340927431,0.333611125559523,2.96639190095255,0.00301316264333252,0.0186090020599066
"ENSG00000251369.10",313.389379365348,0.97091339529205,0.327323947945947,2.96621558362843,0.00301489073041013,0.0186140679121738
"ENSG00000007264.15",307.646569200046,-1.46836972872099,0.495125612868436,-2.96565091879252,0.00302043109921585,0.0186370506344634
"ENSG00000151806.14",770.472493599331,0.838151774164423,0.282611895516344,2.96573423646264,0.00301961302067389,0.0186370506344634
"ENSG00000170468.8",404.704250802996,1.39201201247184,0.469543485883094,2.96460722877204,0.00303069601245177,0.0186947626472055
"ENSG00000261338.2",85.6293122564295,-1.64524067121677,0.555174357971037,-2.96346660755286,0.00304195064656897,0.0187585431751128
"ENSG00000146700.9",99.2055834716367,2.49779179016907,0.843050297424772,2.96280280998531,0.00304851794384197,0.0187933890320312
"ENSG00000273066.5",33.0246958716481,-1.88856776281769,0.637459726165456,-2.9626463999194,0.00305006727185816,0.018797288651091
"ENSG00000100823.12",3625.39369704143,0.70950481419244,0.239534470415777,2.96201550015287,0.00305632397535745,0.0188252320323575
"ENSG00000108829.10",3035.3202370914,1.24594860546877,0.420643788714062,2.96200404926392,0.00305643764317783,0.0188252320323575
"ENSG00000006534.17",2607.19597143297,-1.3389241523319,0.452125172187667,-2.96140147617382,0.00306242455729497,0.018856442379212
"ENSG00000171603.18",7140.34971300909,1.44363206074285,0.48759784228114,2.96070231564001,0.00306938452628171,0.0188936236346083
"ENSG00000272758.8",37.1508919581656,-1.27233728786929,0.429766989981424,-2.96052818743543,0.00307112017138055,0.0188986338517367
"ENSG00000160193.12",265.200198723505,0.906070254310284,0.306065603503035,2.96037922569531,0.00307260567681674,0.0189021022494601
"ENSG00000108219.17",3538.91857741759,-0.75363982363298,0.254630460271974,-2.95973947039961,0.00307899302291172,0.0189300368641025
"ENSG00000257829.1",20.6094300498534,3.14531343395313,1.06266671076479,2.95983058666576,0.0030780825751153,0.0189300368641025
"ENSG00000131398.15",604.829518712105,1.48468225170731,0.50167622882898,2.95944309574498,0.00308195614292988,0.0189425745667369
"ENSG00000109743.11",329.876637685387,-1.23618759069304,0.417742190897207,-2.95921172826238,0.00308427113573414,0.0189511223755148
"ENSG00000163159.15",1183.76136974659,1.00730258058019,0.340527173454817,2.95806813406579,0.00309573689724359,0.0190158745779157
"ENSG00000196912.13",101.396450019835,1.04908424140317,0.35469958609008,2.95766976490562,0.00309974009488026,0.0190347621759284
"ENSG00000261437.2",80.5475304307033,1.67603480611442,0.566735037109311,2.95735166589171,0.00310294004929081,0.0190487074163649
"ENSG00000139714.12",104.926113851644,-1.92390925937491,0.650908043881361,-2.9557312702769,0.00311928740858264,0.0191433310462671
"ENSG00000226530.5",10.2564408601229,-2.82315712924543,0.956072290669305,-2.95286994173741,0.0031483457786639,0.0193158832572485
"ENSG00000214253.9",2262.05080035596,-1.03530981037565,0.350648958519694,-2.95255350178805,0.00315157450880183,0.0193299083842276
"ENSG00000289424.3",31.2093466315914,-2.03271065553817,0.688602843305644,-2.95193474046683,0.00315789663582423,0.0193628925301854
"ENSG00000089101.19",70.6567450624317,-3.04355540131238,1.03119987129741,-2.95146991968017,0.00316265349360593,0.0193862622519868
"ENSG00000161547.17",4075.47928271167,0.543113173391941,0.184033405953849,2.95116623298348,0.00316576487264901,0.0193995346529573
"ENSG00000185499.17",15728.8714877182,1.72632762181641,0.585045592192741,2.95075741934259,0.00316995772082138,0.0194194242927164
"ENSG00000164056.11",2860.34887096149,-1.69020594698742,0.573026838102518,-2.94961044509582,0.00318174827970787,0.0194858323557737
"ENSG00000136010.14",564.765764503798,1.68411951578571,0.571007334150991,2.94938333548687,0.00318408763522341,0.0194943364803287
"ENSG00000143324.14",2177.17955187074,1.46771789464599,0.497677683560989,2.94913343138907,0.00318666359809953,0.0195042837060994
"ENSG00000136960.13",3783.08796540758,-1.87613450772233,0.636361739660894,-2.94822015654506,0.00319609361950329,0.0195503292286084
"ENSG00000180423.4",88.3715614516163,1.02009763592561,0.346001407525153,2.948247069924,0.00319581536206314,0.0195503292286084
"ENSG00000166126.11",256.086155496642,0.94695648108142,0.321272866218711,2.94751465390409,0.0032033956919314,0.0195891515858519
"ENSG00000064961.19",2858.22148204247,0.799911472811364,0.271422831842866,2.94710458726056,0.0032076469348563,0.0196093001646672
"ENSG00000063127.16",102.936642865691,-1.70483324981427,0.578528104962295,-2.94684603079981,0.00321033008362812,0.0196198533635502
"ENSG00000106080.11",779.892922900671,1.20263490646296,0.40812233667475,2.94675100672422,0.00321131670214881,0.0196200350598508
"ENSG00000198203.10",701.251637007126,2.42704821213021,0.823862043409903,2.94594007764315,0.00321974768567396,0.0196656855963833
"ENSG00000132793.12",1063.24903855707,1.4172496605365,0.481146143842219,2.9455700283057,0.0032236016742905,0.0196833617420049
"ENSG00000213280.2",10.5158559558289,-2.52691376721053,0.857926294252535,-2.94537396060589,0.00322564538275307,0.0196899770550667
"ENSG00000125844.17",10260.1227777797,0.8828145913475,0.299789306464274,2.94478346062255,0.00323180758400877,0.0197035266180549
"ENSG00000211679.2",5281.56153798919,3.16768195680384,1.0757169474635,2.94471697622048,0.0032325020577613,0.0197035266180549
"ENSG00000232629.9",1622.13932660879,2.28644457307804,0.776394573385711,2.944951769958,0.00323005008885121,0.0197035266180549
"ENSG00000272183.1",22.2702317536128,2.55451926229299,0.867497019213635,2.94470091045223,0.0032326698957831,0.0197035266180549
"ENSG00000294192.1",380.262185345394,3.48211925798403,1.18236284772938,2.94505131370722,0.00322901105753961,0.0197035266180549
"ENSG00000170271.11",1378.18251698986,-1.80174132548493,0.612072528616017,-2.94367291660503,0.00324342580345921,0.019763210304347
"ENSG00000310523.1",259.787435179766,1.43156420456132,0.486490524511858,2.94263532881291,0.00325431514818999,0.0198236713602162
"ENSG00000259275.6",51.9556564914834,-2.01468235866642,0.684861690537005,-2.94173610015577,0.00326377936338124,0.0198754178992483
"ENSG00000161970.15",642.286407781363,-1.40325257707614,0.477147964984941,-2.94091703214207,0.00327242171740435,0.019922130312844
"ENSG00000148175.13",9988.34286396245,-1.10808783076557,0.376816922537143,-2.94065304526324,0.00327521160065174,0.0199331963964866
"ENSG00000133030.22",6666.16901212012,-0.95943985217276,0.326326616213729,-2.94012135235812,0.00328083724996329,0.0199615094876105
"ENSG00000122678.17",1023.69429186434,1.1183797093291,0.38056270682707,2.93875277126746,0.00329535822132444,0.0200379670729645
"ENSG00000204950.4",270.717498791087,-3.41428946439029,1.16178791982615,-2.93882334815565,0.00329460795441225,0.0200379670729645
"ENSG00000254910.2",51.436834629259,-1.50276211199779,0.511382215635318,-2.93862802821726,0.00329668468172657,0.0200400897462561
"ENSG00000249096.8",119.679557957976,2.75550730065729,0.937775142069086,2.93834542743114,0.00329969152806064,0.0200524229672067
"ENSG00000269392.2",11.1757226619741,2.63946710345711,0.898405600988553,2.93794595731904,0.00330394611462409,0.0200723292249637
"ENSG00000260604.4",30.4599693210974,3.63665636729907,1.23822728555386,2.93698613310108,0.00331418922906739,0.0201285947727481
"ENSG00000198538.11",502.701949066015,1.07146489647876,0.364844292404527,2.9367730804207,0.00331646681757307,0.0201364630226586
"ENSG00000086548.9",29387.1967351059,3.45010535224951,1.17593670120684,2.93392097441023,0.00334709415819856,0.020307345847477
"ENSG00000100813.15",5377.78974381161,0.811410610972955,0.276566116987627,2.93387570325275,0.00334758237243817,0.020307345847477
"ENSG00000126778.12",792.813634268252,3.19291874594667,1.08825433309344,2.93398211139723,0.0033464349462301,0.020307345847477
"ENSG00000185252.19",411.121710801504,1.02432198742923,0.349156354920776,2.93370569658297,0.00334941634129253,0.0203124615977113
"ENSG00000121690.11",65.6963590625093,1.58608226297425,0.540756728071931,2.93307911050766,0.00335618362262677,0.0203415375324026
"ENSG00000273270.2",155.816264683673,-0.977411805680505,0.333237569926485,-2.93307806168473,0.0033561949605988,0.0203415375324026
"ENSG00000203697.12",3334.61967087847,2.58480606785404,0.881409063271514,2.93258394491662,0.00336154033580526,0.0203679146115104
"ENSG00000084676.16",1555.39529584255,-1.04834691757036,0.357537269013805,-2.93213325833701,0.00336642264049019,0.0203854488542856
"ENSG00000256967.2",88.0157364129857,1.95102006057294,0.665384767829288,2.93216820537963,0.0033660438270593,0.0203854488542856
"ENSG00000162706.13",174.878326191739,-2.00405173151187,0.683694282606333,-2.93121031211809,0.00337644110813071,0.0204400792681169
"ENSG00000187824.9",211.530234319322,-1.6901826316512,0.576684475594606,-2.93086202798939,0.00338022873921168,0.020447233712619
"ENSG00000237943.8",103.734637339125,-1.87438882876541,0.639542732233031,-2.93082656450615,0.00338061462572076,0.020447233712619
"ENSG00000288852.2",54.1727279927874,1.75363903904417,0.598315613988727,2.93095984467691,0.00337916458067176,0.020447233712619
"ENSG00000110719.11",7403.46751633373,1.38890532670189,0.47394113840168,2.93054393080506,0.00338369146351383,0.0204598082476814
"ENSG00000171051.10",1311.43907750957,-1.54998662732604,0.528974706057337,-2.93017153670487,0.00338774935365921,0.0204783056448787
"ENSG00000226284.1",15.991001966042,-2.40063340246737,0.819383269651456,-2.92980524668088,0.00339174505107806,0.0204964163063085
"ENSG00000163060.8",32.46492013068,-3.85198384119208,1.31487985479168,-2.92953293576952,0.00339471835167753,0.0205071783406889
"ENSG00000180953.11",52.9887312722971,1.79799531564275,0.613763608770194,2.9294589805437,0.00339552626154111,0.0205071783406889
"ENSG00000224738.3",31.9090200614349,-1.77883036510864,0.607266712706008,-2.92924069093478,0.0033979119460637,0.0205155437403092
"ENSG00000204136.12",540.481201790376,-1.22543975396315,0.418380101132382,-2.92901060697292,0.00340042818279376,0.0205246922166627
"ENSG00000006432.16",512.604880582074,1.24966539255643,0.426763414676173,2.92823927633224,0.00340887596493925,0.0205696270703692
"ENSG00000109971.14",26779.2719912761,1.10201809559349,0.376354455558441,2.92813883114069,0.00340997746760163,0.020570220063461
"ENSG00000188985.6",94.0320733526748,1.1575406302033,0.395361739761657,2.92780133682415,0.0034136808736405,0.0205865037156249
"ENSG00000167447.13",473.139632434092,1.0037830856365,0.342934965025434,2.92703628386816,0.00342208954469084,0.0206311449645225
"ENSG00000128872.10",663.371205716943,-0.978850708993941,0.334470917819423,-2.92656448391848,0.00342728447668722,0.0206563906261007
"ENSG00000112541.19",207.976979075205,-1.46439577384752,0.500463713277455,-2.92607782541801,0.00343265053499397,0.0206826525329169
"ENSG00000189227.6",82.3077891326703,-1.03400509565887,0.353418193897558,-2.92572684008052,0.00343652536156069,0.0206999165726911
"ENSG00000184903.10",182.857243725683,-0.963882347056102,0.32950445829722,-2.92524827141082,0.00344181510481754,0.0207256907222258
"ENSG00000181826.10",617.706436587971,-1.08484363620512,0.37089077061926,-2.92496800174834,0.00344491643802743,0.0207382755858234
"ENSG00000072422.17",741.424789875381,-0.881698226093508,0.301490208519827,-2.92446720051781,0.00345046440461505,0.0207577388214934
"ENSG00000100941.9",3925.33889161553,1.03833535535607,0.355036867015197,2.92458460465072,0.00344916305110469,0.0207577388214934
"ENSG00000164684.13",1216.82339768045,-1.5010603868831,0.513287967186738,-2.92440205662761,0.00345118667784194,0.0207577388214934
"ENSG00000196812.6",128.723812429332,1.01709108198045,0.347825584946861,2.92414108104161,0.00345408158611921,0.0207690583113748
"ENSG00000145050.19",1360.84807942831,0.965056841065846,0.330124538112539,2.9233114465937,0.0034632991097105,0.0208183772927306
"ENSG00000165899.12",13.1102847838355,-1.79814572615344,0.615216150405295,-2.92278693426505,0.00346913816712447,0.0208473648823916
"ENSG00000101189.7",774.618965447265,1.30500584660043,0.446532165609036,2.92253491933889,0.00347194687216466,0.0208581302862186
"ENSG00000151025.11",38.5235443482289,3.14660501156537,1.07673121930423,2.92236814086124,0.00347380675526024,0.020863190893338
"ENSG00000185100.12",271.87957993722,1.08530213079109,0.371508065877391,2.92134203931193,0.00348526961694764,0.0209259057762502
"ENSG00000156876.10",167.470508438905,1.38181825281761,0.473075324736903,2.92092650062883,0.00348992149816213,0.0209477021072355
"ENSG00000180304.14",2851.9419071987,-0.751282535166855,0.257233791394909,-2.92062147470149,0.00349333980418599,0.0209620835074714
"ENSG00000166986.15",2450.64781015548,0.966040507318312,0.330831818312936,2.92003505661759,0.00349992012272642,0.0209954248672857
"ENSG00000072182.14",19.0512094386505,-2.06368306651408,0.706810465197809,-2.91971209840043,0.00350354891825149,0.0210085048469638
"ENSG00000107372.13",5880.92656648564,-1.02612224596697,0.351452812656394,-2.91965865406285,0.00350414975500468,0.0210085048469638
"ENSG00000188460.4",13.9467887147467,2.78671753359975,0.954555233016216,2.91938846199004,0.00350718876819479,0.021020578340563
"ENSG00000161249.21",1376.85591907609,1.00146889053226,0.343057166952022,2.91924783099583,0.00350877147861138,0.0210239188771034
"ENSG00000149970.16",66.1788951503351,-2.00935065942188,0.688472493786207,-2.91856345396109,0.00351648297848963,0.0210578174623106
"ENSG00000182534.14",4422.42069216472,-1.2324569854751,0.422278070939862,-2.91859101925901,0.00351617207733115,0.0210578174623106
"ENSG00000188626.7",46.9852468789332,-1.92942883312883,0.661188502565544,-2.91812217792999,0.00352146341187865,0.0210773843888209
"ENSG00000289154.2",27.2356466414368,1.91762871746262,0.657151605943932,2.91809180730547,0.00352180642392218,0.0210773843888209
"ENSG00000175970.12",929.99446992851,-1.06067607247158,0.3635427402716,-2.91761037967409,0.00352724782805227,0.0211037903315973
"ENSG00000151746.15",530.17132972759,0.915097283333348,0.313677425415952,2.91731954290266,0.00353053875726541,0.0211173181677275
"ENSG00000263535.2",36.8822089068583,1.93392828400703,0.663110110732739,2.9164512087895,0.00354038091824725,0.0211700117666205
"ENSG00000184349.14",530.408771708985,1.96639263540704,0.674282388736905,2.91627464731887,0.00354238521125558,0.0211758210995873
"ENSG00000106460.20",2734.66866018307,1.39592027749998,0.478761458100569,2.91569058845742,0.00354902269679528,0.0212093154692773
"ENSG00000177628.16",1794.90804358017,1.52595965226758,0.523574948203571,2.91450088951595,0.0035625779351836,0.0212779195988944
"ENSG00000224043.10",71.3191623570729,-1.18045995275605,0.405019613596049,-2.91457478386069,0.0035617346250134,0.0212779195988944
"ENSG00000167088.11",1059.16888747221,0.780082333564556,0.267666291789209,2.91438390822436,0.0035639133412625,0.021279696898441
"ENSG00000138593.9",2542.96796327841,-1.56727579094071,0.537826455423295,-2.91409203682104,0.00356724720028749,0.0212934022109737
"ENSG00000140848.17",1768.87982448964,-1.26933970596838,0.435682671719421,-2.91345005978532,0.00357459007523491,0.0213282923420051
"ENSG00000142549.10",23.2574190798338,2.62440961681465,0.900806741495005,2.91339917423253,0.00357517268725475,0.0213282923420051
"ENSG00000269893.11",804.833985353943,-1.19806539500694,0.411250330521559,-2.9132265826693,0.00357714941058417,0.0213338776947696
"ENSG00000255910.3",75.557788192801,1.94720582537056,0.668446365222431,2.91303225909922,0.0035793762244508,0.0213409508886709
"ENSG00000134202.12",705.02429734697,-1.57381530686897,0.540287228721221,-2.91292339186687,0.00358062431875718,0.0213421863464527
"ENSG00000105559.13",663.622360572495,-1.40138813290014,0.481268447066342,-2.91186372479341,0.0035927934307112,0.0214084965136014
"ENSG00000163041.13",9012.06476363854,0.782860980237243,0.268890604007173,2.91144788464367,0.00359757916691494,0.0214307853685136
"ENSG00000129535.13",58.1339364871354,-1.12396950293523,0.386139341109655,-2.9107873331561,0.00360519310853249,0.0214649209959656
"ENSG00000205560.14",48.1362030251988,2.23013766701369,0.766167831882618,2.91076912160854,0.00360540323400827,0.0214649209959656
"ENSG00000178449.9",697.955855507239,-0.865758522333645,0.297532157064852,-2.90979815719529,0.00361662239733983,0.0215254646255605
"ENSG00000260220.7",180.4278899096,-3.25654433842009,1.11947065113601,-2.90900376451625,0.00362582493947657,0.0215739740449877
"ENSG00000128923.11",954.098328730668,-1.2200467113673,0.419466986253477,-2.90856432413026,0.00363092472490775,0.0215854843875795
"ENSG00000211454.16",77.7409239311196,3.34301633664121,1.14941909670042,2.90843987735878,0.00363237013705416,0.0215854843875795
"ENSG00000250786.5",638.426080584289,1.80253566009891,0.619791614717956,2.90829307350209,0.00363407589279772,0.0215854843875795
"ENSG00000262691.1",42.929051048069,1.65893852125853,0.570401926479676,2.90836766891186,0.00363320905651406,0.0215854843875795
"ENSG00000271119.2",44.0461759401671,2.70004356122256,0.928347301281511,2.9084412239852,0.00363235449358967,0.0215854843875795
"ENSG00000279806.1",26.065080738599,3.07705347357215,1.05794218215671,2.90852706836899,0.00363135738460096,0.0215854843875795
"ENSG00000040275.17",296.559023584962,1.01676948612828,0.349623891231676,2.90818079550097,0.00363538097439624,0.0215869827683234
"ENSG00000295911.1",128.841781638889,2.05558262867551,0.706867730430557,2.90801594157289,0.00363729795317256,0.0215921126901709
"ENSG00000135749.20",480.839289710751,1.21470391922372,0.417816623276344,2.90726565568052,0.00364603415602486,0.0216314480136382
"ENSG00000282012.3",45.4507534090344,-2.85731686134824,0.982801088963269,-2.90731959237281,0.00364540549027247,0.0216314480136382
"ENSG00000176894.10",42.9430610606732,-1.03758157090079,0.35691709424238,-2.90706605998585,0.00364836142575553,0.0216389941202463
"ENSG00000273004.2",28.1363642474999,1.5718236159649,0.540793592413379,2.90651301719456,0.00365481691884575,0.021671013910935
"ENSG00000107242.20",450.211994924132,-2.32224374602277,0.799060403866592,-2.90621802154832,0.00365826455562905,0.0216838212721891
"ENSG00000118162.14",201.63062290557,0.831449821498723,0.286100374970882,2.90614726241916,0.00365909196263043,0.0216838212721891
"ENSG00000135424.19",570.179733396192,-1.63150990561203,0.561635888939318,-2.90492459214675,0.00367341590018074,0.0217624153762803
"ENSG00000280047.1",28.2567065149998,-1.33864708689067,0.461063509942055,-2.90338978909633,0.00369146872602473,0.0218630487459304
"ENSG00000128228.5",1015.22555000194,1.02902519428478,0.354475738114582,2.90294957775688,0.00369666149216647,0.0218874811537341
"ENSG00000161654.10",590.979905688915,1.24187508229112,0.427939985858404,2.90198421117401,0.00370807228681916,0.021943204326065
"ENSG00000211653.2",1889.43603134742,2.87823751517268,0.991821150977343,2.90197230855226,0.00370821317741977,0.021943204326065
"ENSG00000247095.6",187.316307192266,1.71400901943385,0.590658257629802,2.90186245141452,0.00370951377935557,0.0219445673779304
"ENSG00000114200.10",316.383874453941,-2.6888030786769,0.926668270077997,-2.90158103552049,0.00371284736254595,0.021947251959135
"ENSG00000237039.1",31.7622279818383,-2.20171716379619,0.758806442057618,-2.90155307304179,0.00371317874786576,0.021947251959135
"ENSG00000287051.1",19.5944531803486,2.58970633558913,0.89249481731979,2.90164859821389,0.00371204678322812,0.021947251959135
"ENSG00000065600.13",344.147707362107,1.09536857276318,0.377533753983402,2.90137917790349,0.00371524019511061,0.0219516769897995
"ENSG00000106236.4",118.457931519999,2.14866159338602,0.740631568813303,2.90112072434175,0.00371830596603012,0.0219516769897995
"ENSG00000162571.14",102.340073924721,-2.50763447558705,0.864340129970753,-2.90121259980362,0.00371721587780427,0.0219516769897995
"ENSG00000251396.10",59.6870369097037,2.57106357965893,0.886201553286047,2.90121764075609,0.00371715607608654,0.0219516769897995
"ENSG00000290823.2",552.570819013526,1.44201856053208,0.497069757384557,2.90103861502173,0.00371928042638332,0.0219516769897995
"ENSG00000118520.16",14.9294243016025,-2.17351913307008,0.749259627761585,-2.9008891611623,0.00372105471688712,0.0219558290403031
"ENSG00000261770.1",23.5671059350026,1.79846085559965,0.620031346207103,2.90059666596102,0.00372452939626416,0.021970008843786
"ENSG00000273032.4",118.780546212611,2.71733356787108,0.936849461375716,2.90050182009051,0.00372565674525753,0.0219703381952144
"ENSG00000247626.5",238.123472528343,1.54331021059741,0.532100878764941,2.90040906186734,0.00372675958024371,0.0219705228387915
"ENSG00000183648.11",626.566615714505,-1.19112455490839,0.41081115652098,-2.89944548973699,0.00373823339176472,0.0220318302571842
"ENSG00000147955.18",1211.5152016307,0.767081113992492,0.264578602324139,2.89925605190373,0.00374049291114323,0.0220388122557704
"ENSG00000261172.2",150.92987419176,2.23981541788671,0.77324095481032,2.89665906074019,0.00377159392866282,0.0222156742066368
"ENSG00000012211.13",437.357672264486,1.35357951112161,0.467425243815847,2.89582030288222,0.00378168881279119,0.0222647820935502
"ENSG00000090621.15",5279.48143055083,1.40605183974608,0.485551026506272,2.89578594831355,0.00378210281076059,0.0222647820935502
"ENSG00000171617.16",1679.53285064039,1.07476664872748,0.371174641261977,2.89558210408266,0.00378456013192356,0.0222719355558068
"ENSG00000228060.4",24.1817734228569,2.19985062943315,0.759746799233272,2.89550496514524,0.0037854904122116,0.0222719355558068
"ENSG00000287238.3",42.0869069331348,-1.49557615069572,0.516571945171418,-2.89519429902339,0.00378923908818303,0.0222875956007185
"ENSG00000179934.7",21.5049196355444,2.348714558252,0.811286764082947,2.89504853552851,0.00379099911677378,0.0222915531661398
"ENSG00000121361.5",399.111421968132,-1.83360444652333,0.633509410701514,-2.89436023451159,0.00379932008250491,0.0223276752570022
"ENSG00000157593.20",1796.23100237352,1.31389099096349,0.453940608313724,2.8944116628919,0.00379869778450131,0.0223276752570022
"ENSG00000046604.15",2815.2123886802,1.93326323213394,0.668134069726631,2.89352589507214,0.00380942877757409,0.0223806669499654
"ENSG00000278291.1",16.7093831476801,-2.0210062208194,0.698516782222991,-2.89328226930734,0.00381238510679669,0.0223916196590545
"ENSG00000108439.11",453.97851000953,1.15517442614663,0.399348528968943,2.89264725509096,0.00382010062460113,0.0224305106548744
"ENSG00000203650.10",21.8401769367996,2.18428705096758,0.755217116095172,2.89226370061814,0.00382476773909263,0.0224514851767407
"ENSG00000118507.19",243.213494725111,-1.41144065027801,0.488027298183384,-2.89213463167309,0.0038263394226329,0.0224542826335618
"ENSG00000100321.15",277.787855632346,-1.6407283677135,0.567467259698249,-2.89131811513841,0.00383629582009351,0.0225062688112152
"ENSG00000070731.11",174.63077220262,-2.02333171043388,0.699936161429467,-2.89073750140537,0.00384338999180415,0.0225414383272175
"ENSG00000197774.14",1008.05569394419,1.6319850810743,0.564617837179725,2.89042423672992,0.00384722253360564,0.0225574637772519
"ENSG00000144843.12",731.328964478195,-0.934265995479515,0.323264391159476,-2.89009869639064,0.00385120893688826,0.0225743819445274
"ENSG00000138036.18",602.232872356371,-1.01586907783406,0.351609927636389,-2.88919338729425,0.00386231463370228,0.0226330092167567
"ENSG00000291186.2",148.272640802382,1.30085725115564,0.45028074208268,2.88899153256876,0.00386479480913509,0.0226410722190017
"ENSG00000063978.17",1663.6962411434,0.631788787040375,0.218705109523238,2.88877012712519,0.00386751686668039,0.0226505472249114
"ENSG00000227946.4",70.5236408771616,-1.7429169621666,0.603375110256384,-2.8886126267721,0.00386945430649723,0.0226554229298741
"ENSG00000179832.18",2628.8612388254,1.23443052927854,0.42739315129969,2.88827868561925,0.00387356509276174,0.0226730170316834
"ENSG00000136628.18",3410.89928918679,1.01431996574236,0.351262565654448,2.88764037196093,0.003881433718619,0.0227125904584943
"ENSG00000168004.10",53.9676427139513,-2.22870265671856,0.772139890670846,-2.88639750859424,0.00389679642796599,0.0227959811580641
"ENSG00000082212.13",1553.08158117176,1.01691679817886,0.352357665458746,2.88603569005631,0.00390127914062731,0.0228156952365722
"ENSG00000073605.19",880.014106398316,1.83603544188084,0.636209417136836,2.88589793301651,0.00390298709774243,0.0228191752073313
"ENSG00000244575.3",269.301529883924,2.99662421352876,1.03841907369292,2.88575613588443,0.00390474585456022,0.0228229501145675
"ENSG00000269416.8",20.8682763391292,2.30520731159833,0.798908888526881,2.88544456658748,0.0039086128806488,0.0228390420361422
"ENSG00000139263.12",2186.38991700187,1.89932689964663,0.658288988176095,2.8852478679752,0.00391105598604323,0.0228468068198947
"ENSG00000104213.13",422.144801640203,1.28525913579483,0.445481170436208,2.88510316729285,0.0039128541338146,0.0228508006720976
"ENSG00000269867.1",68.4778780497371,1.34087442502037,0.464787527581188,2.88491911992229,0.00391514231482087,0.0228576531956399
"ENSG00000149021.7",6333.83984599475,-5.45517500585291,1.89157734392747,-2.88392913108505,0.00392747127949886,0.022923105925091
"ENSG00000112137.19",736.586442750085,-0.844589964779454,0.292905667539231,-2.88348795663481,0.00393297685661569,0.02294870730451
"ENSG00000120694.20",4837.39935745133,1.87252128893792,0.649478703612013,2.88311422456822,0.00393764627836495,0.0229694165836685
"ENSG00000273154.3",24.1029007177598,2.19188035140652,0.76028215115211,2.88298278222764,0.00393928971999348,0.0229724676958892
"ENSG00000043143.22",1710.12922293296,-0.838906950008154,0.291053623465681,-2.88231062035574,0.00394770359369924,0.0230084464142152
"ENSG00000100105.18",1572.39468336954,1.13975389664659,0.395421031426891,2.88238056669305,0.00394682727117133,0.0230084464142152
"ENSG00000174132.10",371.155083911373,-1.11602172287361,0.387239382100828,-2.8819943798563,0.00395166781784087,0.0230119275595028
"ENSG00000198759.12",688.467475536702,-1.45723270870872,0.505630733418663,-2.88200976007947,0.00395147493587324,0.0230119275595028
"ENSG00000261512.3",193.100019637276,0.950541797499525,0.329816324967903,2.88203380348753,0.00395117342682777,0.0230119275595028
"ENSG00000213699.9",1159.03083466784,0.764277048332257,0.2652079538532,2.88180289176133,0.00395406996845269,0.023019378373979
"ENSG00000197301.7",19.728277962894,3.28159969023283,1.13882992151316,2.88155380205727,0.00395719669525582,0.0230310420208701
"ENSG00000180182.11",1572.06444759866,0.804293989513427,0.279157471849658,2.88114799215041,0.00396229547906034,0.0230541732413886
"ENSG00000185475.11",944.998692098432,0.896325397983929,0.311145293304439,2.88072941250287,0.00396756095735633,0.0230782609559246
"ENSG00000092841.19",17074.8772136636,-0.868767201229991,0.301626452061761,-2.88027523876488,0.00397328137429277,0.023101130400631
"ENSG00000289326.3",36.978965420849,2.38691106002822,0.828719968699736,2.88023837988759,0.00397374594825524,0.023101130400631
"ENSG00000233276.9",3801.92157195119,0.928438672814795,0.322369055229052,2.88004899277666,0.00397613378530863,0.0231084600719864
"ENSG00000115761.17",649.46313564733,0.632349079633885,0.219642357444914,2.87899422948271,0.00398945633793939,0.0231778534592469
"ENSG00000212864.4",260.487038511319,1.82024244915562,0.632264673482395,2.87892480079595,0.00399033470108962,0.0231778534592469
"ENSG00000121957.15",506.610971354254,1.24293621543183,0.431779371343875,2.87863732712219,0.00399397348578814,0.0231924192445766
"ENSG00000244682.8",749.95931046215,1.93096659121683,0.671121681365054,2.87722278214775,0.004011922437995,0.0232900503025621
"ENSG00000184602.6",1397.88716896167,-0.912377607813706,0.317140231491636,-2.87689014894904,0.00401615379228708,0.0233052097493946
"ENSG00000188157.16",18043.7084518759,1.91133920186968,0.664388698052998,2.87683882563158,0.00401680702567111,0.0233052097493946
"ENSG00000104903.5",424.394570870808,-1.14083689903997,0.396571719593502,-2.87674799456038,0.00401796334261855,0.0233053240104811
"ENSG00000227036.11",160.746151927568,2.45886022089377,0.854820217359567,2.87646474774413,0.00402157113199675,0.0233081762124879
"ENSG00000267519.7",1261.42824380328,-1.91807637714284,0.666822625088667,-2.87644165776138,0.00402186536479624,0.0233081762124879
"ENSG00000289858.1",67.891414247439,1.53972551650084,0.535278975301919,2.87649167545273,0.00402122802021385,0.0233081762124879
"ENSG00000170608.3",81.0464985733364,3.04007420881733,1.05696638675375,2.87622600578081,0.00402461433511709,0.023317516905126
"ENSG00000111799.22",5532.5451798015,1.82215417437527,0.63388591990884,2.87457745494223,0.00404568525354461,0.0234329747001917
"ENSG00000166224.19",1895.92375999788,1.07465738098751,0.37392162706184,2.87401771711316,0.00405286227133585,0.0234679152814093
"ENSG00000092201.10",3479.29629167264,0.83254468250728,0.289746003016612,2.87336037025349,0.00406130559678877,0.0235101665602928
"ENSG00000271553.1",18.7632285444898,-2.04685443666904,0.712408238196269,-2.87314818516336,0.00406403442570615,0.0235193231342588
"ENSG00000128346.11",67.7235792176515,-1.41416351590258,0.492277183042398,-2.8726976683394,0.00406983386395154,0.0235462397140131
"ENSG00000116147.19",21.4285026305953,-2.76397973994308,0.962313336311059,-2.87222429083082,0.00407593567646857,0.0235483192759401
"ENSG00000153294.12",49.9764551218309,3.26989405768829,1.13835893388574,2.87246312244123,0.00407285611186445,0.0235483192759401
"ENSG00000171208.10",559.39496238029,1.18948910461978,0.414109853014182,2.8723999102215,0.00407367098313629,0.0235483192759401
"ENSG00000179859.10",138.5346276811,-1.0975432724185,0.382112496806065,-2.87230405075065,0.00407490699378439,0.0235483192759401
"ENSG00000182472.9",287.204259183307,1.35926933411077,0.473199607477582,2.87250731537254,0.00407228650687945,0.0235483192759401
"ENSG00000163539.19",1339.59429539089,-0.868694950256615,0.302472189858656,-2.87198287770705,0.00407905067548983,0.0235596774789418
"ENSG00000122735.16",136.259734402103,-3.51929455171559,1.22587435935172,-2.87084440984368,0.00409376968084036,0.0236380325361731
"ENSG00000113448.21",1433.05309737525,-1.85307453745518,0.645655197044254,-2.87006833668864,0.00410383097420341,0.0236894567272147
"ENSG00000181315.11",625.47941333131,1.3316832908331,0.464047637254635,2.86971246898596,0.00410845207185353,0.0237094571576934
"ENSG00000162522.11",4073.18904155205,1.26441635234628,0.440632489821434,2.8695486183025,0.0041105813317936,0.02371507023835
"ENSG00000043039.7",81.1002156170161,2.66016255323552,0.927156522706767,2.86916231303574,0.0041156053808904,0.0237240294432884
"ENSG00000112578.11",451.915556896676,1.15109874572002,0.401192501415438,2.86919307230035,0.00411520514069821,0.0237240294432884
"ENSG00000178796.13",28.7632180578427,-2.73117580230163,0.951865390321858,-2.86928785316811,0.0041139720721644,0.0237240294432884
"ENSG00000224968.5",8.76443151519929,-2.23523620493923,0.779096227042629,-2.86901171813393,0.00411756543477497,0.0237286570192878
"ENSG00000181123.9",31.7345729808043,-3.64585423724087,1.27105968203987,-2.8683580234327,0.00412608335969262,0.0237710629972288
"ENSG00000085644.15",715.855783380882,1.56457495612488,0.545576141598327,2.86774812318824,0.00413404503906319,0.0238102414272336
"ENSG00000068366.21",2638.59278211681,-1.21811677674342,0.424777803844245,-2.86765637403707,0.004135243944245,0.0238104582512776
"ENSG00000092978.11",551.537539547894,0.613963890036177,0.2141138537361,2.86746457234338,0.00413775127593923,0.0238182066709315
"ENSG00000234546.6",101.323602411603,1.63775421088711,0.571288512175721,2.86677252558399,0.00414680954391607,0.0238636494214019
"ENSG00000301639.1",26.0834500039522,1.43902642989361,0.502017521250091,2.86648646507446,0.00415055907092264,0.0238785250253081
"ENSG00000002587.10",906.327681808568,1.856190139551,0.647635812116521,2.86610175784571,0.00415560645611416,0.0239008568797096
"ENSG00000223813.6",108.145132186291,2.50418170822158,0.873839504713473,2.86572270389936,0.00416058511605487,0.023922781048679
"ENSG00000118503.18",5114.69491696852,-1.63327660958678,0.570161837970943,-2.8645842299779,0.00417557088211599,0.0240022162508849
"ENSG00000196418.13",190.93377416137,0.866613606506037,0.302635773877221,2.86355309355338,0.00418918600449434,0.0240737303352444
"ENSG00000289234.3",179.622302896363,1.5758354825134,0.55067523151879,2.86164220273203,0.00421452391986892,0.0242125521022674
"ENSG00000135925.9",188.450368793712,2.57045646496263,0.8982915853841,2.86149453783821,0.00421648769235396,0.0242170486397831
"ENSG00000163492.16",134.790533684049,-3.0449296049613,1.06425914113845,-2.86107911810286,0.00422201674761824,0.0242420138317458
"ENSG00000105792.19",169.76537543408,-1.81778273683761,0.635571558359039,-2.86007564833594,0.00423539963066963,0.024312047600014
"ENSG00000110811.20",1168.44659549207,2.06403802900137,0.72189860228246,2.85917997690452,0.0042473773345745,0.0243739784125708
"ENSG00000198182.13",161.282055842278,1.41617400828647,0.495417619607698,2.85854590599318,0.00425587525012663,0.0244159110600438
"ENSG00000173621.9",760.099321500782,1.99467530032141,0.697821194944656,2.85843324159795,0.00425738680792758,0.0244177507999293
"ENSG00000088727.14",145.220412759149,-1.03478730865545,0.362199861442244,-2.85695114441797,0.00427731669255901,0.0245232475644957
"ENSG00000204544.5",860.798183514025,4.83336806612801,1.6918299625578,2.85688761465169,0.00427817287057165,0.0245232475644957
"ENSG00000291005.2",25.6725215096371,1.47567198410464,0.516577218146006,2.85663388215381,0.00428159392300875,0.0245359982664537
"ENSG00000134824.14",2753.45556849092,1.76459624016758,0.617889789962243,2.85584301413268,0.00429227304800272,0.0245903231562581
"ENSG00000187323.13",89.4204900541386,-1.83703505745134,0.643336954873539,-2.8554788335025,0.00429719871163045,0.0246116654701873
"ENSG00000303740.1",25.3907260100533,-2.47939219669754,0.868345387865978,-2.85530646139646,0.00429953188806988,0.0246181518662342
"ENSG00000156011.19",881.602752977609,1.05959246353037,0.3711092832192,2.85520333616799,0.00430092830894045,0.0246192724864642
"ENSG00000136936.11",404.246981253225,-0.677597338395712,0.237435777882053,-2.85381312134143,0.00431979341875825,0.024720358430985
"ENSG00000288919.2",22.3557813872982,-2.12856076165368,0.745891647667256,-2.85371309400053,0.00432115367115802,0.0247212429892366
"ENSG00000100249.5",8.53935716258635,-2.46828120415691,0.864993579511848,-2.85352546263969,0.00432370628113537,0.0247220506381483
"ENSG00000280279.1",11.1828788703439,2.17404463318352,0.761859348932107,2.85360366874918,0.00432264216870305,0.0247220506381483
"ENSG00000180535.4",121.338258985522,1.94058869139879,0.680293824910492,2.85257431471485,0.0043366671104595,0.0247823362410428
"ENSG00000244116.3",1290.13575325736,4.69680715708479,1.6465076653667,2.85258748311915,0.00433648743083859,0.0247823362410428
"ENSG00000132024.18",1703.54970655616,0.808372684298328,0.283414393188966,2.85226404771668,0.00434090258042824,0.0247927204760726
"ENSG00000170542.7",1240.34688772085,-0.956327230854492,0.33527939415475,-2.85232927381483,0.00434001186457021,0.0247927204760726
"ENSG00000124574.16",1266.23580392332,1.40586329319522,0.493073052962775,2.85122718580477,0.00435508405455307,0.0248639900392195
"ENSG00000147119.4",306.00415791668,-1.2868469517281,0.451353263718603,-2.85108595676486,0.00435701893342351,0.0248639900392195
"ENSG00000197405.8",2249.74804081863,-1.52495981174211,0.534857246070122,-2.85115294398046,0.0043561010919796,0.0248639900392195
"ENSG00000196305.19",2331.50221510968,0.824877171479734,0.289395600167011,2.85034454913514,0.00436718922281953,0.0249150939968535
"ENSG00000139112.11",2553.36297248369,-1.44395995932403,0.506860207225597,-2.84883275258052,0.00438799406131696,0.0250268234306656
"ENSG00000115561.16",2472.37123711894,-0.779213342983586,0.273586100062975,-2.84814668144406,0.00439746514442043,0.025073866885761
"ENSG00000132698.15",1708.91609281749,1.18490265418103,0.41620771497211,2.84690218743407,0.00441469245092355,0.0251650970291177
"ENSG00000160593.20",1551.19991930266,-1.56409685157535,0.549504128382529,-2.84637870907228,0.0044219571255049,0.0251995021960402
"ENSG00000119682.18",1220.90807227131,0.706482165960975,0.248230027163413,2.84607859103157,0.00442612695762528,0.025216256498791
"ENSG00000120896.14",2863.54323180989,-0.890558474665299,0.312943587652787,-2.84574763568371,0.00443072937379976,0.0252354653001084
"ENSG00000135480.17",8617.30373151689,1.09452094948448,0.384669850364135,2.84535153573482,0.00443624342196134,0.0252528415113535
"ENSG00000218336.9",286.433267014209,1.89296738584585,0.665281180639139,2.84536439769312,0.00443606427491935,0.0252528415113535
"ENSG00000133056.14",1353.23326660494,-1.2604896479534,0.4430638332198,-2.84493915649414,0.00444199069846139,0.0252785393508888
"ENSG00000117385.16",1482.0172728893,1.49824555364978,0.526767610290812,2.84422489989969,0.00445196116736465,0.0253282496602788
"ENSG00000091073.20",708.914905112364,0.917232992875796,0.32261087041514,2.84315587907961,0.00446692176403614,0.0254063145214416
"ENSG00000104313.20",366.509364343267,3.44717592058208,1.21303737840668,2.84177221736557,0.00448635329316019,0.0255026858671906
"ENSG00000172172.8",701.914849492766,0.733731903093597,0.258191411623098,2.84181374771939,0.00448576894625255,0.0255026858671906
"ENSG00000106123.13",426.490362736719,-1.5916986894905,0.560129049505898,-2.84166423950797,0.00448787290295767,0.0255042533265643
"ENSG00000143416.21",6028.15037239605,-1.94816749519184,0.685950137550543,-2.84010074281572,0.00450992886084864,0.0256224941432088
"ENSG00000153902.14",297.390772074842,-2.36780774959658,0.833803639100624,-2.83976662916775,0.0045146548562621,0.0256422391060382
"ENSG00000101276.18",274.893643594461,1.53157287894902,0.539399459103685,2.83940380936611,0.00451979197761317,0.0256643075904127
"ENSG00000178568.16",75.3107081982898,-2.76778122566004,0.974840767478114,-2.83921366237095,0.00452248636008867,0.0256724973220537
"ENSG00000187630.18",237.734985431606,-0.875466353448266,0.308379843466282,-2.8389221020666,0.00452662059511961,0.0256888537731338
"ENSG00000233058.4",100.652801299162,1.80451010436827,0.635656181711486,2.83881468675359,0.00452814457388176,0.0256903919045024
"ENSG00000013306.16",3225.48585202806,1.30132825670751,0.458444943837437,2.83857041985168,0.00453161189556444,0.0257025097380106
"ENSG00000168268.11",1737.55222646499,1.06481126333681,0.375133310121135,2.83848763788256,0.00453278751524806,0.0257025097380106
"ENSG00000100426.8",910.581838442436,0.906264960136403,0.319333458023122,2.8379893724471,0.00453986941892296,0.0257140381632487
"ENSG00000124171.9",572.788843450171,-1.76231536215686,0.620986462823991,-2.83792879178488,0.00454073114184987,0.0257140381632487
"ENSG00000130518.18",782.210589838941,-2.05238756420786,0.723264427049625,-2.83767248526249,0.00454437858536713,0.0257140381632487
"ENSG00000136457.10",64.1114782613325,1.74394457624241,0.614575883154202,2.83763913300979,0.00454485340926713,0.0257140381632487
"ENSG00000137672.13",663.193456843351,-1.78794270592566,0.630015125203153,-2.8379361612138,0.00454062630830853,0.0257140381632487
"ENSG00000147130.14",1426.28428639766,0.812882919977177,0.286409569279077,2.83818352167243,0.00453710876278103,0.0257140381632487
"ENSG00000164649.20",1303.8562981941,2.01007155190471,0.708335624792003,2.83773889319058,0.00454343329363927,0.0257140381632487
"ENSG00000166340.18",4703.43930721184,0.836599853346523,0.294820575394759,2.83765762354385,0.00454459016070312,0.0257140381632487
"ENSG00000159873.10",1260.24305291682,1.48972556261958,0.525048021998742,2.83731296986612,0.00454949924466181,0.0257332227620816
"ENSG00000197815.4",31.7003957976686,-1.68105372714755,0.592585206746555,-2.83681352151358,0.00455662167484486,0.0257664012192551
"ENSG00000114378.17",816.133909523437,-2.4010172947714,0.846436768736156,-2.83661743375875,0.00455942076269379,0.0257751208487107
"ENSG00000133636.11",24.2094814351214,-2.67080249089756,0.94178617133779,-2.83589053670615,0.00456981057073696,0.0258267353755211
"ENSG00000102007.11",2225.6193678363,1.20604961051843,0.425308668895386,2.83570427485239,0.00457247632940043,0.0258346802584807
"ENSG00000137968.17",70.8925559308953,2.86051693743731,1.00884266752139,2.83544404844144,0.00457620301894332,0.0258401401367591
"ENSG00000198795.11",591.754304470945,-1.50839924861234,0.5319932648094,-2.83537282967815,0.00457722341868459,0.0258401401367591
"ENSG00000290114.2",71.7433374836944,2.30143067628922,0.81167776522606,2.8353994342179,0.00457684221320872,0.0258401401367591
"ENSG00000141367.14",10343.2702604602,0.999407166118325,0.352511407746734,2.83510588354168,0.0045810499719434,0.0258546238989066
"ENSG00000141985.9",2562.78422838487,0.827717596970215,0.291973720671075,2.8349044395769,0.00458393949882093,0.0258638127363303
"ENSG00000088038.20",1714.93782098877,1.11054865234039,0.391756598238992,2.83479246382188,0.00458554640090457,0.0258657615967393
"ENSG00000109436.8",1581.38419302347,-0.924973584975032,0.326307797511824,-2.83466589529328,0.00458736333002758,0.0258688937620697
"ENSG00000168785.8",736.748622633672,1.57345054583589,0.555092879923628,2.83457165952547,0.00458871653611109,0.0258694099137811
"ENSG00000116157.6",385.534160597676,1.05925414594122,0.373718983194988,2.83436002336696,0.00459175690521604,0.025874950046352
"ENSG00000118894.15",201.008636229865,1.19474624801571,0.421527227880935,2.83432758073976,0.00459222313785968,0.025874950046352
"ENSG00000091640.8",1101.14990256218,-0.61409401911761,0.216669893454695,-2.83423787830502,0.00459351247374225,0.0258751043301129
"ENSG00000107263.19",3958.05698518665,-0.864106666161046,0.3049473793883,-2.8336254861228,0.00460232344135749,0.0259176159960434
"ENSG00000257337.10",296.045932817875,-0.985683971379813,0.347874865051998,-2.83344406395236,0.00460493664193529,0.0259252116711261
"ENSG00000124429.18",337.165522409202,2.369381017664,0.836267997248131,2.83327955327815,0.00460730741133321,0.0259283164833889
"ENSG00000245281.10",36.3016210995196,-1.62667030772624,0.57413980792117,-2.83323031304177,0.00460801722910014,0.0259283164833889
"ENSG00000182612.11",144.500298289086,1.87434448604187,0.661590819246428,2.83308720664656,0.00461008072740795,0.025932810763998
"ENSG00000171824.14",1577.8837353687,0.690383949496729,0.243752969138472,2.83230990759556,0.00462130348249934,0.0259888114660358
"ENSG00000008441.19",3990.56394638979,-1.06780009761323,0.377331007683358,-2.82987635754888,0.00465659958723829,0.0261509852450308
"ENSG00000132510.11",4205.45817758155,-1.57678413273536,0.55715127900228,-2.83008258647273,0.0046535990132902,0.0261509852450308
"ENSG00000164465.19",927.601717555683,0.837716407345306,0.296036480510943,2.82977424234829,0.00465808598358284,0.0261509852450308
"ENSG00000169951.10",224.222253529523,1.06212373001528,0.375329452858525,2.82984381301842,0.00465707326117843,0.0261509852450308
"ENSG00000183775.11",112.077951053319,-2.74164682520414,0.968760241457673,-2.8300571264969,0.00465396935416845,0.0261509852450308
"ENSG00000228594.4",558.824021474346,2.30165805077653,0.81329817092709,2.83002978864792,0.0046543670403049,0.0261509852450308
"ENSG00000236439.4",23.8308487727373,-1.5235892694792,0.538426562985768,-2.82970673109134,0.00465906891826461,0.0261509852450308
"ENSG00000133878.9",50.7580535544015,-2.52002210600328,0.890666796297959,-2.82936572518219,0.00466403668730522,0.0261717044982228
"ENSG00000138606.20",189.429809011488,-1.48726657997368,0.525739590174369,-2.82890352518517,0.00467077766543423,0.0261995413549952
"ENSG00000152270.9",591.596981722699,-1.68226423376466,0.594681229239534,-2.82885040093817,0.00467155302350089,0.0261995413549952
"ENSG00000259807.3",30.7849345550469,1.67413045779636,0.591876785173963,2.82851177767397,0.00467649803110425,0.0262201027152753
"ENSG00000147140.17",7818.35503952165,0.742314825644316,0.262507788989844,2.82778209553636,0.00468716988999276,0.0262727532598173
"ENSG00000137073.24",965.424571962532,0.571261458921521,0.202079449291781,2.82691516096068,0.00469987776965483,0.0263367843096482
"ENSG00000300168.1",23.0903769343849,2.31242807286888,0.818139499901295,2.82644716842038,0.00470675075021703,0.0263680921809972
"ENSG00000185164.15",1428.41301107639,1.13438216092536,0.401400413280752,2.82606126798363,0.00471242496187067,0.0263926690571418
"ENSG00000056736.10",479.593564708057,1.85475090475064,0.656393957984174,2.82566724173801,0.00471822504250209,0.0264072832860836
"ENSG00000138376.11",334.647384042336,1.42698125496773,0.505003685876652,2.82568483137026,0.00471796598474266,0.0264072832860836
"ENSG00000231993.3",205.561865490074,-1.85881767413717,0.657843820284428,-2.82562154849077,0.00471889806672895,0.0264072832860836
"ENSG00000135763.10",319.760005807922,1.07237755604865,0.379721221544522,2.82411805083407,0.00474109189082083,0.0265242423272552
"ENSG00000114354.15",3455.16890594187,1.19335849742998,0.422582745870847,2.82396408535501,0.00474336997107035,0.0265297484688561
"ENSG00000109610.6",2432.3390300897,-2.21822516039207,0.785691001039913,-2.8232793266769,0.0047535136981802,0.0265792323063776
"ENSG00000130988.13",270.61341644776,-1.75632385864929,0.622174701550018,-2.82287893460434,0.00475945403035469,0.0266051923223535
"ENSG00000172613.8",1178.2641744154,1.72966374942044,0.612798551121328,2.82256501138168,0.00476411618377961,0.0266230700693001
"ENSG00000261360.4",28.2012235917287,2.35926863165234,0.835882380243989,2.822488770446,0.00476524908087843,0.0266230700693001
"ENSG00000291081.2",93.4972428547679,1.92543545721762,0.682213807783652,2.82233434042165,0.00476754457066896,0.0266286390294188
"ENSG00000239569.6",458.675916623516,-1.48500451153821,0.526249572263913,-2.82186359819687,0.00477454798692163,0.0266604934433119
"ENSG00000274422.1",21.4979652368992,2.17276283642801,0.770070303990484,2.82151230240773,0.00477978041699542,0.0266824442336167
"ENSG00000152932.8",50.5162311574615,-2.42736585359527,0.860334032730549,-2.82142256524624,0.00478111785303694,0.0266826457426972
"ENSG00000164626.9",1463.62992219711,1.87461994887317,0.66453250115888,2.82096051826512,0.00478800952987599,0.026713836027368
"ENSG00000100012.12",60.5650402011364,-3.75547596597728,1.33133255929352,-2.82083987187254,0.00478981051460693,0.0267166144699403
"ENSG00000158856.19",784.901057519202,-1.61407772453445,0.5722337261621,-2.82066164705088,0.00479247214011496,0.026724190579526
"ENSG00000204482.11",872.740008698559,-1.0002849703422,0.354650204702411,-2.82048327360067,0.00479513732529723,0.0267245163680061
"ENSG00000264672.7",23.5532818614693,1.31461297165394,0.466087467806588,2.82052846827338,0.00479446191762835,0.0267245163680061
"ENSG00000246763.8",41.0885439104668,1.87092430452735,0.663546472203492,2.81958292734859,0.00480861042323815,0.0267923228581726
"ENSG00000059758.8",1375.38689961605,-0.990419740985408,0.351303581008242,-2.81927026801976,0.00481329717473231,0.0268087600856224
"ENSG00000133111.4",198.746771210448,-1.27601871474661,0.452621654661884,-2.8191729264474,0.00481475716475284,0.0268087600856224
"ENSG00000135409.11",15.8794705091635,-2.29806511298933,0.815169772702778,-2.81912454306281,0.00481548299821241,0.0268087600856224
"ENSG00000032389.13",573.328509806636,0.661489023529446,0.23466122176511,2.81891067707633,0.00481869253975429,0.0268193463178941
"ENSG00000137193.14",2930.56759128184,-1.5438105667888,0.547755349945828,-2.81843083219813,0.00482590073915497,0.0268521760530891
"ENSG00000111666.11",1113.90526494506,-1.30502371222082,0.463061492127743,-2.81825142968443,0.00482859821712879,0.026852611294822
"ENSG00000178927.19",3301.84068042342,0.948899896234536,0.336689568171848,2.8183228289099,0.00482752450223495,0.026852611294822
"ENSG00000213949.10",2851.12645344835,-1.31438711615512,0.466429839248706,-2.81797390636982,0.00483277371712642,0.0268685445487961
"ENSG00000134256.13",165.349069317034,-1.20590731692621,0.42802263504305,-2.81739146062899,0.0048415475778189,0.0269100275238814
"ENSG00000123136.15",1915.63145141022,0.944494861242715,0.335266969874549,2.81714259414259,0.00484530085159808,0.0269235904230805
"ENSG00000177822.11",48.1725413438382,2.96654094311684,1.05316060988478,2.81679823122267,0.00485049869406708,0.0269451707459093
"ENSG00000047410.14",3953.56470896713,0.968931261879472,0.344166711862483,2.81529627498264,0.00487322838249692,0.0270421311920749
"ENSG00000133962.8",92.4234103269526,2.64036807911586,0.937811322615904,2.81545766770111,0.00487078135126077,0.0270421311920749
"ENSG00000188687.18",37.6687710268796,-1.5570824624988,0.553076301442013,-2.81531220636119,0.00487298678198114,0.0270421311920749
"ENSG00000240376.1",500.119121620197,-0.980810418179854,0.348357620390237,-2.81552737982631,0.0048697247220636,0.0270421311920749
"ENSG00000039537.16",230.266050467979,-2.99361342431785,1.06374906763776,-2.81421015105159,0.00488972510580034,0.027126332134559
"ENSG00000197608.12",540.812316943462,1.05210585304899,0.373883827052498,2.81399134416494,0.00489305458766925,0.0271374604451096
"ENSG00000180071.21",185.554910856956,2.91984287120619,1.03796708197271,2.81303995272843,0.00490755532268933,0.0272105230763715
"ENSG00000105404.11",279.707320265188,-1.00930272772489,0.358812710520671,-2.8128956921852,0.00490975747600371,0.0272153736923439
"ENSG00000092208.19",284.565088428335,1.32355358133228,0.470584073336932,2.81257623520257,0.00491463720410391,0.0272350597926883
"ENSG00000142319.19",202.557810003432,3.25481491793687,1.15746303261705,2.81202494266936,0.00492306855506142,0.0272670442066395
"ENSG00000160401.15",207.560303249981,-2.04162283713759,0.726012491619894,-2.81210428291981,0.00492185433672206,0.0272670442066395
"ENSG00000173826.15",11.350823104279,-3.05476632907525,1.08666934159601,-2.81112773881029,0.00493681817555029,0.0273358141699927
"ENSG00000100242.16",3844.21381498313,-0.648659249687205,0.230784591002263,-2.81066966763325,0.00494385148621119,0.0273673679463483
"ENSG00000103995.14",187.634084737677,0.755307937609414,0.268749236233085,2.81045612704305,0.0049471333244141,0.0273781435043959
"ENSG00000074621.14",422.781362467498,-0.778289313613529,0.276942330486088,-2.81029379743963,0.00494962943510788,0.0273845660921349
"ENSG00000109107.14",848.533267533381,1.98940781007726,0.707947572050725,2.81010612737113,0.00495251662077317,0.0273857607314814
"ENSG00000159640.17",1739.2515162384,-1.43131048592589,0.5093347421885,-2.81015679349863,0.00495173700429413,0.0273857607314814
"ENSG00000164244.22",2129.81951046753,0.941849690672526,0.33517844880602,2.80999477749123,0.00495423038832482,0.0273878511410655
"ENSG00000111291.9",52.7471790290034,-2.34939804239116,0.836264490496741,-2.80939591372057,0.00496345660368039,0.0274314593536018
"ENSG00000132704.16",54.5701993210609,2.47119344653805,0.879886402287643,2.80853692034918,0.00497671755729071,0.0274973367811072
"ENSG00000267023.6",71.9064919250987,1.72829881002421,0.615422213599227,2.80831398645241,0.0049801643949784,0.0275089684145035
"ENSG00000178921.14",648.287159859519,1.00083752869922,0.356442619141615,2.80785033818188,0.0049873398933665,0.0275337687597164
"ENSG00000225920.2",11.0170059560038,2.49642415141205,0.889082438893682,2.80786577510005,0.00498710083866129,0.0275337687597164
"ENSG00000168899.5",1715.90100156145,-1.6063423926286,0.572122595244663,-2.80768913163036,0.00498983694248987,0.0275401390763963
"ENSG00000105677.12",1693.16462082221,0.700724653953844,0.24963900978824,2.80695174423357,0.00500127330733168,0.0275958309724243
"ENSG00000171611.10",28.5210790661802,-1.84837198376966,0.658620633248945,-2.80642890680744,0.00500939650599825,0.0276332165614711
"ENSG00000128645.15",29.5915958862185,1.90869906320844,0.680239767324865,2.80592102210468,0.00501729880882778,0.0276693638451331
"ENSG00000112414.15",1640.11152223774,-2.07721113910921,0.740389304528312,-2.80556610745824,0.00502282770139164,0.0276924063429239
"ENSG00000302504.1",69.5991022422802,-1.88914436992312,0.673806455904179,-2.80368992218705,0.0050521467194788,0.0278465635312348
"ENSG00000105671.12",1095.18872970324,1.05620951960914,0.376787136941749,2.80319951520116,0.0050598357384281,0.0278766504251597
"ENSG00000135926.15",5370.34461900853,-0.622028041229663,0.221908635204437,-2.80308173071592,0.0050616840388641,0.0278766504251597
"ENSG00000272084.1",32.1487881561065,1.85165529701261,0.660568133642272,2.80312537452097,0.00506099909936459,0.0278766504251597
"ENSG00000168275.16",309.230390209319,0.755577304898893,0.269658239389599,2.80198115440205,0.00507898404737226,0.0279644169998176
"ENSG00000186283.14",1587.96518186069,0.700583950623669,0.250049897932655,2.80177659105605,0.00508220547214753,0.0279746418794397
"ENSG00000183628.14",162.051876071378,2.46816595838445,0.88109094673929,2.80126128581681,0.00509032858928606,0.0280118350495763
"ENSG00000173960.14",604.034845377087,-0.679594496339412,0.242631359092493,-2.80093430165532,0.00509548915385834,0.028032709849936
"ENSG00000185880.14",1425.16179359422,-0.843290554226725,0.301094068326759,-2.80075445827632,0.00509832951268506,0.0280408123197678
"ENSG00000116138.13",716.146146301871,0.812112648364019,0.289993976751404,2.80044660741419,0.00510319488116574,0.0280600450103037
"ENSG00000167562.14",277.390136671148,0.939715788911482,0.335657624174402,2.79962593199796,0.00511618559735462,0.0281239328386486
"ENSG00000279207.1",302.528227923296,0.977519802966328,0.349272040121496,2.79873477025614,0.00513032590608255,0.0281941040949656
"ENSG00000130748.7",419.830299383562,-1.66223524128812,0.594012123839307,-2.79831871198944,0.00513693970393742,0.0282228863048051
"ENSG00000171496.5",8.80802004063731,-2.13210081901242,0.76216023564651,-2.7974443158975,0.00515086450987268,0.0282918097804526
"ENSG00000160336.17",515.692128950243,0.880980813603572,0.314961983223418,2.79710206478681,0.00515632416016877,0.0283142127959562
"ENSG00000259687.5",13.9517961014138,-2.13936765548945,0.76499918347395,-2.79656201170612,0.00516494981978716,0.0283539842315705
"ENSG00000177602.5",48.8864870074478,1.9120802040325,0.683929839757239,2.79572566202287,0.00517833362587046,0.0284198481436959
"ENSG00000117682.18",948.994762587147,0.881937287075585,0.315564247137601,2.79479470527921,0.00519326824516049,0.0284798715612141
"ENSG00000166592.13",2972.69453908512,-1.96887143044308,0.704474961729621,-2.79480682409085,0.00519307358267882,0.0284798715612141
"ENSG00000175455.16",2155.32965553088,1.41377436856038,0.505861733533598,2.79478417686338,0.00519343736672745,0.0284798715612141
"ENSG00000146205.15",61.8924115528442,1.38709835813224,0.496423238307858,2.79418498388674,0.00520307061450463,0.028508495477613
"ENSG00000178381.13",1142.35762870832,2.14522572055997,0.767766094617142,2.79411364424697,0.00520421861942574,0.028508495477613
"ENSG00000198899.2",213942.010549108,1.29564324507132,0.46369022201283,2.7942000576313,0.00520282807551868,0.028508495477613
"ENSG00000291152.2",385.956797713127,-1.146789732582,0.410395380455644,-2.79435341428252,0.00520036112278507,0.028508495477613
"ENSG00000254585.5",20.2158478129965,2.74149557046034,0.981238673211879,2.7939130869013,0.00520744723533535,0.028518562530266
"ENSG00000304458.1",20.3922448549969,-1.8465427587433,0.660972149387539,-2.79367710190864,0.00521124849066075,0.0285317594265709
"ENSG00000101361.17",2843.37435606167,1.32082592843593,0.47286089700456,2.79326528542112,0.00521788805182776,0.0285604849478581
"ENSG00000148824.19",327.629594299681,1.56120666818593,0.558994118270884,2.79288568011261,0.00522401505292659,0.0285804174225515
"ENSG00000166333.14",160.618425905144,1.14820370008173,0.411120084807047,2.79286695667186,0.00522431742585462,0.0285804174225515
"ENSG00000172260.15",461.946166810375,-1.72833390310837,0.618877499567271,-2.79269145237442,0.00522715248937559,0.0285882994510955
"ENSG00000273213.4",47.3969211282961,1.40072439184289,0.501593547616451,2.79254866514744,0.00522946007283572,0.0285932931555797
"ENSG00000124608.5",926.770790335291,1.23621038410214,0.442875193332972,2.79132903064342,0.00524920811408694,0.0286936185473843
"ENSG00000117586.12",134.115936445122,1.50185355562849,0.538073754541084,2.79116671823067,0.00525184131256445,0.0287003609469141
"ENSG00000166546.15",87.6030170426029,1.53494895526343,0.549951611819201,2.79106183576029,0.00525354345819421,0.0287020130740245
"ENSG00000167083.7",102.440625832091,-0.805383618776636,0.288620116588809,-2.79046252317904,0.00526327931140146,0.028747543686994
"ENSG00000083307.12",967.650830688799,1.5911611038713,0.570250495432784,2.79028447430582,0.00526617486004238,0.028755698889563
"ENSG00000114923.17",226.126599049673,2.76349279526716,0.990456403597426,2.79012057999717,0.00526884148961946,0.0287626000807129
"ENSG00000151689.13",834.996434379312,-1.16019625969934,0.415864263952827,-2.78984361068096,0.00527335066976511,0.0287795534024125
"ENSG00000288773.3",25.2414106578431,1.80235050789067,0.646072632165779,2.78970260951743,0.0052756475683977,0.028784427286436
"ENSG00000235837.2",11.4788842353635,2.31406420423409,0.829620633850903,2.78930406237939,0.0052821447601246,0.0288122096732096
"ENSG00000171444.19",671.622089924763,-1.10073460555254,0.394728125859675,-2.78858924267242,0.00529381599701016,0.0288681923411426
"ENSG00000184574.10",234.176656124138,1.61700233250538,0.579906580373205,2.78838417640432,0.00529716851861495,0.0288787937531723
"ENSG00000178301.4",60.5553317481604,1.91991104555547,0.688570634910217,2.78825576958537,0.0052992687510312,0.0288825641869069
"ENSG00000103740.10",33.8980650256979,-2.68112960865468,0.961631596532724,-2.78810473607753,0.00530174002998349,0.0288828166910552
"ENSG00000185332.9",55.525596170217,1.88683612292408,0.676750884408027,2.78808076412719,0.0053021323656424,0.0288828166910552
"ENSG00000138131.4",739.328743652441,2.15807236005578,0.774252810759223,2.78729677188979,0.00531497799474917,0.0289451019400629
"ENSG00000249471.8",153.381063051804,0.84169168952967,0.302087488266926,2.78625140802239,0.00533214989503346,0.0290260432675168
"ENSG00000284634.2",188.953462827793,0.994494044564329,0.356933106472183,2.78621967682853,0.00533267191712524,0.0290260432675168
"ENSG00000072952.21",706.780121968887,-1.69300244892755,0.607753365384196,-2.78567350730721,0.00534166439944628,0.0290672735791525
"ENSG00000226525.5",64.3902714058327,-1.9820380450464,0.711538779451332,-2.78556573764644,0.0053434404044979,0.0290692231503913
"ENSG00000159166.15",1240.5768745078,1.72300421565863,0.618805793725624,2.78440220361383,0.0053626490103994,0.0291659828406444
"ENSG00000221843.6",52.9628422507438,1.654462184384,0.594252907886643,2.78410448216031,0.00536757405663869,0.0291850274349827
"ENSG00000040487.13",657.467805739051,1.35064630841219,0.48515583283225,2.78394325494835,0.00537024285636013,0.0291917973294825
"ENSG00000181444.13",685.491853942023,-1.30003659692871,0.467162172534019,-2.78283789519376,0.00538857220589557,0.0292836693638173
"ENSG00000127129.10",76.4165719671009,2.89063980091625,1.03885577517615,2.78252272354756,0.00539380879955615,0.0293043602612876
"ENSG00000172530.22",475.620787107839,0.761098067248653,0.273551258139589,2.78228684607356,0.00539773092205851,0.0293179006161292
"ENSG00000168411.14",855.862349778792,1.03372785769266,0.371554732061429,2.78216846265803,0.00539970034766918,0.029320830489568
"ENSG00000233008.9",25.7403322072999,1.94190586741114,0.698093315415672,2.78172820814772,0.00540703011243607,0.0293528582010562
"ENSG00000117266.16",1489.15205862604,1.53212400394893,0.550843485698866,2.7814144012343,0.00541226014280537,0.0293734732578299
"ENSG00000019485.14",413.932575894125,-1.05433053881477,0.379134606809935,-2.78088710415011,0.00542105857096766,0.029398357200455
"ENSG00000177076.6",59.09378163625,-1.0599222288821,0.381142615814017,-2.78090715890795,0.00542072370313563,0.029398357200455
"ENSG00000183496.6",196.274823604282,1.262636024078,0.45404159487355,2.78088183623274,0.00542114653603787,0.029398357200455
"ENSG00000135929.9",2486.33418180507,-1.00452646062414,0.361366274969688,-2.77980135448002,0.00543921596620391,0.0294885468458607
"ENSG00000142541.18",41214.6459700666,-0.801427780771918,0.288319448370825,-2.77965217157725,0.00544171509278578,0.0294942971880729
"ENSG00000144724.20",1799.97499116107,-1.02215513838305,0.367788100980151,-2.77919578055685,0.005449367037521,0.0295201642634955
"ENSG00000223776.5",11.7331538015076,1.79771153616964,0.646832675018163,2.77925282008854,0.00544841017029951,0.0295201642634955
"ENSG00000145354.12",801.383344986795,0.672972363362369,0.242155266655286,2.77909447379628,0.00545106688406446,0.0295215730033961
"ENSG00000160963.14",22.0199297834844,-1.38329998743157,0.497788492406288,-2.77889105219117,0.00545448158176609,0.0295322657387198
"ENSG00000010292.13",1308.78055438684,1.54424661421453,0.555763034644898,2.77860620075465,0.00545926643079986,0.0295503692970222
"ENSG00000122218.17",7336.95467094875,1.00643144720233,0.362267276988777,2.77814616756984,0.00546700193157993,0.0295688228976826
"ENSG00000198712.1",204936.976662497,1.32810064747082,0.47804424197643,2.77819609745724,0.00546616187749581,0.0295688228976826
"ENSG00000260641.3",23.4750414685355,2.23649207378753,0.805013564848863,2.77820420853085,0.00546602542232772,0.0295688228976826
"ENSG00000272720.1",72.1893797135149,2.33170215350199,0.839385594392025,2.77786772739514,0.00547168873413812,0.0295863675645485
"ENSG00000106003.14",1449.01740022892,0.803564704805952,0.289287997832869,2.77773260842366,0.00547396441076508,0.0295908690425329
"ENSG00000162244.12",15138.8641545477,-0.759593209319496,0.273582790733079,-2.77646560766534,0.00549534486491551,0.0296986165287896
"ENSG00000018408.15",2847.53943793703,-1.20669468237229,0.434631682622,-2.77636152774845,0.00549710454414525,0.0297002981747442
"ENSG00000239474.7",18.7972763728588,-2.39608867204844,0.863602828673636,-2.77452619710437,0.00552821814976229,0.0298605334411818
"ENSG00000128626.12",701.283772931796,1.05188720349008,0.37915148440229,2.77431909609512,0.00553173900804429,0.0298716820176297
"ENSG00000269918.1",65.5345663953204,-2.28969079086222,0.825431660253331,-2.77393138780199,0.00553833575403222,0.0298994303056021
"ENSG00000100442.11",1177.46230580122,1.39752521844866,0.503825107783305,2.77383003915266,0.0055400613424256,0.0299008733259001
"ENSG00000164828.18",6516.77722766993,1.02126160136819,0.36826473428439,2.77317241183222,0.00555127006899179,0.0299534846038441
"ENSG00000116678.20",2068.45627967442,-2.23447032877767,0.805785674952113,-2.77303307596088,0.00555364756205478,0.0299558397051524
"ENSG00000283041.1",4556.30226130438,0.926332612112163,0.334057252812765,2.77297560317112,0.00555462849000144,0.0299558397051524
"ENSG00000166450.13",233.320097133863,-1.09964502259738,0.396579421503681,-2.77282421369201,0.00555721310755969,0.0299618978589019
"ENSG00000065923.10",571.252021619154,1.13644587831885,0.409929711441052,2.77229448512974,0.00556626551539297,0.0300028149651991
"ENSG00000302483.1",93.3509419701494,-1.75661680970244,0.633702396852063,-2.77199016198849,0.00557147203829444,0.0300229862478815
"ENSG00000134697.13",1592.29381749967,0.841632510995844,0.303637611143713,2.77183221085709,0.00557417608256909,0.0300296653696786
"ENSG00000169255.15",636.43936684792,-0.994471393383413,0.358901663622552,-2.77087429282377,0.00559060054267609,0.0301027037100127
"ENSG00000185040.14",11.1583419985508,-2.08349176240953,0.751926857738046,-2.77087025282899,0.00559066990478582,0.0301027037100127
"ENSG00000104774.14",3646.53654623087,0.843567844748233,0.304552965107722,2.76985595740254,0.00560810879105434,0.0301728319737019
"ENSG00000130522.6",13464.3377820314,-2.09591537987657,0.756668938358299,-2.76992390413693,0.00560693904390384,0.0301728319737019
"ENSG00000187672.15",36.1255642839343,1.904041046392,0.687374740789862,2.7700189334919,0.00560530342108167,0.0301728319737019
"ENSG00000197275.14",55.2694984722643,1.39780529440482,0.505022727439369,2.76780671137744,0.00564349151038715,0.0303552334546113
"ENSG00000088305.19",150.843479319774,1.29214728806407,0.466883035231968,2.76760385483288,0.00564700500600323,0.0303661659174115
"ENSG00000232677.12",389.88295371216,1.85470295287864,0.670224415066589,2.76728646582409,0.00565250617434894,0.0303877783426457
"ENSG00000167535.8",667.772958047677,0.927786257559434,0.335326385084684,2.76681555292802,0.00566067721444499,0.0304237288610695
"ENSG00000100099.22",1405.69684293367,0.790084557201364,0.285603480014044,2.76636880321806,0.00566843883438541,0.0304522896729876
"ENSG00000135205.15",323.667240546277,-1.66189397536366,0.60078684084023,-2.76619569935889,0.00567144883916052,0.0304522896729876
"ENSG00000167261.14",369.552800053908,-1.6853867270307,0.609259751483519,-2.76628601007511,0.00566987829753629,0.0304522896729876
"ENSG00000184005.12",200.895521334344,-1.83960962551052,0.665039028437481,-2.76616791924635,0.00567193202600174,0.0304522896729876
"ENSG00000310527.1",163.652260967863,1.48034687301922,0.535382828457206,2.76502493978951,0.00569184439097865,0.030551198270321
"ENSG00000103855.18",2650.31378581914,1.36456495176719,0.49356290793418,2.7647234624632,0.00569710706259086,0.0305714428713329
"ENSG00000172985.11",425.910604081467,-1.11494738546613,0.40344946050229,-2.76353668704385,0.00571786641115585,0.0306748123742385
"ENSG00000154269.15",702.970629414846,3.27164341334829,1.18422565469992,2.76268581107316,0.00573279209284788,0.0307468399350648
"ENSG00000119946.12",95.3665977429084,3.02101508401046,1.09356053155974,2.76254948567099,0.00573518671441265,0.0307516392239323
"ENSG00000159212.13",4589.53711808169,2.81748684722588,1.02007144218048,2.76204854946561,0.00574399364998111,0.0307908093592713
"ENSG00000100360.15",893.620362725398,0.803918894998077,0.291141507474865,2.76126513862845,0.00575779121059349,0.0308513828212827
"ENSG00000196353.13",57.7831716303024,2.34902845465812,0.850716256357195,2.76123611968667,0.00575830287051545,0.0308513828212827
"ENSG00000113810.16",1320.8206643793,1.30452234570325,0.472507910097148,2.76084763413809,0.00576515656972497,0.0308800340401361
"ENSG00000167608.12",2762.37492962917,1.62811865051379,0.589818645968107,2.7603716187057,0.0057735645074745,0.0309169931212476
"ENSG00000185905.4",319.174216282212,-1.49509038425978,0.541676845421546,-2.76011499641684,0.00577810185419178,0.03093321159748
"ENSG00000205089.8",42.3920767303917,1.84163037408264,0.667314096344769,2.75976543005793,0.00578428772075032,0.0309582446949268
"ENSG00000113552.16",1098.11295871822,0.659171224085826,0.238871308830288,2.75952447915857,0.00578855502242532,0.030964918387636
"ENSG00000167130.18",397.218645821137,0.874961589798107,0.31706627911892,2.75955422389759,0.0057880280820055,0.030964918387636
"ENSG00000287338.2",30.3353234673939,2.66990977304113,0.967744706368215,2.7588988660665,0.00579964804533833,0.031016166802717
"ENSG00000186105.8",39.7773334475267,-2.16468330939467,0.784765159608727,-2.75838355320712,0.0058087996777489,0.0310408205870637
"ENSG00000220201.8",50.5110027281714,1.32022123596434,0.47859862119563,2.75851449940699,0.00580647292252897,0.0310408205870637
"ENSG00000230918.4",32.8358579033709,2.22888708999068,0.808019266488815,2.75845785172443,0.00580747938002578,0.0310408205870637
"ENSG00000187601.5",829.788356683424,-1.08027925650508,0.391647883930298,-2.75829208028438,0.00581042553935781,0.0310414187751414
"ENSG00000169783.13",140.464042330276,2.3384289057959,0.84781893847527,2.7581701701561,0.0058125930369119,0.0310449095151971
"ENSG00000197858.12",2573.14690809646,1.16076986534295,0.420946592173586,2.75752289464855,0.00582411346760937,0.0310983392030892
"ENSG00000174327.7",164.02746077629,1.18913797721772,0.431312871627104,2.75701945256529,0.00583308812923642,0.0311377393897819
"ENSG00000214050.8",56.1772738035954,1.4174599961749,0.514142740288463,2.75693865750126,0.00583452959108184,0.0311377393897819
"ENSG00000104356.11",181.785437490242,1.08680279317606,0.394312914863088,2.75619375427613,0.00584783451900299,0.0311970672554317
"ENSG00000196456.13",133.104987388452,-1.10674039482693,0.401553624583091,-2.7561459468234,0.00584868935475417,0.0311970672554317
"ENSG00000226871.2",24.0113832921622,-2.83613928304682,1.02911598806745,-2.75589857307798,0.00585311439621383,0.0312105433155692
"ENSG00000257556.5",85.824416553613,1.72274153600246,0.625125167815251,2.75583455074008,0.00585426012444787,0.0312105433155692
"ENSG00000172830.13",1909.90517022366,1.37965982483327,0.500735238715909,2.7552680901214,0.00586440617738734,0.0312565074762542
"ENSG00000137100.16",1038.9902461616,-0.62925659092652,0.228398420360552,-2.75508293767167,0.00586772593621795,0.0312579507914297
"ENSG00000152944.9",627.550026879755,-0.82770734823445,0.300427830849673,-2.75509544469805,0.00586750163355863,0.0312579507914297
"ENSG00000158042.9",941.708969753341,0.823055380817796,0.29879432213757,2.75458842366772,0.00587660081228348,0.0312970968974183
"ENSG00000086717.19",32.5939517190387,2.54017783379958,0.922450814813457,2.75372712886949,0.00589208707197032,0.0313689877564226
"ENSG00000173531.16",481.600438693175,2.0699761164761,0.751716054525887,2.75366756372079,0.00589315942439231,0.0313689877564226
"ENSG00000143258.17",1208.99315127834,1.30649322501676,0.474482081104666,2.75351436238655,0.00589591831880483,0.0313755279545222
"ENSG00000204176.14",210.065826107715,-2.2114663864925,0.803243744083107,-2.75316976046525,0.00590212826558469,0.0314004250019586
"ENSG00000182858.14",563.375516855263,0.989648199337084,0.359526423321067,2.75264385353202,0.00591161680832296,0.0314427473509349
"ENSG00000103042.9",666.954787429894,1.47207387146197,0.534845744614284,2.75233352099229,0.00591722235238079,0.0314562424457391
"ENSG00000122484.9",502.878828090718,0.632684555216761,0.22986850324832,2.75237601618388,0.00591645447775571,0.0314562424457391
"ENSG00000290746.2",193.344687782889,1.15711302068508,0.420454498412924,2.7520528976448,0.00592229538256242,0.031475050420959
"ENSG00000172426.16",118.873810573823,-2.3953939955798,0.870470035228767,-2.75183969422942,0.00592615223401091,0.0314873867339102
"ENSG00000078269.15",799.526738845688,1.54027456721696,0.560159541177848,2.74970692095723,0.00596485888380645,0.0316848358947066
"ENSG00000259523.1",21.3015006552755,-2.19517759603459,0.798389210954991,-2.74950809193531,0.00596847891704433,0.0316958538500588
"ENSG00000205795.5",383.525578525373,-2.01027224025408,0.731522117529284,-2.74806761420116,0.00599476453597587,0.031827201461846
"ENSG00000305631.1",50.2905409731401,2.47654143520091,0.901255145141541,2.74788049594099,0.00599818668518528,0.0318371265319801
"ENSG00000204386.13",3176.74667611975,1.30429708117036,0.474688968504378,2.74768778655182,0.00600171292858855,0.0318475988322411
"ENSG00000058799.15",833.074064584074,0.772297975276396,0.281123089205684,2.74718799319733,0.00601086697450422,0.0318875603264277
"ENSG00000153933.10",525.568515858092,-1.14125526152779,0.415438975568937,-2.74710686440736,0.00601235408807889,0.0318875603264277
"ENSG00000128011.5",101.885794640087,-1.07659767289628,0.39199809945621,-2.74643595055631,0.00602466483885496,0.0319115804329326
"ENSG00000149328.16",454.83074298748,1.49555922341274,0.544522429399932,2.74655210265785,0.00602253191341307,0.0319115804329326
"ENSG00000246985.9",73.4627962997801,-1.57747117523559,0.57431115971381,-2.74671865338935,0.00601947469446653,0.0319115804329326
"ENSG00000251661.4",80.3122020600205,-1.49650480641377,0.54487705441769,-2.74649995678949,0.00602348939478244,0.0319115804329326
"ENSG00000296013.1",13.9847421219241,-2.49460061930482,0.908265939410461,-2.74655308655967,0.00602251384872339,0.0319115804329326
"ENSG00000140406.4",1747.07225709371,-1.19727402407505,0.436152848434611,-2.74507899781501,0.00604963331135181,0.0320355582169312
"ENSG00000086967.10",41.4527286200491,2.41083943400683,0.878428155074762,2.74449244378062,0.0060604549662368,0.0320762954640473
"ENSG00000158164.7",77.7596894283577,-2.48160726437281,0.904205805695936,-2.74451595946434,0.0060600207772638,0.0320762954640473
"ENSG00000129538.14",13664.4568303237,-1.20055308190457,0.43754627626976,-2.7438311031686,0.00607267731145927,0.032126443452492
"ENSG00000256948.2",58.725365451703,-2.54934934310518,0.929127430386117,-2.74381022422915,0.00607306353988778,0.032126443452492
"ENSG00000136895.19",173.769976813959,-1.12547844756508,0.410246277113847,-2.74342147717466,0.00608025880802594,0.0321479181536266
"ENSG00000148158.17",3018.97245990143,-1.52772320672233,0.556863944732138,-2.74344069350225,0.00607990295521988,0.0321479181536266
"ENSG00000119950.21",1170.59348626373,-1.08818942298587,0.396765168647728,-2.74265361219758,0.00609449368713901,0.0322148745968286
"ENSG00000176204.14",15.4880031022058,-3.15162385058193,1.14916413521084,-2.74253586064422,0.00609667924832623,0.0322181214710518
"ENSG00000157184.7",489.415462207569,0.862748271701349,0.314603887906958,2.742331881024,0.00610046694076586,0.0322298310109413
"ENSG00000145390.12",1974.24049482323,-1.40982207456123,0.514203071832842,-2.74176128418684,0.006111073598594,0.0322775510215279
"ENSG00000245750.12",161.448923213138,2.49647975368483,0.910674298143825,2.74135303782401,0.00611867256076648,0.0323093644568519
"ENSG00000183378.13",36.4920117395817,-2.92237427694756,1.06631047343208,-2.74064107008296,0.00613194525637049,0.0323711136809013
"ENSG00000163885.12",109.292453600992,-3.08758575871628,1.12677037601854,-2.74020849716187,0.00614002205525668,0.0323834046054222
"ENSG00000167920.13",293.948374862828,1.23057274537983,0.44907314182662,2.74025015251288,0.0061392438693997,0.0323834046054222
"ENSG00000171345.13",11552.5795144694,1.61605424501815,0.589783190043882,2.74008190178821,0.00614238759628579,0.0323834046054222
"ENSG00000184307.17",534.676570337735,1.93788573069906,0.70725523598934,2.74000902656912,0.00614374970323315,0.0323834046054222
"ENSG00000197872.11",970.596845712671,-1.46928979431604,0.536203759789414,-2.74017063008489,0.00614072954742358,0.0323834046054222
"ENSG00000251179.2",25.745116481652,1.79991755184542,0.656891141522567,2.74005453578428,0.00614289906095754,0.0323834046054222
"ENSG00000129009.13",2027.80982940982,1.49493824372845,0.545620620199929,2.73988589943809,0.0061460516841228,0.0323872124726944
"ENSG00000117308.15",1974.36094430314,1.68212326589342,0.613963693347693,2.739776446261,0.0061480986693177,0.0323896750040314
"ENSG00000131435.13",676.816973703084,1.57198799822413,0.573801233247439,2.73960372885125,0.00615133006633485,0.0323906645931789
"ENSG00000163162.9",2304.45711267433,-0.845110022213778,0.308482172509449,-2.73957491721144,0.00615186925663109,0.0323906645931789
"ENSG00000245812.6",39.7637601014561,-2.10691193701742,0.769082620184129,-2.7395131312589,0.00615302568232696,0.0323906645931789
"ENSG00000244513.8",81.5816861557789,-1.47432992134244,0.538486641081166,-2.73791364328425,0.00618303094151775,0.032540263456078
"ENSG00000149806.11",7834.5899398685,-0.644144692725781,0.235299409442593,-2.73755337615047,0.00618980745064883,0.0325675678645378
"ENSG00000105889.16",36.0073133117659,2.6400089826767,0.964825681328311,2.73625488393106,0.00621428719547758,0.0326795959620601
"ENSG00000186564.6",39.4862036366036,1.42802564406172,0.521879925943009,2.73631073561865,0.00621323246360844,0.0326795959620601
"ENSG00000085872.15",1162.13943420993,0.895113753184455,0.327222728888605,2.73548770962415,0.00622879123159616,0.0327454299575662
"ENSG00000153157.14",50.8066652296973,-2.38681461499719,0.872557510135466,-2.73542384000183,0.00623000011044018,0.0327454299575662
"ENSG00000267809.1",27.7940241093287,-1.55102078690672,0.567052882763323,-2.73523128803859,0.00623364587563095,0.0327561955494457
"ENSG00000163902.12",7956.6385664924,1.04055869111269,0.380531211638038,2.73448973248078,0.00624770438519757,0.0328216578821652
"ENSG00000089597.18",10375.8207174056,0.894744388772112,0.327222194006669,2.73436339331517,0.00625010238366816,0.0328258451011096
"ENSG00000188372.15",36.9485991586998,1.8392592643889,0.672684750549948,2.73420686716211,0.00625307449972291,0.0328330446971366
"ENSG00000203896.10",146.669346431361,1.77734425419326,0.650068802584637,2.73408637228342,0.00625536332117129,0.0328366537473877
"ENSG00000173611.18",441.086059475478,-1.25404927246386,0.458732890597052,-2.7337243484584,0.00626224456515805,0.0328643620588689
"ENSG00000152818.20",4858.46042379998,-1.25360466497793,0.458652990607945,-2.73323120234379,0.00627162910696757,0.0329051901763723
"ENSG00000232415.3",89.3108701500275,-1.92787348470661,0.70545020077677,-2.73282718267545,0.00627932701007908,0.0329287266022152
"ENSG00000237111.1",53.8472164323599,3.4098343690553,1.24770592022402,2.73288305664454,0.00627826192072287,0.0329287266022152
"ENSG00000143850.17",1186.53999967983,1.33535797581477,0.488680033265366,2.73258141301967,0.00628401388959482,0.0329448787502562
"ENSG00000169627.9",14.88005132587,1.97890723731114,0.724259163463495,2.73231922651522,0.00628901731315625,0.0329626817456431
"ENSG00000130706.13",2025.49097977969,0.907156039983369,0.332093864520723,2.73162541347331,0.00630227496562537,0.0330237275479639
"ENSG00000138135.7",469.218347411954,-2.00127356895878,0.7326836886417,-2.73142912826253,0.00630603022290909,0.0330349626189392
"ENSG00000151655.19",21.2168446311967,-2.19762734664681,0.804599310080064,-2.73133138335419,0.00630790099402631,0.0330363223452147
"ENSG00000228495.4",14.1913593823493,-1.82682290869156,0.668862624367376,-2.73123783889017,0.00630969183926792,0.0330372628887511
"ENSG00000181754.7",344.207699664219,-1.37497789661671,0.503545430525021,-2.73059353390039,0.00632203905655221,0.0330924279488962
"ENSG00000304720.1",46.5445315142336,2.57338165607878,0.942451235640653,2.73051969031529,0.00632345555519779,0.0330924279488962
"ENSG00000249572.4",48.9180282984764,1.40963493081778,0.516409763832767,2.72968295633208,0.00633952610538456,0.0331680641145203
"ENSG00000067798.16",261.645872876003,-1.79186917327425,0.656627386720427,-2.72889801661163,0.00635463528466884,0.0332386331318495
"ENSG00000132003.10",312.487944068069,0.987995007813865,0.362116433869825,2.72839041646211,0.0063644232452346,0.033281340020477
"ENSG00000282508.3",50.8483122629039,1.99128532922274,0.730034148133503,2.72766052699576,0.00637852135049785,0.0333465583300887
"ENSG00000237017.1",33.2077026550806,1.60953581319718,0.590219048697926,2.72701434619563,0.00639102603524459,0.0334034151992493
"ENSG00000287226.2",31.9705934462694,2.89033787410004,1.05996695206479,2.72681885833301,0.00639481339777075,0.0334146926370773
"ENSG00000095627.10",15.2019640107254,2.45894451253263,0.901977482538188,2.72617061970671,0.00640738676491356,0.0334684926474375
"ENSG00000229994.1",11.2478816294948,-1.99026683383459,0.730073146043907,-2.72611976569659,0.00640837407987904,0.0334684926474375
"ENSG00000172663.9",1654.79299152963,1.52822464427687,0.560878479509318,2.72469830829279,0.00643602668507532,0.0336026877115482
"ENSG00000198924.8",280.853642567507,0.80458915664637,0.295302107949239,2.72463059012324,0.00643734672897783,0.0336026877115482
"ENSG00000070269.14",645.702605762951,0.808469445925132,0.296844139268937,2.72354862021604,0.00645847084904722,0.0337043380817716
"ENSG00000272825.1",31.5858486648739,2.23037006081213,0.818945766443457,2.72346491330952,0.0064601077185604,0.0337043380817716
"ENSG00000072501.19",2444.97623590933,0.853511041164915,0.313423932301816,2.72318401117823,0.00646560342382676,0.0337244295604538
"ENSG00000070882.13",1208.71608721905,1.16274591861641,0.42700446652185,2.72302987387349,0.00646862082746119,0.0337315873464558
"ENSG00000133246.12",312.314805092064,-1.06663689744547,0.391747038727639,-2.72276952216363,0.00647372036945147,0.0337495963527162
"ENSG00000155016.18",417.798604952931,-0.895067729888536,0.328747919110646,-2.72265671615486,0.00647593103780671,0.0337525393998955
"ENSG00000261754.2",39.1658456542845,-2.24510797051032,0.824799759638498,-2.72200366728324,0.00648874223914852,0.0338107168669635
"ENSG00000113558.19",318.210410925024,-1.17935545849509,0.43342492556512,-2.7210143878029,0.00650819288150623,0.0338994374445934
"ENSG00000131019.11",128.743238192862,1.6862973123822,0.619741337405096,2.72096955714275,0.00650907555693348,0.0338994374445934
"ENSG00000173320.12",272.224940111535,-1.95454738283579,0.718353322596547,-2.72087191825176,0.00651099835164529,0.0339008405795163
"ENSG00000127580.17",523.238553207798,0.968850702985732,0.356205401734827,2.71992142249146,0.00652974309891652,0.0339733950557954
"ENSG00000156052.11",3212.70856158862,-1.31298979204468,0.482732226223033,-2.71991327846019,0.00652990391703519,0.0339733950557954
"ENSG00000228929.1",38.6401076244203,-1.07164574089405,0.393983293425583,-2.72002838388494,0.00652763129002636,0.0339733950557954
"ENSG00000095002.16",841.899070218716,0.950359789810586,0.349441151528444,2.71965618718272,0.00653498246484059,0.0339911924046402
"ENSG00000114948.13",138.326813531563,-1.61403466332602,0.593504196368807,-2.71950000219216,0.00653806945725712,0.0339986244361146
"ENSG00000164638.11",301.032638636277,2.57728054862201,0.947805892406571,2.71920713858198,0.00654386143467469,0.0340201153287449
"ENSG00000100902.11",246.461976925959,1.29916321945801,0.478015502424437,2.71782654091513,0.00657122778113674,0.0341498200909869
"ENSG00000136942.15",10433.9469946087,-1.03103088630653,0.379365027469061,-2.71778053234129,0.00657214153721392,0.0341498200909869
"ENSG00000122042.10",2402.62952899791,-1.28394655515252,0.472455403790561,-2.71760370365389,0.00657565451773229,0.0341594173376192
"ENSG00000113966.11",269.684083851384,-1.30222981961603,0.479319916955185,-2.71682810071458,0.00659108304770156,0.0342308933156213
"ENSG00000187720.15",611.76660716845,-1.45838032790705,0.536827553865627,-2.71666444355443,0.00659434272190795,0.034239149954419
"ENSG00000248079.5",9.62587549383083,-1.94773368892443,0.717161536910722,-2.71589256907806,0.0066097362364209,0.0343103877953352
"ENSG00000183527.12",467.019292305621,0.678489386747326,0.249909192210598,2.71494369913198,0.00662870384686536,0.0344001376046893
"ENSG00000088002.12",159.162876088009,-1.14957963562886,0.423454315666815,-2.71476660668486,0.00663224928342841,0.0344098277599737
"ENSG00000290994.2",35.4586737197624,1.47433830908809,0.543121998050465,2.71456194810783,0.00663634872475157,0.0344223866056934
"ENSG00000305154.1",83.9720150920491,-1.52182693277291,0.561027072448179,-2.71257307803711,0.00667630586256615,0.0346208840177178
"ENSG00000197019.5",1866.17250883709,-1.75368990661309,0.646632492518838,-2.7120349300449,0.00668715456866899,0.0346683735211097
"ENSG00000290292.10",450.28716994845,0.877849304357847,0.323713037325867,2.71181325166757,0.00669162806421222,0.0346827962155226
"ENSG00000187742.15",1697.54166211346,-0.726608429587698,0.268065855851574,-2.71055941563112,0.00671698129972855,0.0347966105532173
"ENSG00000267764.2",22.7180164670058,-1.68796218393117,0.622718965073839,-2.71063236966136,0.00671550376773749,0.0347966105532173
"ENSG00000253998.3",196.849099812072,2.94253777521344,1.08576788543472,2.71009836880128,0.00672632560384783,0.0348362162620096
"ENSG00000204397.11",741.209181370856,-0.992116912376745,0.366102204650764,-2.70994520047525,0.00672943254007217,0.0348435062630403
"ENSG00000048342.18",588.651108511475,-1.15496672844157,0.426265470674668,-2.70950102201231,0.00673844975441244,0.0348813869640173
"ENSG00000161996.19",1586.82918585488,1.37907596093466,0.509035621702836,2.7091934279989,0.00674470054690625,0.034896124151846
"ENSG00000269069.1",29.3587945703987,1.13313790954062,0.418254130227156,2.70920913303404,0.00674438126976475,0.034896124151846
"ENSG00000104998.4",911.258990400497,0.749128825124207,0.27653108598823,2.70902210667227,0.00674818432409369,0.034905340913526
"ENSG00000174177.13",387.69856763291,1.16200840607434,0.429054185108023,2.70830222943002,0.00676284053377188,0.0349723284500526
"ENSG00000139155.9",20.1436772975996,-2.1957472850608,0.810815502358893,-2.70807264867624,0.00676752065444607,0.0349877063789113
"ENSG00000280355.1",26.0355533288857,-1.69937670485173,0.627586518258332,-2.70779670278421,0.00677314980395475,0.0350079817444639
"ENSG00000143315.8",618.245531782582,0.905690850259117,0.334570842949788,2.7070226510893,0.00678896251141868,0.0350765583817068
"ENSG00000255224.3",27.4378183479743,1.56182093204638,0.576960691686066,2.70697979004814,0.00678983906637702,0.0350765583817068
"ENSG00000212123.4",104.512955725618,1.52910818597764,0.565009149813926,2.70634234238723,0.00680288757524039,0.0351351150737353
"ENSG00000171943.12",386.949226501221,-1.11384339592533,0.411610108998493,-2.70606423791552,0.00680858741113809,0.0351556978791174
"ENSG00000180694.14",801.434966494909,-1.36003072645126,0.502705529600949,-2.70542225292581,0.00682176148008466,0.0352059897779149
"ENSG00000188959.10",501.870796486662,2.68552680169606,0.992646074432664,2.70542227574006,0.00682176101151045,0.0352059897779149
"ENSG00000155115.7",743.127145203319,0.964036779668097,0.356358052091484,2.70524764070888,0.00682534862888203,0.0352067794431691
"ENSG00000236846.2",26.5085803056531,2.19116145857539,0.809956348086216,2.70528339428751,0.00682461398671561,0.0352067794431691
"ENSG00000131779.11",842.195098566073,0.867246626211903,0.32059133635805,2.70514679549333,0.00682742111617673,0.0352086123154144
"ENSG00000119408.17",1768.39971125187,1.19290835521017,0.441192018946793,2.70383031419711,0.00685452827085532,0.0353395141226094
"ENSG00000109586.12",1033.03113034261,1.20366081647113,0.445204314098335,2.70361444926445,0.00685898227812587,0.0353535878910741
"ENSG00000253288.3",126.001277750733,-3.27669287992227,1.21209213536598,-2.70333647444458,0.00686472164793427,0.0353742781274804
"ENSG00000239855.1",253.260930976051,4.4746024072913,1.65531498997038,2.70317277038092,0.00686810367815268,0.0353828135218197
"ENSG00000137033.12",2968.47182312669,-2.65831039249622,0.983543126534903,-2.70278986327895,0.00687602016155584,0.0354146991691889
"ENSG00000139537.11",125.422345483373,-1.88159932878512,0.696252322098838,-2.70246758116809,0.00688268959524527,0.0354401475291082
"ENSG00000111716.14",295.755506042588,-1.1490903373035,0.425391000844674,-2.7012568084934,0.00690779776750454,0.0355443373523419
"ENSG00000143842.15",1525.7482897644,-1.29928853063532,0.480996879688432,-2.70124107972789,0.00690812448054441,0.0355443373523419
"ENSG00000170509.12",64.8377168570652,-2.63266243455164,0.974574638569412,-2.70134511033055,0.00690596384681963,0.0355443373523419
"ENSG00000185818.8",65.2277346842211,2.63211785484051,0.974498085690596,2.70099848680073,0.0069131653040502,0.0355613500738197
"ENSG00000119917.15",2425.15557631025,-1.2339239830174,0.456862143247885,-2.70086721181426,0.00691589443651471,0.0355664658957356
"ENSG00000297244.1",11.3475923838326,2.08476341835922,0.771917098285964,2.70076077209382,0.00691810796836111,0.0355689282305106
"ENSG00000125148.7",6294.59891935192,-1.73669679848625,0.643118806162363,-2.70042919262386,0.0069250076105673,0.0355954765723419
"ENSG00000258667.5",161.9423781739,2.34243188272782,0.867474142214064,2.70029015129974,0.00692790267873732,0.03560143271299
"ENSG00000211592.8",62745.8153576582,2.73485472275677,1.01297839368222,2.69981545491357,0.00693779482909314,0.0356433337949701
"ENSG00000121904.19",91.8613916476099,1.83666690428022,0.680321807664725,2.69970311636014,0.0069401376967203,0.0356464387108099
"ENSG00000224051.7",1403.17852422004,1.63258200835768,0.604860600271091,2.69910456661581,0.00695263268752077,0.0357016730841287
"ENSG00000137185.13",523.487977840477,1.22998382220507,0.455773738693539,2.69867198959462,0.00696167549892136,0.0357353496176883
"ENSG00000171954.13",19.3312709655998,-1.67347053222368,0.620119902505752,-2.6986241297233,0.00696267663493293,0.0357353496176883
"ENSG00000137198.10",211.959664581899,-1.35203202737986,0.501112473098785,-2.69806101416544,0.00697446563941368,0.0357868977653999
"ENSG00000114423.23",1508.62697282871,1.09141868139096,0.404550288994664,2.69785663508786,0.00697874881306242,0.0357999163530227
"ENSG00000196935.10",316.931506940298,-1.18646341975544,0.439906169335375,-2.69708292918007,0.00699498478106857,0.0358742291023086
"ENSG00000288649.2",71.1239311720145,1.7049027173908,0.632175144240523,2.69688350281316,0.00699917517398401,0.035886743627749
"ENSG00000196711.9",53.4128254787053,3.11861504823843,1.1564550595964,2.69670232523071,0.0070029840735294,0.0358972963609117
"ENSG00000142185.18",498.468619680692,1.2024795976516,0.445960930526742,2.69637879764783,0.00700979022988621,0.0359232039174174
"ENSG00000127774.7",55.4324245085569,1.21959655018277,0.452367267330122,2.69603182692871,0.0070170961685224,0.0359516591302807
"ENSG00000100883.13",2395.93515103928,1.21260737490189,0.449820959496528,2.69575560965218,0.00702291718551174,0.0359724941223414
"ENSG00000188243.14",1209.97461482156,-0.958653384136751,0.35564910092192,-2.69550346578049,0.00702823466390983,0.0359907401470547
"ENSG00000253250.3",29.1245454157911,-1.20649088386798,0.447641776362404,-2.69521511971488,0.00703432004398839,0.036012908409972
"ENSG00000124659.7",638.195540510845,0.804653186106404,0.298566453570065,2.69505557802922,0.00703768911357712,0.036021162652218
"ENSG00000124356.17",1034.5951107135,0.563101695529198,0.208964396269981,2.69472553975976,0.00704466318876483,0.0360478597510442
"ENSG00000152484.14",1745.7229690655,-0.674542123546177,0.250409119929094,-2.69376021023987,0.00706509730911964,0.0361277831304687
"ENSG00000256139.3",17.2479300673448,-1.46262387340423,0.542971767458274,-2.69373835080041,0.00706556064589827,0.0361277831304687
"ENSG00000305630.1",14.6474730420436,2.29588275077152,0.852303659631219,2.69373799446657,0.00706556819904309,0.0361277831304687
"ENSG00000205559.6",58.3121001068461,0.884678788176745,0.328458266209744,2.69342829573305,0.00707213556997708,0.0361523479747719
"ENSG00000156384.15",220.385538793127,-0.968577019889125,0.359635489031933,-2.69321868788962,0.00707658355556018,0.036166069098506
"ENSG00000249679.4",120.041171652966,-2.40468602128509,0.893284346562377,-2.69196032656234,0.0071033394700713,0.0362937633925597
"ENSG00000174514.13",1417.75132922266,2.57875179513941,0.958170730597705,2.69132808255455,0.00711681681196726,0.036353565498898
"ENSG00000188611.17",33.688675026053,1.51814417727591,0.564186659599765,2.69085443876479,0.00712692836019822,0.0363961492148205
"ENSG00000196136.18",21.2713900955538,-2.6944387400549,1.00146077411945,-2.69050851484824,0.00713432143799967,0.0364248323617394
"ENSG00000176595.4",381.923731701211,-1.42788871338447,0.530749720912984,-2.69032400229669,0.00713826765076452,0.0364299689311797
"ENSG00000184792.16",270.238554744247,1.13491475736653,0.421855081464341,2.69029533418684,0.00713888095812915,0.0364299689311797
"ENSG00000239911.5",63.6243128700708,-0.961194721318732,0.357312038422777,-2.69007091270021,0.00714368372393809,0.0364454070852517
"ENSG00000196878.15",6949.54799947386,1.65753180347941,0.616336735979644,2.6893282628121,0.00715959760218524,0.0365175097600015
"ENSG00000060688.13",967.954054442591,0.834927067601862,0.310554809904758,2.68850148499687,0.00717735164440372,0.0365989599892698
"ENSG00000158955.11",41.4815610427574,-1.90252565365013,0.707864812644448,-2.68769632232836,0.00719467949879746,0.0366781970271863
"ENSG00000173175.16",227.489161362735,-1.92576853367224,0.716540705093814,-2.68759125613124,0.00719694338904429,0.0366806182572618
"ENSG00000132591.12",974.971885539514,0.928832269255802,0.345778808618832,2.68620356743636,0.00722690434687139,0.0368241666819709
"ENSG00000198258.11",1758.2233226063,-0.910331858976099,0.339042884410589,-2.68500505639182,0.00725287089315731,0.0369472956008193
"ENSG00000162148.11",159.36441394936,-1.73257731297794,0.645334596416736,-2.68477363928447,0.00725789433335816,0.0369545233203814
"ENSG00000234779.2",13.6941785991836,-1.79788925620628,0.669657288360124,-2.6847900970495,0.00725753697664089,0.0369545233203814
"ENSG00000189320.9",70.8442949566676,-1.41043880262049,0.525371477311156,-2.6846505064171,0.00726056848768026,0.0369589613384796
"ENSG00000161692.18",265.843223038126,1.15417141495024,0.430027019988861,2.68395091773567,0.00727577868656116,0.0370192303665223
"ENSG00000197182.17",163.766855134399,-1.38482117178893,0.515965797213129,-2.68393986436451,0.00727601923415357,0.0370192303665223
"ENSG00000289189.3",185.930637788979,2.33292765673125,0.869377241458462,2.68344689218865,0.00728675473805076,0.0370646537209111
"ENSG00000143379.13",961.445061258815,0.829716407012863,0.30920943855712,2.68334760699613,0.00728891860027477,0.03706646502481
"ENSG00000211972.2",56.6449716586314,3.72010711867913,1.38653366336786,2.68302690152006,0.00729591212677233,0.0370928297166724
"ENSG00000147488.13",21.587551745911,1.89241067840034,0.70564345078618,2.68182277649137,0.00732222388652388,0.0372173719804872
"ENSG00000101335.10",8291.59747340589,-1.68964623430001,0.630154058305544,-2.68132246714937,0.00733318133487783,0.0372638290186704
"ENSG00000267551.3",22.3263168166115,-2.60447141478227,0.971522045971717,-2.68081555697203,0.0073442983520484,0.0373110736893955
"ENSG00000295970.1",18.4145365647105,1.39090801542651,0.518979527705591,2.68008262594811,0.00736039895491193,0.0373836066810786
"ENSG00000148180.22",16562.9081062168,-0.916339012927097,0.341922142443657,-2.67996394260455,0.00736300909845392,0.0373876024157254
"ENSG00000297252.1",11.8052234104555,-2.71053287006901,1.01158270277807,-2.67949705211959,0.0073732852482543,0.0374305126838837
"ENSG00000266916.10",63.8934522457218,1.84978588342702,0.69055528345767,2.67869340476983,0.00739100347280175,0.037511172080774
"ENSG00000139193.4",173.519876615919,2.24271671503163,0.837327766141295,2.67842152824678,0.00739700624634437,0.0375323474573237
"ENSG00000267698.3",14.1978165428779,1.65498299561033,0.617948462470161,2.67818935740171,0.00740213581791154,0.0375490828328694
"ENSG00000105355.9",1789.94900020866,1.0719482671627,0.400428584093719,2.67700236632411,0.00742841103260188,0.0376629574585403
"ENSG00000134901.14",328.416168967615,1.22800580293015,0.458737225002667,2.67692643195243,0.007430094758086,0.0376629574585403
"ENSG00000281207.1",54.865424476332,1.62982514592758,0.608825296934292,2.67699971426036,0.00742846983218403,0.0376629574585403
"ENSG00000274276.6",58.8791100604484,-2.13364229500327,0.797170324417546,-2.67651997277022,0.00743911317355442,0.0376993515844191
"ENSG00000119402.18",2194.6704548646,-0.580400039941334,0.216874206298819,-2.67620594374248,0.00744608749303305,0.0377067369615089
"ENSG00000126016.17",716.54959509405,1.4021356612193,0.523914571810226,2.67626772886779,0.0074447148343675,0.0377067369615089
"ENSG00000162669.16",23.8617925169096,-1.97648799315653,0.738538218372234,-2.67621626611658,0.00744585814864115,0.0377067369615089
"ENSG00000267080.9",284.101919005129,1.29383525218346,0.483547073302475,2.67571726439573,0.00745695231249625,0.0377524321519563
"ENSG00000166888.13",7009.18557989821,-0.568974286737311,0.212680559675717,-2.67525291265384,0.00746728942735222,0.0377954338233596
"ENSG00000254245.3",21.2932837926812,-1.77477131055996,0.663536078309715,-2.6747171232663,0.00747923281091142,0.0378465423383336
"ENSG00000308682.1",14.7251079196446,-1.74021646208508,0.65077940314691,-2.67404969129338,0.00749413462458858,0.0379125922384812
"ENSG00000116698.22",2387.69196561218,0.700500571718815,0.26206458492338,2.67300738832613,0.00751745947735912,0.0380118345558006
"ENSG00000163873.10",80.6906754686313,2.98258500720477,1.11578842332735,2.67307398503967,0.00751596721904095,0.0380118345558006
"ENSG00000152455.16",195.932523204464,1.1465874580688,0.428972662279028,2.67286836409868,0.00752057550320754,0.0380182150191734
"ENSG00000105778.20",1495.99011452062,1.16983708353277,0.437749115142461,2.67239165783822,0.00753126897682201,0.0380444820295878
"ENSG00000178460.18",25.9631024793748,1.83652159426847,0.687221013965083,2.67238858671132,0.0075313379125096,0.0380444820295878
"ENSG00000185651.16",2844.92358011785,0.575725029131694,0.215425357555904,2.67250353284102,0.00752875817343276,0.0380444820295878
"ENSG00000236618.4",19.0440016605472,1.48386145802904,0.555327080348355,2.67204951917385,0.0075389522322925,0.0380735656578634
"ENSG00000197956.10",14422.8640747918,-0.985377394792534,0.368896120253826,-2.67115141822182,0.00755915393315909,0.0381661886839433
"ENSG00000111186.13",269.621940339019,2.13649151820564,0.79995986013787,2.67074840209786,0.00756823506238119,0.0382026321317242
"ENSG00000169258.7",81.4321506026133,1.27740417200987,0.478339063531606,2.67049937878524,0.00757385117207078,0.0382121664449162
"ENSG00000185303.17",237937.565845898,-3.15452599791897,1.18122753937964,-2.67054897786728,0.00757273228860703,0.0382121664449162
"ENSG00000223914.6",141.438792455819,-3.48125578813342,1.30396171437983,-2.66975306847036,0.0075907047546463,0.038287776208922
"ENSG00000100749.9",377.401917770419,0.629820540958402,0.235948349857131,2.66931530286084,0.0076006062514809,0.03832829084613
"ENSG00000196118.12",101.154265176742,1.95930473140265,0.734203450829672,2.66861280642113,0.00761651969957675,0.0383990951364942
"ENSG00000177542.11",1024.06740992179,1.12833491238282,0.422921336870492,2.66795456746686,0.00763145769295461,0.038464948017783
"ENSG00000048740.19",2591.71282864438,-1.38583981971294,0.519511268024845,-2.66758375613647,0.00763988439873206,0.0384979576582949
"ENSG00000267530.6",79.7550803495393,-2.03587605505495,0.763415149796103,-2.66680069893648,0.00765770682130949,0.0385782851754619
"ENSG00000115641.19",1048.04419482689,1.32693033692745,0.497734922134886,2.665937787198,0.00767738988942527,0.0386679445573018
"ENSG00000124383.11",992.525449975365,0.690522640257283,0.259029231419704,2.6658097098641,0.0076803152024225,0.0386731785143593
"ENSG00000171729.14",784.428524345906,1.06623766236793,0.399990091874312,2.66566018516022,0.0076837316417295,0.0386808822936464
"ENSG00000170293.9",478.753575170926,-0.978712253843311,0.367187678196848,-2.66542782331227,0.00768904350189658,0.0386981217385585
"ENSG00000125347.15",4621.05320895274,-1.38787280177934,0.520799028356133,-2.66489130396435,0.00770132106667844,0.0387472533162897
"ENSG00000152217.20",514.235269854293,-1.89529606782892,0.711224251256245,-2.66483611108766,0.00770258508179852,0.0387472533162897
"ENSG00000151364.17",162.377956907582,1.98522681673612,0.745015417717489,2.6646788368733,0.00770618796107981,0.0387558690100516
"ENSG00000213300.5",45.4597289934224,1.28072517757504,0.480648034258043,2.6645800799998,0.00770845108150685,0.0387577442312939
"ENSG00000178295.15",281.806726629511,1.35987298822695,0.510392768271664,2.66436570571301,0.0077133657497459,0.0387729471274307
"ENSG00000180329.14",541.575687516775,0.644116577764002,0.241761423254921,2.66426532857075,0.00771566792531886,0.0387750135148868
"ENSG00000233797.5",13.3096428969737,2.09401730023368,0.786169869038479,2.66356850179817,0.00773166680903689,0.0388458946955385
"ENSG00000174137.14",84.79866565831,1.53998180366941,0.578253757386988,2.66315918227367,0.00774107848739685,0.0388836534310596
"ENSG00000210195.2",13.8499043700971,-3.05656415916777,1.14783043376315,-2.66290566033074,0.00774691298525052,0.0389034297941653
"ENSG00000163655.16",1467.72757065578,0.759806160451927,0.285371788392611,2.66251322435066,0.00775595219103732,0.0389392859267946
"ENSG00000069431.14",640.63209572828,-1.76991895584445,0.664821779407035,-2.66224574866225,0.00776211852862722,0.0389607046048892
"ENSG00000162572.21",300.180291346816,1.46954396726059,0.552044386664143,2.66200327865057,0.0077677121854118,0.0389697016515008
"ENSG00000174021.12",825.612181626667,0.761187481721695,0.285937748500224,2.6620741252745,0.00776607741734801,0.0389697016515008
"ENSG00000297071.1",7.6869069046591,-2.77269994781162,1.04174870351969,-2.6615823359738,0.00777743169227042,0.0390089186444014
"ENSG00000146859.6",921.420528412588,-0.989355715143879,0.371764272170216,-2.66124474352633,0.0077852345266735,0.0390315483344315
"ENSG00000267470.7",53.1298419634084,2.05639585717325,0.7727260378084,2.66122242108677,0.0077857507163395,0.0390315483344315
"ENSG00000164742.16",142.777952242112,-1.23190912364686,0.462957407222492,-2.66095563960772,0.00779192221155189,0.0390529388965192
"ENSG00000154079.6",184.112627763032,-0.871939400299689,0.327711933036221,-2.66068858775221,0.00779810435074947,0.039074372338164
"ENSG00000123352.18",741.586109593687,0.595938180884412,0.223999835419557,2.66044026223593,0.00780385692577058,0.0390745500380953
"ENSG00000152464.15",282.892760359225,1.11638422035407,0.419608774691243,2.66053592700852,0.00780164035716479,0.0390745500380953
"ENSG00000253683.1",74.4406944292266,-1.3317395776365,0.500564863953677,-2.66047354406349,0.00780308571632665,0.0390745500380953
"ENSG00000101138.12",807.463293190347,1.00604870334412,0.378286003578364,2.65949227258607,0.0078258525203584,0.0391655553032533
"ENSG00000204618.10",182.815748475131,1.60612738843139,0.6039183497843,2.65951082460907,0.00782542153741154,0.0391655553032533
"ENSG00000185761.11",108.057102320946,1.58913404394822,0.597609408577449,2.65915164845044,0.00783376935658484,0.0391956092941473
"ENSG00000146648.21",6871.26522234305,2.05406288428393,0.772480624214472,2.65904777401076,0.00783618504878656,0.0391981308222297
"ENSG00000188312.15",106.662009516649,1.18371262116915,0.445190556448888,2.65888978106626,0.00783986059426315,0.039206951615798
"ENSG00000225880.7",243.965800430484,1.07027077375247,0.402673805871804,2.65791009533211,0.00786268648876026,0.039301931683457
"ENSG00000272666.2",26.2698830011525,1.70093047611087,0.639949230660055,2.65791471357267,0.00786257874793768,0.039301931683457
"ENSG00000011295.16",1139.71574386921,-0.745817388214078,0.280709622709574,-2.65689997020768,0.00788628391477027,0.0394044523111436
"ENSG00000163568.17",243.572080575911,2.10246528484093,0.791332339037053,2.65686764097036,0.00788704020117701,0.0394044523111436
"ENSG00000152315.5",50.17342861417,1.76651725602353,0.665156473937304,2.65579202073592,0.00791223953580739,0.0395140909650677
"ENSG00000237753.3",35.286508863056,-1.12839062068012,0.424883226430255,-2.65576645649331,0.00791283932415958,0.0395140909650677
"ENSG00000117862.14",339.213868597678,0.878842291257981,0.330928844045797,2.65568356180025,0.00791478447987055,0.0395141809046179
"ENSG00000148841.17",2119.72847132718,-1.3657117491153,0.514361551753661,-2.65515908889196,0.00792710136730914,0.039566038567504
"ENSG00000188649.16",58.5980509238175,-2.00494214763831,0.755191916661013,-2.65487765878495,0.00793371763563244,0.0395797923116806
"ENSG00000225234.1",47.9359567709146,1.78458702956572,0.672182858541759,2.6549130298223,0.00793288581019056,0.0395797923116806
"ENSG00000163827.14",96.5673993709035,-2.62384535593418,0.988410040247636,-2.65461220454297,0.00793996285217965,0.0396013131406207
"ENSG00000151445.16",628.625647255725,0.780064100657327,0.293882955053075,2.65433597711187,0.00794646619854107,0.0396241106359159
"ENSG00000240184.7",854.457061332526,-1.53793436857665,0.579444613575265,-2.65415249800555,0.00795078856575568,0.0396360244960502
"ENSG00000116031.9",970.686876913181,4.53187051758069,1.70774369131668,2.65371820175578,0.00796102802877337,0.0396774231166673
"ENSG00000185483.13",449.632649551806,-1.27768942663162,0.481487789821609,-2.65362788764592,0.00796315885976154,0.0396783983622237
"ENSG00000081760.17",848.085408150942,0.986889017233973,0.371929944716765,2.65342716082061,0.00796789654846837,0.039682718200096
"ENSG00000122687.19",18.7634976865994,1.49527076055497,0.563515842948884,2.6534671194517,0.0079669532169667,0.039682718200096
"ENSG00000124783.14",4277.33623186269,0.849352441015443,0.320259755096674,2.65207359806747,0.00799991019583153,0.0398317937841609
"ENSG00000248712.8",89.0772936117048,-1.81086813437288,0.682831779190137,-2.65199744587259,0.00800171471893089,0.0398317937841609
"ENSG00000123146.20",3955.89213330429,-1.07822579120274,0.406614961657146,-2.65171204426041,0.00800848091620911,0.0398557992004737
"ENSG00000306644.1",13.2529327314656,-1.62745762352743,0.613810969115832,-2.65139872927282,0.00801591477236446,0.0398831148974911
"ENSG00000125835.20",3042.3096352689,1.0567075574775,0.398608227059424,2.65099284395845,0.00802555418119421,0.0399213883869981
"ENSG00000233452.10",40.7870666552982,-1.51837934504246,0.572855001974254,-2.65054741568041,0.00803614464333999,0.0399643729728458
"ENSG00000106823.13",953.841977744327,-1.25823178605623,0.474855800818299,-2.64971341592116,0.00805600739744993,0.0400534373611332
"ENSG00000082438.18",1457.13275027296,-1.1382550420471,0.42965650882707,-2.64922099086652,0.00806775574683614,0.0401021245656068
"ENSG00000172757.13",14391.7765513453,0.706442322865331,0.266704655111872,2.64878137417214,0.00807825714347381,0.0401445914856488
"ENSG00000074201.9",2284.25155677308,1.45082808488354,0.547798342220576,2.64847111256747,0.00808567591892927,0.0401647298079349
"ENSG00000161940.11",1075.29978872888,-1.43731354989266,0.542723456511221,-2.64833504549834,0.00808893139048698,0.0401647298079349
"ENSG00000179348.13",1573.59322211331,-1.90370867342149,0.718819874629348,-2.64838068702972,0.00808783926363885,0.0401647298079349
"ENSG00000197582.5",250.594104933188,1.01289203173054,0.382471028399884,2.64828433141224,0.00809014505007662,0.0401647298079349
"ENSG00000138738.11",342.472952993818,-0.861442950888327,0.325339280300378,-2.64782952151666,0.00810103658065447,0.0402090665818783
"ENSG00000182327.8",42.1510349569309,-1.39679694852459,0.527562462144463,-2.6476427887739,0.00810551215054722,0.0402215443211085
"ENSG00000137547.9",880.824549728756,1.02091478546182,0.385616619450682,2.6474864774141,0.00810926028907659,0.0402304072023291
"ENSG00000006007.12",2905.85704569591,1.21218085657952,0.457972105376795,2.64684429979026,0.00812467514001426,0.0402971308831283
"ENSG00000106263.19",5155.09551560973,1.12178970027018,0.424005895505834,2.64569363813185,0.00815236127266516,0.0404148973729996
"ENSG00000304366.1",12.508372323102,2.29178121985997,0.866205595393621,2.64577050996599,0.00815050902642131,0.0404148973729996
"ENSG00000135912.11",556.354027810483,0.783708081560909,0.296281844099693,2.6451437952344,0.00816562086481097,0.0404708460749539
"ENSG00000189042.14",261.271252833435,1.01043176566555,0.382069153131124,2.64463057900613,0.00817801460907935,0.0405224774153125
"ENSG00000166532.16",1217.03530336599,-0.966378831046677,0.365429594604727,-2.64450073369667,0.00818115293248751,0.040525148071771
"ENSG00000228203.9",54.4784453206336,2.34616631702402,0.887205649185593,2.64444474533912,0.00818250648737475,0.040525148071771
"ENSG00000152128.13",560.343497971785,-1.87586387798519,0.709450855294538,-2.64410686657979,0.00819067918088702,0.0405558285256961
"ENSG00000077684.16",929.465417819605,-0.841975701481566,0.318467060397904,-2.6438392103396,0.00819715849995339,0.0405781115120821
"ENSG00000148483.9",84.4605627325469,-1.93253780413525,0.731394897050403,-2.64226317674468,0.00823540362291091,0.0407486113086625
"ENSG00000199477.1",17.7410418266491,-1.68897279686619,0.63921616000237,-2.64225609824996,0.00823557575415028,0.0407486113086625
"ENSG00000214756.8",54.2853960705956,1.11734953693526,0.422925729176808,2.64195214396177,0.00824297019809051,0.0407753584901442
"ENSG00000259345.8",29.4794418222419,2.19884782769729,0.832322274317074,2.64182263955565,0.00824612251926046,0.0407811133948182
"ENSG00000137843.12",292.880061516134,1.52778611429121,0.578545015385249,2.64073853142415,0.00827255359168185,0.0409019625859283
"ENSG00000060138.13",6525.047917855,-1.16754144750916,0.442159675662875,-2.64054257267764,0.00827733924023443,0.0409058963079698
"ENSG00000210196.2",2865.99383138778,1.43512346194503,0.543482546187653,2.64060634883666,0.00827578144525859,0.0409058963079698
"ENSG00000006740.18",1105.84008950617,-1.41764717069326,0.537012907192003,-2.63987541399334,0.00829365097737986,0.0409497800368078
"ENSG00000087510.7",521.838861792922,1.81890259824098,0.689016711126038,2.63985266085695,0.00829420778837606,0.0409497800368078
"ENSG00000198876.13",2052.32487428458,1.0995707366831,0.416514950848479,2.63993101434457,0.00829229047547922,0.0409497800368078
"ENSG00000255108.2",19.0099658436719,1.70779712595112,0.646928706016602,2.63985368104426,0.00829418282180462,0.0409497800368078
"ENSG00000148400.13",3527.53060976194,-1.08545323938097,0.411280429187988,-2.63920469428616,0.00831007876447575,0.0410182607093912
"ENSG00000120705.13",3707.77213592187,-0.889648501980087,0.337134897550659,-2.63885023011124,0.00831877232853223,0.0410512894883814
"ENSG00000014216.16",5390.51496804521,0.727244265648357,0.275684928440562,2.63795438423886,0.00834078006084086,0.0411372571540433
"ENSG00000109118.14",1922.46410892386,0.825396531022678,0.312899552660698,2.63789616828798,0.00834221201943581,0.0411372571540433
"ENSG00000203867.9",34.3181842583098,-1.46840668822884,0.556634792119813,-2.63800737757832,0.00833947675587589,0.0411372571540433
"ENSG00000186056.12",73.7012583038773,1.34304739068759,0.509172884412602,2.63770407223662,0.00834693863506087,0.0411506683753999
"ENSG00000286913.2",7.100914835511,-2.06263477798094,0.782072513960078,-2.63739581837067,0.0083545283762928,0.0411781850546893
"ENSG00000169891.18",557.621357540763,-1.06888134839704,0.405338889489477,-2.63700665323106,0.00836411910893848,0.0412155487165764
"ENSG00000182885.17",161.292468608085,-1.94784842549628,0.738698688919838,-2.63686460354292,0.00836762228783051,0.0412229042262558
"ENSG00000188404.10",1042.58923973369,-1.89752987789501,0.719781392331175,-2.6362585892217,0.00838258234555051,0.0412783180440736
"ENSG00000254788.7",16.6102225525689,1.97776273006821,0.750219378064338,2.63624586073888,0.00838289681698802,0.0412783180440736
"ENSG00000164188.9",127.662961723168,-2.12591513890332,0.806617439905051,-2.63559282719397,0.00839904490829755,0.0413479031932132
"ENSG00000295087.1",44.490186154049,1.72790966889346,0.655683256701458,2.63528106175235,0.00840676399336701,0.0413759694959187
"ENSG00000247746.5",103.142669637488,-1.04177759768938,0.395353758170412,-2.63505171295308,0.00841244655260619,0.0413940014673956
"ENSG00000198744.5",16.1501208083283,1.98262107931722,0.752469864606972,2.63481791440616,0.00841824289883612,0.0414125845484011
"ENSG00000234614.2",119.099263000425,1.19814447145823,0.45478838082801,2.63450985549988,0.00842588576584971,0.0414382812806359
"ENSG00000261253.3",21.5794248153789,2.3168015092642,0.879426962316683,2.63444448321328,0.00842750843446409,0.0414382812806359
"ENSG00000164627.18",69.3043317881169,-1.86479226226914,0.708198323678621,-2.63314978293479,0.00845970307176021,0.0415866103532418
"ENSG00000135127.12",404.469412727702,1.23966699125891,0.470825388619813,2.6329654713245,0.00846429518482677,0.041589242384301
"ENSG00000204536.15",943.046379771334,1.28214721490772,0.486948779264236,2.63302275209521,0.0084628677990693,0.041589242384301
"ENSG00000109758.9",31.8033599713712,1.85808173796877,0.705721420235253,2.63288272778991,0.00846635746009288,0.0415894090468961
"ENSG00000115590.14",81.2870245453383,-1.35108546779756,0.51319763972231,-2.6326805955862,0.00847139723276114,0.0415958616232755
"ENSG00000131095.14",14.0885646727608,1.9398064800684,0.73682172679745,2.63266731899946,0.00847172835245798,0.0415958616232755
"ENSG00000100029.18",1822.94894998577,0.728118329217613,0.276596335643421,2.63242218131291,0.00847784419639154,0.0416159246834599
"ENSG00000112378.12",4119.49748948605,1.39814752887869,0.531184304660054,2.63213260748258,0.0084850737465761,0.041641443776878
"ENSG00000253731.3",62.3395081280553,-1.73226381967316,0.65822269876052,-2.63172908338642,0.00849515739257811,0.0416809540984497
"ENSG00000024422.12",4832.70475338186,-1.12289161171257,0.426746428811368,-2.63128531582608,0.00850625905136916,0.0417107419766049
"ENSG00000124635.10",71.5161936475288,1.56264424798719,0.593844280298924,2.63140405629671,0.00850328727043332,0.0417107419766049
"ENSG00000143387.14",3703.99765737532,1.52301254888056,0.578818775321537,2.63124247832928,0.00850733139612572,0.0417107419766049
"ENSG00000197694.19",7764.75602138077,-0.73015694339994,0.277522376209454,-2.63098404306278,0.00851380333290511,0.0417324942715483
"ENSG00000120910.15",577.055967264574,-0.80083955196629,0.304501656877335,-2.63000063835087,0.00853847078522997,0.0418434046320161
"ENSG00000290791.2",52.2533223332096,1.36658207433957,0.519735300684979,2.62938090319919,0.00855404885559029,0.0419097294468395
"ENSG00000233859.2",15.32325464123,-1.64434870699628,0.625439236785341,-2.62911024810016,0.00856086018850385,0.0419330810571149
"ENSG00000133460.20",310.515564360891,0.767592973317392,0.291983067808471,2.62889550095728,0.00856626798581174,0.0419495483116991
"ENSG00000280399.1",88.5478188016337,-1.60915223469505,0.612172759806063,-2.628591698861,0.00857392359574254,0.0419770127524129
"ENSG00000279145.2",15.2951267984639,-1.707323511447,0.649604697896045,-2.62824994489221,0.0085825428774822,0.0420091809882777
"ENSG00000172725.14",5590.05208512972,1.40713759973357,0.535538931084202,2.62751691438157,0.00860105656723491,0.0420897527099247
"ENSG00000267321.4",213.701088452831,-0.973835138179723,0.370799857049874,-2.6263093678829,0.00863163266464522,0.0422292999656134
"ENSG00000291057.2",99.2068753966003,1.46739534318299,0.558812325648859,2.62591799756588,0.00864156331889238,0.0422677992105366
"ENSG00000178385.15",591.230761816474,-1.03288160336064,0.393381597827615,-2.62564799437636,0.00864842034795216,0.0422912498961152
"ENSG00000251002.10",44.5117881058412,1.83735357252954,0.699889994222824,2.62520337152382,0.00865972263487729,0.0423364217705112
"ENSG00000182580.3",545.024252902263,1.39631529392629,0.531932838660043,2.62498419432735,0.00866529896286754,0.0423434914048227
"ENSG00000214357.9",1232.91743103952,-1.45642436230529,0.554821733250484,-2.62503120375741,0.00866410267399449,0.0423434914048227
"ENSG00000141449.16",65.6970661544154,1.98887801806139,0.757735417186971,2.62476581264333,0.00867085824308769,0.0423523741590233
"ENSG00000166398.14",1415.64968831333,-0.921638249324358,0.35113365838812,-2.62475051111631,0.00867124788917187,0.0423523741590233
"ENSG00000144810.16",4771.40962070947,1.4803055884892,0.564052709723804,2.62441002936419,0.0086799221438934,0.0423745532472358
"ENSG00000168615.13",6992.72025217264,1.10950051423987,0.42275731939253,2.62443833221891,0.00867920079316997,0.0423745532472358
"ENSG00000130821.17",1044.01058286522,2.13718231510095,0.814425321803574,2.62415995412333,0.00868629810371364,0.0423872231331137
"ENSG00000142197.13",824.246600561634,0.742158675025306,0.282819116110811,2.624146080474,0.00868665195109948,0.0423872231331137
"ENSG00000104808.8",51.7730693781247,1.26152179198487,0.480867744068025,2.62342776687973,0.00870499014710293,0.0424665995660715
"ENSG00000188976.11",2687.46197191827,1.33323022962051,0.508219701427108,2.62333440808519,0.00870737609040449,0.0424681349566255
"ENSG00000242622.5",61.6090268907978,1.04973419866412,0.400165534077286,2.62324990352963,0.00870953625242115,0.0424685686848141
"ENSG00000290008.2",11.0069182634025,-2.00052039916884,0.762683539104022,-2.62300193540167,0.00871587774453114,0.0424893859424314
"ENSG00000167077.13",372.980214445792,2.18791750379072,0.834175409130353,2.62285063769942,0.00871974903123965,0.0424981540614542
"ENSG00000187513.9",638.694742516969,-1.56204650590598,0.595638198944593,-2.6224753695679,0.00872935773043553,0.0425258663054767
"ENSG00000228109.3",99.3803798026026,2.02091696236319,0.770616862352479,2.62246657332919,0.00872958307060824,0.0425258663054767
"ENSG00000184497.13",565.469469095483,-1.5528768766046,0.592184985237323,-2.62228343392103,0.00873427587794083,0.0425386205703797
"ENSG00000231563.4",85.0124274930871,2.39117196744581,0.911927287835743,2.62210814320594,0.00873876967989038,0.0425503997901858
"ENSG00000127125.9",1767.90452265984,0.684373066381276,0.26103330719486,2.6217844524737,0.00874707333679287,0.0425807197762586
"ENSG00000076248.12",900.71690672045,0.80814951570689,0.308311881924051,2.62120781937937,0.00876188320771388,0.0426426900761845
"ENSG00000084072.17",1941.52999288082,1.24312879622549,0.474337675848288,2.62076756606425,0.00877320546805366,0.042677533788131
"ENSG00000272734.2",307.612761778203,-1.31762259120514,0.502759377235985,-2.62078173150945,0.00877284096329406,0.042677533788131
"ENSG00000258647.7",52.7315744303149,-2.12162590823428,0.809691338707976,-2.6202897410509,0.0087855087749021,0.0427272466604821
"ENSG00000104892.17",104.245627962543,2.49243301096272,0.951355154800935,2.61987649763063,0.0087961616277318,0.0427610395554595
"ENSG00000287778.3",163.034676961425,1.80499405661338,0.688966262810648,2.61985840823306,0.00879662821132113,0.0427610395554595
"ENSG00000167740.10",426.672650805087,-0.846958795164625,0.323306325700674,-2.61967900977219,0.00880125667031102,0.0427733981436495
"ENSG00000205639.12",30.6405899849727,1.64846503513017,0.629304545465826,2.61950282578992,0.00880580431373285,0.042785358210611
"ENSG00000156510.13",319.270162396873,1.6085719029642,0.614142165420445,2.61921749317272,0.00881317374417284,0.0428110197703198
"ENSG00000100154.15",1148.40718742036,-1.0893749010615,0.415953650164703,-2.61898146735855,0.0088192738663396,0.0428212245330773
"ENSG00000164610.10",195.319514211013,1.45409471957305,0.555215281212163,2.61897460098437,0.00881945138525094,0.0428212245330773
"ENSG00000225684.5",20.1343963903709,1.79666799251464,0.686056340406759,2.61883446984748,0.00882307494480728,0.0428286762945853
"ENSG00000286753.4",42.0582185848543,1.79968609480712,0.687284352293778,2.61854658672318,0.00883052329982864,0.0428546863289199
"ENSG00000175093.5",34.5874768997093,-1.26809019491104,0.484324787013605,-2.61826408417006,0.00883783790461085,0.0428800351150357
"ENSG00000244731.10",2650.97123977855,2.14680049733146,0.82005046134524,2.61788828678881,0.00884757650435416,0.0429171300320032
"ENSG00000013275.8",2281.8158757451,0.931110414348963,0.355785615743997,2.61705469008881,0.00886921296820517,0.0430119069773129
"ENSG00000112655.16",4921.94899886173,1.2127470627585,0.463437477454589,2.61685151019608,0.00887449377374765,0.0430171679283503
"ENSG00000163947.12",1725.29656533018,-0.780198142302959,0.298137461154799,-2.61690744692383,0.00887303965399611,0.0430171679283503
"ENSG00000137404.15",457.290939029498,1.00509295582665,0.384130107283541,2.61654303260524,0.00888251671879284,0.0430458810688084
"ENSG00000135736.6",400.832215653768,-1.3334479723155,0.509722026169784,-2.6160297257222,0.00889588126481692,0.0431004606459844
"ENSG00000197136.5",2306.24873120558,0.908428374374144,0.347288489462621,2.61577449854387,0.00890253308665017,0.0431224990334692
"ENSG00000173456.5",973.327266054835,1.14103436499875,0.436272037740796,2.6154194316636,0.00891179435586,0.043157163786621
"ENSG00000102921.8",1917.24510364067,-0.686969802743148,0.262765083897381,-2.61438769776366,0.00893875409590622,0.0432775003500498
"ENSG00000197992.7",34.1642056916632,-1.49427583589777,0.571881811797534,-2.61291022912755,0.00897748795955286,0.0434483421312761
"ENSG00000259553.7",27.8602432100011,1.49667663893144,0.572807234022013,2.61288012796627,0.00897827865832115,0.0434483421312761
"ENSG00000187049.11",368.678540448099,0.793549819870764,0.303724460901643,2.61272937159889,0.00898223966971561,0.0434572539376708
"ENSG00000137274.14",318.408989390814,0.853710745568904,0.326775624453535,2.61252884757411,0.0089875107076197,0.0434724981243299
"ENSG00000126822.18",1609.32044708694,1.58178630375863,0.605713377839642,2.61144356659297,0.00901608670638086,0.0436004343933097
"ENSG00000184949.18",258.48851478809,1.57539533922798,0.603366807402493,2.6110076323391,0.00902758789704356,0.0436449003537309
"ENSG00000242125.3",483.385249073615,0.960891347150794,0.368025942813479,2.61093372876104,0.0090295389826632,0.0436449003537309
"ENSG00000112640.16",778.252096306131,0.788010036058656,0.301849576198723,2.61060507681438,0.00903822009364822,0.0436765648833757
"ENSG00000005189.20",133.206612366103,1.2363675284165,0.473700453442987,2.61001972750973,0.00905370014341263,0.0437410621443291
"ENSG00000125901.6",1177.79690961233,1.10496127347479,0.423453267240163,2.60940547389402,0.00906997004231297,0.0438093441101496
"ENSG00000160307.10",206.051906144708,2.05887305354393,0.789077708809023,2.60921456855174,0.00907503191736258,0.0438234701916162
"ENSG00000100312.11",37.2066402548617,-2.34408629753112,0.898747317816836,-2.60817056258391,0.00910275848142036,0.0439263261715799
"ENSG00000137288.10",591.082669150687,1.12370684611848,0.430835015006417,2.60820687033004,0.00910179295752891,0.0439263261715799
"ENSG00000291079.2",3237.19419785796,2.10160731278283,0.805752861697779,2.6082529925548,0.00910056657120981,0.0439263261715799
"ENSG00000198976.1",31.8107260361202,2.42844985554922,0.931153569344668,2.60800144626877,0.0091072569592726,0.0439376933395119
"ENSG00000134222.16",208.250713789475,1.03843790332899,0.398201134337712,2.60782256448395,0.00911201735741843,0.0439399821017186
"ENSG00000163354.15",93.4038804022456,0.975190377856683,0.373944630053084,2.60784698985582,0.00911136721903583,0.0439399821017186
"ENSG00000143297.19",285.965636157634,2.98808857605673,1.1459016638209,2.60763089050174,0.0091171206464145,0.0439542538758718
"ENSG00000121005.9",262.794380897287,1.59937633312935,0.61339068409098,2.60743499145176,0.00912233906348615,0.0439690738499577
"ENSG00000103326.12",1894.53223764112,0.736914821906466,0.28269913670924,2.60671054918852,0.00914166014151748,0.044051844780652
"ENSG00000106991.15",7012.93579649419,-1.20104271370163,0.460770237694234,-2.60659785604173,0.00914466898022939,0.0440559898427216
"ENSG00000149273.15",22351.0450975746,-0.706082649016499,0.270911826319868,-2.6063190323143,0.00915211720439044,0.0440815154237307
"ENSG00000198300.14",40.5924671291275,-2.00949016975022,0.771070922104259,-2.60610290460222,0.00915789435360274,0.044098982110444
"ENSG00000166828.3",330.80408974557,-2.31703024325995,0.889145101828616,-2.60590789792886,0.00916310972530316,0.0441137360431125
"ENSG00000272463.3",64.0235212539552,-1.8851644332564,0.723530579049568,-2.6055076148029,0.00917382343650458,0.0441549473572981
"ENSG00000103248.19",548.638351664724,0.686538482436643,0.263505150408215,2.60540821070509,0.00917648575277018,0.0441559719084612
"ENSG00000146267.12",253.321157006206,2.63309507631391,1.01065358869867,2.60533886759786,0.00917834336099597,0.0441559719084612
"ENSG00000213185.7",55.8009743276274,1.61348290830056,0.619407034002295,2.60488308935571,0.00919056140007236,0.0442043797670851
"ENSG00000116977.19",2160.63008623684,0.594398803440827,0.228262187288755,2.60401782047635,0.00921379659248206,0.0443057423387083
"ENSG00000147403.18",35389.5588948118,-0.821419879494608,0.315494343235062,-2.60359622005204,0.00922513687480764,0.0443498725629674
"ENSG00000161267.12",493.536767359229,1.60047414218458,0.614753149451612,2.6034419565191,0.00922928939416579,0.0443594350065578
"ENSG00000118307.20",50.364941719655,-2.16600808829812,0.832377321006794,-2.60219498253297,0.00926291716078367,0.0445106288879092
"ENSG00000088367.23",1378.76972448858,-0.940024389442813,0.361318323950341,-2.60165158291836,0.00927760546170946,0.0445707643830578
"ENSG00000107821.15",219.180862146042,1.29754363199466,0.498853913663937,2.60104931815524,0.00929390918991175,0.0446386305996605
"ENSG00000124713.6",44.6344087563157,-1.25469637497627,0.482501316982779,-2.60039989698319,0.0093115181165365,0.0447127324265724
"ENSG00000198464.14",445.366344320394,1.05055683745173,0.404140086910188,2.59948684003029,0.00933632582292349,0.044821359089961
"ENSG00000096088.16",3171.7044545763,-4.40893895807846,1.69623235137725,-2.5992541378536,0.00934265774993663,0.0448412580769431
"ENSG00000198793.14",1845.50248307069,0.792961891607132,0.305094731650063,2.59906779549586,0.00934773096831648,0.0448551078339249
"ENSG00000100473.18",43.5533089731463,2.01305593842179,0.774656301648723,2.59864398461271,0.00935927848083263,0.0448895078294719
"ENSG00000198804.2",811728.304398737,1.22634509478183,0.471912386108409,2.59867113235741,0.0093585384089294,0.0448895078294719
"ENSG00000168811.8",46.0069974063888,-2.17943750449812,0.838711445282322,-2.59855462418841,0.00936171489506099,0.0448906927521821
"ENSG00000108469.15",918.901737585376,1.06825911550347,0.411142268757309,2.59827119875638,0.00936944624048384,0.0449172610977042
"ENSG00000162736.18",4894.21994180419,1.35331800308581,0.520908759462562,2.59799432914523,0.00937700425415421,0.0449429862616124
"ENSG00000006016.12",816.684943406915,3.06005801829107,1.17798956744466,2.59769534710657,0.0093851720024746,0.0449611137240045
"ENSG00000286555.1",66.6775797549658,1.43585538471662,0.552740433710851,2.59770282242053,0.00938496771058995,0.0449611137240045
"ENSG00000257585.2",95.6856753724062,-2.22121682791355,0.855131296875171,-2.59751553478436,0.00939008726563393,0.044974153070441
"ENSG00000110400.11",835.539189583024,1.42786942737768,0.54979973904866,2.59707185355958,0.00940222534747517,0.0450217721916466
"ENSG00000087494.16",100.63098158798,2.07892155554899,0.800520102125474,2.59696358658478,0.00940518940257411,0.0450242407685971
"ENSG00000198246.10",358.068076625057,0.915760017839871,0.352636843566822,2.59689262351948,0.00940713263034872,0.0450242407685971
"ENSG00000260233.5",78.6962961591036,0.794777603738374,0.306070129081321,2.59671731483214,0.00941193475751042,0.0450367118478398
"ENSG00000112761.22",22.8952909178057,3.61743296809611,1.39322242530976,2.59645043202045,0.00941924951888854,0.0450611974184066
"ENSG00000183814.16",236.185163373848,0.971127313356897,0.374111987498109,2.59581982350086,0.00943655347580735,0.0451334482080602
"ENSG00000248275.5",271.577815720859,-1.0036050469142,0.38664968777462,-2.59564427089156,0.00944137569864015,0.0451459811858483
"ENSG00000231500.7",21865.0012575624,-0.850572631135446,0.327703933287174,-2.595552096685,0.00944390849511821,0.0451475634842397
"ENSG00000295133.1",7.68650839245587,-2.13132350807458,0.821298798707321,-2.59506468465456,0.00945731185893519,0.0452011007821928
"ENSG00000297150.1",18.1136654717863,2.07915077737354,0.80127081434402,2.59481655908769,0.009464141589217,0.0452232018516209
"ENSG00000100243.22",4207.76587053039,-0.730259390567505,0.281445458301369,-2.59467463065455,0.00946805018916268,0.0452313376231574
"ENSG00000287691.2",42.5136501392616,-1.53861106054593,0.593038926051189,-2.59445205526547,0.00947418264355704,0.0452500910606787
"ENSG00000162878.13",743.09238000662,-1.2855206300301,0.495507679041084,-2.59435057094951,0.00947697994120947,0.0452529102735349
"ENSG00000133477.17",179.010976339106,2.17257295202308,0.837611424483199,2.59377187144211,0.00949294520381727,0.0453185910265586
"ENSG00000140497.16",3527.91413131309,0.782722823032626,0.301804393309809,2.59347723354425,0.00950108293686554,0.0453468818755799
"ENSG00000105427.10",22.8190151461979,2.13104154177365,0.821726662957949,2.59337032353629,0.00950403726906736,0.0453504259169088
"ENSG00000075426.12",9075.39114612556,-1.45975091068496,0.562926071872528,-2.59314852095803,0.00951016913527868,0.0453691270241401
"ENSG00000086827.9",682.15796454862,1.26404936312859,0.487499449625707,2.59292469786192,0.00951636043614513,0.0453881029036333
"ENSG00000100625.9",449.172397419813,2.44055644810997,0.941538206531459,2.59209496882847,0.00953934342610246,0.0454871389787918
"ENSG00000167772.12",1327.83103693263,2.2774181557658,0.878749028416808,2.59165937272089,0.00955142897597583,0.045534178033808
"ENSG00000116062.19",1395.20935960635,0.701137359319293,0.270552601778142,2.59150107857487,0.00955582420485209,0.0455395417697885
"ENSG00000170891.11",118.462273143986,-1.89876962245835,0.73270297075938,-2.59145888338687,0.00955699610980296,0.0455395417697885
"ENSG00000177463.16",199.252021025951,1.17569669731589,0.453733434310202,2.59116170070929,0.0095652535214565,0.0455682988392064
"ENSG00000068028.18",1244.36153530272,-0.83084053704809,0.32067622182719,-2.59090160260097,0.00957248573429722,0.0455921596971034
"ENSG00000134853.12",1432.08825458201,-1.06024007883241,0.409316291993805,-2.59027089703152,0.00959004320125952,0.0456651755222074
"ENSG00000010932.17",174.071687297465,1.52040038459558,0.587038085360222,2.58995186600648,0.00959893525946995,0.0456756947227134
"ENSG00000117477.13",74.9863984413269,-2.31010081699557,0.891916581445391,-2.59004133912607,0.00959644071611345,0.0456756947227134
"ENSG00000135362.14",553.110332842312,-0.673374766360642,0.259989326114021,-2.59000927624747,0.00959733457445719,0.0456756947227134
"ENSG00000116183.11",18.2391261485677,-2.23988467057112,0.86489115618091,-2.58978792251935,0.00960350756420831,0.0456825209707366
"ENSG00000197540.8",171.464015511121,-1.36369455664963,0.526575719588981,-2.5897406696117,0.00960482578544895,0.0456825209707366
"ENSG00000259863.2",42.9382227424708,-1.57566403745093,0.608465045991799,-2.58957198581981,0.00960953289772296,0.0456943094932541
"ENSG00000077312.9",1059.34977053296,0.599195667990602,0.231423430517074,2.58917459935586,0.00962063007668807,0.0457364709233509
"ENSG00000086015.23",1791.02267095585,1.06526355811108,0.411447511982388,2.58906306901347,0.00962374665954806,0.045738677432574
"ENSG00000091831.25",646.482793284356,1.93405210962971,0.747072560387998,2.58884104728093,0.00962995347249283,0.045738677432574
"ENSG00000100206.11",34.3177966424741,1.64243519442841,0.634429309414958,2.58883877219196,0.00963001709307558,0.045738677432574
"ENSG00000289494.3",21.8758018141782,1.87233415911215,0.723191666012576,2.58898746640091,0.00962585979654258,0.045738677432574
"ENSG00000087157.19",1301.9601473713,-0.636920916408502,0.246132250804399,-2.58771824629623,0.00966139705483428,0.0458770924530621
"ENSG00000166133.18",240.783299790513,1.00606186590873,0.388803971550397,2.58758124794084,0.00966523989594715,0.0458847137824729
"ENSG00000103035.11",1013.92708451616,0.773965373748389,0.299152316670098,2.58719498603084,0.00967608198518424,0.0459226511058039
"ENSG00000137821.12",200.81835220324,-1.20772435665539,0.466818863998539,-2.58713700279937,0.00967771046762478,0.0459226511058039
"ENSG00000175137.11",1111.26389283673,0.792624936724524,0.306404443589264,2.58685849147489,0.00968553597609753,0.0459278976997928
"ENSG00000221866.10",170.526014666325,-1.39964395928128,0.541036819976081,-2.58696618714999,0.00968250931413131,0.0459278976997928
"ENSG00000290885.2",24.3004824856946,-1.40661512824073,0.543741656823292,-2.58691808984916,0.0096838609287528,0.0459278976997928
"ENSG00000213918.11",628.067438983753,1.24296090473725,0.480654539814013,2.58597558491428,0.00971038085520178,0.0460350633653312
"ENSG00000214552.4",10.8557267720069,1.71508071845083,0.663351535899484,2.58547787354594,0.00972441141332861,0.0460909227043203
"ENSG00000117758.14",2428.70904408358,-0.856442748305106,0.331279073292861,-2.58526063778253,0.00973054098452327,0.0461093164656032
"ENSG00000124920.14",1527.74921063255,-2.30217796943418,0.890620165476397,-2.58491561125021,0.00974028340591034,0.0461448176882591
"ENSG00000175318.12",548.096374316137,-1.20694986025486,0.467302773622718,-2.58280054898476,0.00980019607263461,0.0464179303010626
"ENSG00000163155.12",268.058014757884,1.08744195653602,0.421068914332131,2.58257477463241,0.00980661086698366,0.0464375864241647
"ENSG00000127616.22",4021.0393448152,0.860345252648451,0.333186769742799,2.58217111475521,0.00981808914416534,0.0464704754875268
"ENSG00000267213.5",16.0585203954576,1.65023921842241,0.639080779804891,2.58220755586832,0.00981705243090296,0.0464704754875268
"ENSG00000066855.16",627.980212555559,0.87136961406351,0.337583101908029,2.58120033004764,0.00984574294017778,0.0465798600012472
"ENSG00000121749.16",1646.26348324449,-0.881213564552223,0.341388937660042,-2.58125986914591,0.00984404491240267,0.0465798600012472
"ENSG00000272170.2",16.3270326527812,1.89556738026838,0.734510367895954,2.58072242832778,0.00985938193539347,0.0466336256524355
"ENSG00000236404.13",21.4792780767592,-2.22958711386026,0.864091729342859,-2.58026669871712,0.00987240383173739,0.0466844483777545
"ENSG00000028528.15",4210.98704709905,-0.607111963646173,0.235347799327311,-2.57963730861927,0.00989041305125008,0.0467498838165547
"ENSG00000064601.21",5469.31323495432,1.11605020114137,0.43264534911864,2.57959597489011,0.00989159678837855,0.0467498838165547
"ENSG00000246582.4",22.1365259663995,1.68191006078214,0.652018331123583,2.57954413318995,0.0098930816367553,0.0467498838165547
"ENSG00000154479.13",80.0353302895082,-2.75296339439134,1.06748279981208,-2.57892997889612,0.00991068734233226,0.0468007216184202
"ENSG00000205002.4",48.3526456953624,-2.39111350841704,0.927137315102544,-2.5790284453739,0.00990786276729376,0.0468007216184202
"ENSG00000258789.1",14.4560943039232,-1.89100490547584,0.733245189765607,-2.57895303217785,0.00991002597962414,0.0468007216184202
"ENSG00000251442.9",165.300456061957,1.24299041755791,0.482022485341419,2.57869799720544,0.00991734472434836,0.0468213760598754
"ENSG00000137975.8",59.7618772337383,-3.13298592859572,1.21534805369045,-2.5778507803442,0.009941691906029,0.0469255181494518
"ENSG00000233930.5",62.0029566726209,1.91324596486413,0.74221975776822,2.57773515840789,0.00994501875650253,0.046930417625622
"ENSG00000185359.14",3401.46982301922,1.27072663494958,0.493043856921105,2.57730953770491,0.00995727391001799,0.0469558289445742
"ENSG00000255529.9",786.277042919765,-0.698870443454409,0.271161184839926,-2.57732478882245,0.00995683454311736,0.0469558289445742
"ENSG00000277449.2",50.1018201022472,-1.44856086174784,0.562041112517318,-2.57732188889154,0.00995691808541334,0.0469558289445742
"ENSG00000027847.14",734.885123205603,0.820398195501257,0.318444080632899,2.57627082868282,0.00998723857857754,0.0470707653809048
"ENSG00000064703.13",572.491548632975,0.640064818134396,0.24845072878783,2.57622435344512,0.00998858117111029,0.0470707653809048
"ENSG00000166965.13",568.109061384497,1.47750567222952,0.573496050778051,2.57631359488006,0.00998600327608412,0.0470707653809048
"ENSG00000291202.2",246.794809448217,0.988458473347215,0.383696525316221,2.57614653281674,0.00999082963995795,0.0470707653809048
"ENSG00000156042.19",100.166926931416,-1.66897019838536,0.647938976064977,-2.57581386525201,0.0100004464764888,0.0470944314547375
"ENSG00000232472.1",266.188085808915,-0.738301231387688,0.286624945473036,-2.57584429774324,0.00999956638397964,0.0470944314547375
"ENSG00000007384.15",1787.4466232621,0.957733455500667,0.371843736188976,2.57563423097151,0.01000564281621,0.047108082733311
"ENSG00000115368.10",998.346425665395,0.586343522896007,0.227700494116604,2.57506478047318,0.0100221313965878,0.0471523019664136
"ENSG00000135750.15",754.30352235379,1.67064235008243,0.648745923341103,2.5751874346716,0.0100185778703498,0.0471523019664136
"ENSG00000145491.13",170.993455608624,-2.77868733528201,1.07910512929749,-2.57499224110904,0.0100242335286577,0.0471523019664136
"ENSG00000196581.11",45.3515296369792,-1.87112323367332,0.726632803206237,-2.57506023044524,0.0100222632411733,0.0471523019664136
"ENSG00000066923.19",121.524051679821,2.32152020667344,0.901749656882121,2.5744619795036,0.0100396120120013,0.0472138084160723
"ENSG00000164654.16",972.58443706475,1.00171284812142,0.389134671224001,2.57420610959849,0.0100470401848151,0.0472363717025695
"ENSG00000167962.15",1402.12735818333,1.1022055969039,0.42818434133029,2.57413803008197,0.0100490174291167,0.0472363717025695
"ENSG00000180257.14",136.14390970286,1.22816305289391,0.477208638025809,2.57363960965746,0.0100635036921568,0.0472936235856021
"ENSG00000302221.1",27.3472996681402,1.44694452505808,0.562320880304383,2.57316520822569,0.010077309130352,0.0473476504144677
"ENSG00000055044.11",1020.98569457687,0.750722217909184,0.29177418169905,2.57295629633027,0.010083393970463,0.0473545463087483
"ENSG00000105655.19",1816.63991155325,1.80474620637645,0.701429035151187,2.57295623068619,0.0100833958829494,0.0473545463087483
"ENSG00000230107.2",36.6249998935115,2.08760697668849,0.811400619985656,2.57284370416848,0.0100866747253583,0.0473577803107752
"ENSG00000261488.1",78.5287703137599,1.4426273857069,0.560728357711168,2.57277408190224,0.0100887038820457,0.0473577803107752
"ENSG00000115233.12",1269.86700575697,0.610438843050127,0.237318842965205,2.57223082424866,0.0101045497376244,0.0474104548787758
"ENSG00000197258.5",75.4097928766532,-1.13630679643797,0.441749660913382,-2.57228674287715,0.010102917668527,0.0474104548787758
"ENSG00000139835.14",300.655432845785,1.52343397700199,0.59232425760231,2.57195945877475,0.0101124732808331,0.0474367769732789
"ENSG00000176029.14",106.216441422138,-2.93796001976816,1.14236332189066,-2.5718262863217,0.0101163637785816,0.0474441726706398
"ENSG00000182400.15",290.037077290345,1.15213143387362,0.448015663344546,2.57163203909586,0.0101220409034576,0.047459941391502
"ENSG00000183346.9",112.316634298837,-2.12731513865493,0.827249231528143,-2.57155287376361,0.0101243554255965,0.047459941391502
"ENSG00000100429.18",51.8872812341476,1.57080789595934,0.61095130590324,2.57108525799291,0.0101380365183019,0.0475132116048598
"ENSG00000290418.2",136.262212167923,-1.93857253610462,0.754087417481262,-2.57075306014212,0.0101477656703038,0.0475479404259391
"ENSG00000121905.10",11.5829324023857,2.5110729156176,0.976823144890236,2.57065255747985,0.0101507107515408,0.0475508734863133
"ENSG00000162643.13",91.608959202446,-3.02992504200619,1.17874087468529,-2.57047592653911,0.0101558885029375,0.0475642617323507
"ENSG00000112473.19",4814.96919101206,1.03154138457577,0.401412019842769,2.56978200348813,0.0101762529051751,0.0476487530412677
"ENSG00000293738.1",15.1576594396318,-1.83670344423708,0.714792313081557,-2.56956238983436,0.010182705426405,0.0476680803796821
"ENSG00000154370.16",1096.313614921,1.3075560325438,0.508926242334054,2.56924466411291,0.0101920470486788,0.0477009204944327
"ENSG00000137700.19",784.829194364239,1.24407886438768,0.484295562399279,2.56884217196687,0.0102038918874622,0.0477454585259073
"ENSG00000167094.16",87.0849784825193,-1.97382423983928,0.768487033828263,-2.56845483782147,0.0102153022148531,0.047785124692579
"ENSG00000286873.2",26.7851886718312,-1.57034602823527,0.611411128664575,-2.56839621428739,0.0102170301722721,0.047785124692579
"ENSG00000074527.13",3427.50888654782,-1.52583324658319,0.594284248350586,-2.56751420017961,0.0102430593962669,0.0478959383947679
"ENSG00000172965.18",541.466971020785,1.03424356639813,0.40286094834174,2.56724701328162,0.0102509560214805,0.04792193394082
"ENSG00000141542.11",378.219374331277,-0.671731621752944,0.261684663395436,-2.56695066893499,0.0102597207237456,0.0479519748620197
"ENSG00000111229.16",5245.273490658,0.67721975473815,0.263848314174723,2.5667010867831,0.0102671075578856,0.0479755636661088
"ENSG00000260774.1",23.4895437053244,2.25307469001181,0.877966994391539,2.5662407634962,0.0102807440743977,0.0480283382322742
"ENSG00000106603.20",1237.07698863936,0.924969542843521,0.360594320493369,2.56512510118842,0.0103138611155321,0.0481611041477726
"ENSG00000257270.1",92.4519744110383,1.73527505475759,0.676479824620781,2.56515418731127,0.0103129965263918,0.0481611041477726
"ENSG00000170345.11",37255.9773222796,-2.14005751007792,0.834347729045967,-2.56494676688934,0.0103191635383782,0.0481748928030296
"ENSG00000105669.14",2378.21846478982,0.837102742216456,0.326391674471201,2.56471842786026,0.0103259562962607,0.0481956312084066
"ENSG00000113249.14",29.8012152206359,2.60317100846951,1.01506774288769,2.56452933975021,0.0103315844075886,0.0481999560166546
"ENSG00000238273.3",14.54201396462,2.14230196094346,0.835339350468303,2.5645888221864,0.0103298136489092,0.0481999560166546
"ENSG00000145700.10",8.54670589344951,-1.91168160723807,0.745485714804037,-2.5643437148096,0.010337112094753,0.048214773974253
"ENSG00000284052.2",35.4687182656518,-1.28487465310288,0.501126149330348,-2.56397446994106,0.0103481155878632,0.048255119857527
"ENSG00000012963.15",1093.1063321367,0.767734018515246,0.299463478414093,2.56369832669089,0.0103563514650705,0.048282544438337
"ENSG00000109501.15",2493.57347766069,-1.08268408821822,0.42234233801397,-2.56352250477527,0.0103615983319439,0.0482960245960848
"ENSG00000167930.17",2941.0902175755,1.19870210721487,0.467693193349189,2.56300952047402,0.0103769203000964,0.0483564485984494
"ENSG00000204351.13",2132.55701592499,1.19018962375133,0.464412443882324,2.56278581556033,0.0103836082960075,0.0483766199730372
"ENSG00000185298.13",731.767024864199,1.08195417194885,0.422286822493023,2.56213103113518,0.0104032061137555,0.048456914619819
"ENSG00000108557.20",1905.52011945811,0.697995970864576,0.272436536232668,2.56204979154657,0.0104056399231545,0.0484572430125732
"ENSG00000139372.15",873.294990365035,0.60868135653918,0.237614502188631,2.56163386886199,0.0104181082464871,0.0485042896198845
"ENSG00000255398.3",70.2687560953422,-1.8327052721209,0.715478170000039,-2.56151109700635,0.0104217911802732,0.0485104214211856
"ENSG00000183347.15",109.191742641146,2.80730387145874,1.09626126327172,2.56079820158977,0.0104431996564174,0.0485888676051257
"ENSG00000184260.6",34.4415795563065,1.31603764072483,0.513918194229755,2.56079207839152,0.0104433837073639,0.0485888676051257
"ENSG00000303375.1",12.1435253225415,1.6246486128135,0.634699768039142,2.55971200026232,0.0104758938565839,0.0487290670679213
"ENSG00000151176.8",2260.30635789547,1.09995679625579,0.429961083640129,2.55827059263912,0.010519420199159,0.0489204336047984
"ENSG00000136518.17",1120.50612574051,0.94971736362628,0.371254731802669,2.55812864394972,0.0105237153284537,0.0489293104522934
"ENSG00000162772.18",6654.45349503597,-2.40595283154682,0.940742976620706,-2.55750283694849,0.0105426698039118,0.0490063254725476
"ENSG00000113924.12",81.5006949103643,2.26163449109758,0.884477124765057,2.557029942067,0.0105570130063378,0.0490305035192802
"ENSG00000166839.18",215.68635395269,-1.01975103863988,0.398799861989477,-2.55704962773229,0.010556415581539,0.0490305035192802
"ENSG00000198824.8",650.086209338711,0.771120402450129,0.301562577397897,2.55708254354344,0.01055541671261,0.0490305035192802
"ENSG00000227507.3",666.484630162748,1.06972905175262,0.418350551331172,2.55701599615153,0.0105574362581751,0.0490305035192802
"ENSG00000147647.13",20.1071410133876,-2.31186855990475,0.904388017212578,-2.55627951266999,0.0105798096348288,0.0491232827791055
"ENSG00000230202.1",604.425364563128,-1.00789356980717,0.394305106270907,-2.55612609062865,0.0105844756939082,0.0491338215141257
"ENSG00000275131.5",214.884080266703,1.25257926263435,0.490067631040244,2.55593143333208,0.0105903984843662,0.0491501879862935
"ENSG00000051825.15",404.893001218815,0.874183608744554,0.342083495969955,2.55546853047051,0.0106044949588268,0.049204472648967
"ENSG00000255248.11",440.253236237199,-1.09382708723948,0.428066346197316,-2.5552746600063,0.0106104037240938,0.049220750669416
"ENSG00000111371.16",2469.60393854022,0.871820207108768,0.341421702310171,2.55349967857857,0.0106646377071654,0.0494611471494502
"ENSG00000113360.17",1301.25192228196,1.03930109096267,0.407093679808966,2.55297771129824,0.0106806330834441,0.0495241295212434
"ENSG00000226415.1",125.901276375804,1.33355394197954,0.522389680608966,2.55279533934317,0.0106862267901324,0.0495388636909054
"ENSG00000167397.15",132.725213204871,0.881173737279803,0.345194078765684,2.55269076581681,0.0106894354409062,0.0495425371338927
"ENSG00000127481.15",3936.15539783949,0.702664685126853,0.275288712310144,2.55246457157757,0.0106963787354331,0.0495635140319366
"ENSG00000101343.15",906.967690962017,0.572741811639488,0.224409709763326,2.55221492975296,0.010704046435805,0.0495654399547754
"ENSG00000177455.15",59.1319717368547,2.08574734984057,0.817212760252916,2.55226967967932,0.0107023643841344,0.0495654399547754
"ENSG00000213790.2",20.5285096718748,1.56870403053042,0.614625226752714,2.55229359656851,0.0107016296725527,0.0495654399547754
"ENSG00000103249.19",2286.62740611573,0.918606437002727,0.359995773913032,2.55171450213926,0.0107194316927475,0.0495806964647181
"ENSG00000164011.18",278.90381843518,0.993063783811376,0.38916263480723,2.55179633138029,0.0107169145726112,0.0495806964647181
"ENSG00000173171.15",199.890917441131,0.791185787006329,0.310023142068099,2.55202170305254,0.0107099847115856,0.0495806964647181
"ENSG00000266903.4",67.0709534637933,-1.63453459507454,0.640519732579003,-2.55188796212915,0.0107140965755237,0.0495806964647181
"ENSG00000306789.1",28.0420863748612,1.62935142951476,0.63852472920848,2.55174366000596,0.0107185347177206,0.0495806964647181
"ENSG00000277363.5",404.821908395006,2.21803296859995,0.8693089713471,2.55148979443159,0.0107263465503892,0.0496014906786603
"ENSG00000206432.4",54.8781901959822,2.33488222998614,0.91519708158368,2.55123434828463,0.0107342121287125,0.0496266709102866
"ENSG00000105325.15",2072.99029174456,0.824175811311958,0.323062971904725,2.55113053177452,0.0107374102634447,0.0496302660148041
"ENSG00000173914.12",616.319915233252,1.11267378095706,0.436309412831245,2.55019430760577,0.010766289544028,0.0497525356796821
"ENSG00000211648.2",583.035332535967,2.25095052862854,0.882828658886958,2.5497026019369,0.0107814846050953,0.0498115277924455
"ENSG00000130513.7",6524.29199014178,2.5985576350004,1.01933906616638,2.54925737789418,0.0107952596994614,0.0498639344171564
"ENSG00000131584.19",3535.44453689396,1.54440982959286,0.605852235751905,2.5491526455723,0.0107985023573633,0.049867678453914
