"Geneid","baseMean","log2FoldChange","lfcSE","stat","pvalue","padj"
"ENSG00000165197.5",1180.47600344891,-7.75777453969512,0.437133591046618,-17.7469192452606,1.82071924404122e-70,3.73320273798211e-66
"ENSG00000102760.13",5689.81664284387,-4.57198113527514,0.270466434528783,-16.904061101854,4.19960445183456e-64,4.30543448402079e-60
"ENSG00000118526.7",789.936897658053,-5.25401091194764,0.363863998805678,-14.4394909339562,2.91990746985145e-47,1.99565942539447e-43
"ENSG00000140807.7",866.843082084356,-4.52661542238782,0.335399602678052,-13.4961860009503,1.64683516537892e-41,8.44167705773236e-38
"ENSG00000116016.14",37390.1786913964,-3.44612329823041,0.268092967878755,-12.8542099611838,8.14537875561741e-38,3.34025692010359e-34
"ENSG00000204305.16",17855.0002295225,-6.33565769867739,0.497566021135947,-12.7333005662505,3.86163040798158e-37,1.31964783142091e-33
"ENSG00000168874.14",1285.00525465329,-5.36389378355192,0.424485889715306,-12.6362122122584,1.33323480039145e-36,3.90523519246091e-33
"ENSG00000165072.10",859.544535173022,-4.74324663232747,0.381267280168088,-12.4407387652996,1.5704465144382e-35,3.57782614800454e-32
"ENSG00000134917.10",1642.39714487423,-7.46605439697316,0.601971457051367,-12.4026717704259,2.52753125380051e-35,4.71131825708414e-32
"ENSG00000173114.13",247.235047481516,-4.38671235297073,0.354141921805125,-12.3868767939443,3.07798898614922e-35,5.25925718100031e-32
"ENSG00000168309.18",4369.92464553168,-7.13563186379285,0.58699135504573,-12.1562810124128,5.31225060602407e-34,8.37864510968596e-31
"ENSG00000197766.9",6340.27409665548,-3.5895036735652,0.299211081592245,-11.9965599350925,3.70372833806482e-33,5.42437470312008e-30
"ENSG00000022267.19",6911.22960125893,-4.89019100477377,0.408063258307916,-11.9839042237019,4.31512456571813e-33,5.89848760636564e-30
"ENSG00000123243.15",1201.67431069571,-4.17244683129187,0.35415166919089,-11.7815252454532,4.86054904874121e-32,5.86239398208175e-29
"ENSG00000175084.13",2766.37072329672,-7.63400719079068,0.663203428725471,-11.5108077855712,1.16383108346883e-30,1.32573291863583e-27
"ENSG00000105974.13",15825.7185060497,-4.61322014710199,0.412307297919965,-11.1887909100204,4.62699907926931e-29,4.7435994560669e-26
"ENSG00000168079.17",857.440078421663,-6.20939651343875,0.561388431164015,-11.0607845989342,1.94389585032446e-28,1.81171093250239e-25
"ENSG00000102547.19",648.858460172798,-2.77466970879239,0.254733769947704,-10.8924298076459,1.25253148437379e-27,1.02727622222401e-24
"ENSG00000186994.12",1626.8150272284,-4.60228726933076,0.422802145613805,-10.8852032021961,1.35595878390377e-27,1.06932995789088e-24
"ENSG00000167434.10",703.651067125564,-9.12084082616165,0.84488169532116,-10.7954058854294,3.61860074087034e-27,2.64984962824305e-24
"ENSG00000154188.10",1169.25463531828,-4.24546009072319,0.394477766491998,-10.7622290819508,5.18993540629744e-27,3.66946329554216e-24
"ENSG00000266524.3",495.239366916272,-7.07048409250279,0.661208374670166,-10.6932766785203,1.09435031333997e-26,7.47951960824091e-24
"ENSG00000166482.12",12280.3992443358,-4.37888321760717,0.411143246920053,-10.6505050257061,1.73421642512345e-26,1.14704430905584e-23
"ENSG00000261143.2",536.765469860724,-8.46711650496114,0.801027244782616,-10.5703227450884,4.09084353748538e-26,2.54177745129092e-23
"ENSG00000004799.8",2785.78496448084,-4.60331452594011,0.437421094275436,-10.5237597961874,6.71397587586729e-26,4.04892239290538e-23
"ENSG00000108576.10",2441.79867531508,-9.05991553740232,0.864151793796269,-10.4841714180811,1.02136979542205e-25,5.98347608152392e-23
"ENSG00000105971.15",5072.57611007267,-3.5318029270868,0.339844115002985,-10.392420439753,2.68452557437925e-25,1.48766249667763e-22
"ENSG00000107317.13",466.406814045248,-4.20265904890258,0.409061758893237,-10.2738986413038,9.23936721845957e-25,4.73609963618238e-22
"ENSG00000164530.15",220.869566546548,-6.01720991745511,0.587581205211639,-10.2406439553964,1.30365755182245e-24,6.36433201013512e-22
"ENSG00000043591.6",392.35433381255,-5.28488361322641,0.518701815078597,-10.1886738384087,2.22782435983878e-24,1.06230955056126e-21
"ENSG00000211445.13",16471.202767021,-3.61011098259466,0.354438152807582,-10.1854468939029,2.30299282041776e-24,1.07319465431468e-21
"ENSG00000163815.6",1543.05592126981,-5.57836255576144,0.548390928997226,-10.1722371045814,2.63779597270683e-24,1.2018970805418e-21
"ENSG00000147655.12",170.424388206136,-7.70669156270927,0.758263189081562,-10.1636103053399,2.88202481472785e-24,1.28463123480826e-21
"ENSG00000148488.17",434.905677592212,-5.43099436742129,0.539431512107907,-10.0679961135361,7.652123371298e-24,3.20202321643049e-21
"ENSG00000142748.14",1862.28450128969,-6.23743149510014,0.620542689035287,-10.0515751862245,9.04105385585884e-24,3.70755536521059e-21
"ENSG00000168497.5",4663.40870956741,-4.82183551987002,0.48253571390893,-9.99270184751559,1.6404821840377e-23,6.4685474425979e-21
"ENSG00000105227.16",1819.68270974543,-4.66881426517578,0.468873250346734,-9.95751892803262,2.33825101222564e-23,9.04594316125934e-21
"ENSG00000102683.8",145.22563859965,-5.52447770869917,0.555664381219218,-9.94211235310345,2.72976197884021e-23,1.03071566706487e-20
"ENSG00000163145.13",402.539944413256,-4.24922496784345,0.427451202628052,-9.94084223349566,2.76479524427272e-23,1.03071566706487e-20
"ENSG00000154678.18",299.707878002901,-3.7994300402653,0.383032918547064,-9.91933031416058,3.43050084377083e-23,1.25605338036923e-20
"ENSG00000168481.9",954.626047287027,-8.77803168667523,0.885755525400651,-9.91021950747041,3.7581956761974e-23,1.35189551131143e-20
"ENSG00000132688.11",2161.79546403087,-3.23524461389789,0.327091495433725,-9.89094690342815,4.55696927848588e-23,1.58366267942499e-20
"ENSG00000122756.15",101.894676761672,-6.5198456581588,0.666831031132834,-9.77735791191762,1.40839016966357e-22,4.73403803914455e-20
"ENSG00000197245.6",579.013584339943,-4.41791744455303,0.454236394971645,-9.72603140888526,2.33526594285452e-22,7.60036395115699e-20
"ENSG00000168484.13",310199.455469273,-9.80505531813776,1.01353934998566,-9.6740746358555,3.88591060194293e-22,1.24494860909747e-19
"ENSG00000243566.7",1628.33976566664,-6.07789198296993,0.630960056487665,-9.63276822435232,5.8141652650191e-22,1.83405607067618e-19
"ENSG00000137273.6",400.050110732098,-3.25217456878425,0.339175530119952,-9.58847051151977,8.94004069628523e-22,2.77737264297928e-19
"ENSG00000158764.7",335.686680189992,-8.20109598951609,0.85578068985146,-9.58317485632863,9.41067216273355e-22,2.87994659738341e-19
"ENSG00000233493.4",211.351354344701,-4.83682304034597,0.50642305775488,-9.5509534297056,1.28508110392469e-21,3.87489749336349e-19
"ENSG00000046653.15",417.837240768213,-2.69601686135954,0.283614044507779,-9.50593566703848,1.98257577101413e-21,5.80724765841053e-19
"ENSG00000080618.17",394.447833181414,-7.22345240458204,0.763488741211256,-9.46111188636811,3.04685856970524e-21,8.79898424130088e-19
"ENSG00000144218.21",559.796731916466,-4.56218492575144,0.484917670881947,-9.40816390018111,5.04879050511292e-21,1.38027200689114e-18
"ENSG00000154764.6",166.817460316823,-5.81123898652402,0.633149491994012,-9.17830474478053,4.37931168501344e-20,1.16614814012358e-17
"ENSG00000143546.10",1419.53498501875,-4.71840176771388,0.514809660951668,-9.16533259883183,4.93944163662834e-20,1.29843988868497e-17
"ENSG00000141338.15",1301.10735122283,-4.41308071579629,0.481860899808799,-9.15841214248218,5.26665258214853e-20,1.36692967777688e-17
"ENSG00000018625.15",172.283308934553,-5.02452668865081,0.550646471116191,-9.12477778794408,7.18835738520751e-20,1.84237599782868e-17
"ENSG00000047648.23",475.625355648625,-2.78903542960398,0.305958724265628,-9.115724470019,7.81465903553137e-20,1.95404596176263e-17
"ENSG00000120156.22",2024.65432396069,-3.97026341233967,0.435670844613151,-9.11298853579477,8.01432820252486e-20,1.97982874053698e-17
"ENSG00000171509.16",212.671474447202,-5.62384129292816,0.627957593876125,-8.95576603861814,3.37384779340656e-19,7.51927990826175e-17
"ENSG00000205364.4",432.398725232896,-5.47685476727775,0.613238297037278,-8.93103838057397,4.22028641830457e-19,9.20561199158691e-17
"ENSG00000165795.25",3014.69872364742,-2.62779814167937,0.294336170210475,-8.9278804565551,4.34248534113053e-19,9.37245467732004e-17
"ENSG00000185008.19",269.910986625034,-3.71386253250988,0.416123180264211,-8.92491144125117,4.4605594354049e-19,9.5270115274523e-17
"ENSG00000290667.2",285.423224177369,-8.72637479341341,0.99281582312618,-8.78952026160883,1.50199958921616e-18,3.11080803810991e-16
"ENSG00000120913.24",1466.00492077933,-2.53019252792058,0.289639986456474,-8.73564647918808,2.42266544270288e-18,4.91825071655247e-16
"ENSG00000267107.10",686.788025319938,-3.98954256971534,0.457462977914352,-8.72101735511867,2.75713168720337e-18,5.54237530533508e-16
"ENSG00000163501.7",68.6063681895942,-5.96237164623049,0.684039660460702,-8.71641220658876,2.87156449460637e-18,5.71636489295233e-16
"ENSG00000246430.10",211.242233008138,-4.90508948465711,0.565057172583692,-8.68069590591845,3.9335455656874e-18,7.68127793131947e-16
"ENSG00000189292.17",255.432477038842,-5.64605407265079,0.65150615635679,-8.66615613308003,4.46953929552394e-18,8.64560695428518e-16
"ENSG00000103710.11",918.403761236895,-3.55879185735632,0.411258375016141,-8.6534209965126,4.99782440486676e-18,9.57713940162506e-16
"ENSG00000150625.17",728.921556790198,-6.2540482911259,0.722910825042695,-8.65120299001821,5.09593671695643e-18,9.67473022634025e-16
"ENSG00000169218.14",184.197941161241,-5.62499870178917,0.653769059346497,-8.60395367656566,7.70160747873067e-18,1.42264648417922e-15
"ENSG00000226516.8",97.2797220316398,-5.03542608978813,0.591316095564802,-8.51562493826334,1.65694294559993e-17,2.92878949625698e-15
"ENSG00000114854.8",600.537017165644,-3.71083977237743,0.436236131449524,-8.50649339853409,1.79272806872462e-17,3.14171763428458e-15
"ENSG00000076555.16",1044.27281235375,-2.48472939975577,0.292688913581601,-8.48931846905444,2.07852411840996e-17,3.58134945578806e-15
"ENSG00000198075.10",392.075450551364,-3.87830762222564,0.456834386280312,-8.48952648640141,2.07480727578977e-17,3.58134945578806e-15
"ENSG00000129596.5",241.297680094252,-3.89735204316458,0.459728150349779,-8.47751446196916,2.30055773567015e-17,3.93088631768173e-15
"ENSG00000185532.20",520.735219914624,-2.81921759068925,0.332594878799761,-8.47643114909945,2.32207054495189e-17,3.93485408708211e-15
"ENSG00000186198.4",103.638461926487,-4.42772833884011,0.523841071672895,-8.4524268490443,2.85309313999927e-17,4.79506735594632e-15
"ENSG00000165495.16",363.881004299239,-4.05901164270683,0.4806401988729,-8.44501074239151,3.04017496221317e-17,5.06794694513974e-15
"ENSG00000175445.17",2629.87137374959,-3.60703685543595,0.428027685845665,-8.42711108350254,3.54303483837111e-17,5.85857954241622e-15
"ENSG00000274736.5",159.435990168375,-4.43673120756156,0.52917680606548,-8.3842132850633,5.10661280112317e-17,8.37647910993836e-15
"ENSG00000149403.13",80.0771481936437,-4.50483934941821,0.538352467853264,-8.36782520452022,5.86913687404027e-17,9.55085575121601e-15
"ENSG00000065325.13",56.6296028404153,-5.455968684809,0.653116642271155,-8.35374316268584,6.61330631497149e-17,1.0593690053295e-14
"ENSG00000067840.13",304.695489259118,-3.19671313852955,0.383151593936571,-8.34320720340981,7.23023171359423e-17,1.14037439273489e-14
"ENSG00000155511.19",336.30070471855,-6.77473916214295,0.814469489439879,-8.31797783708513,8.94767386506645e-17,1.40048171701773e-14
"ENSG00000071082.11",11378.2002021802,-1.86035414821708,0.224592973175348,-8.2832250800858,1.19883532323345e-16,1.84818943365253e-14
"ENSG00000177098.9",998.43375398503,-4.54508387128548,0.553396763752675,-8.21306550559587,2.15611844702523e-16,3.2035545389714e-14
"ENSG00000108381.11",206.445806470602,-5.03267633779256,0.614210752721275,-8.19372880643194,2.5325533411709e-16,3.73578947535022e-14
"ENSG00000241644.2",2881.49894373282,-5.99118938768757,0.731957359548129,-8.18516175776442,2.71938134821724e-16,3.95448192651392e-14
"ENSG00000294802.1",132.259552163626,-8.32922222930749,1.02121876873101,-8.15615858652655,3.45848277627327e-16,4.92449519754911e-14
"ENSG00000100307.13",1683.35122445892,-2.52142182833679,0.309565532204921,-8.14503413987223,3.79174913766215e-16,5.36179478059481e-14
"ENSG00000159307.20",486.061237795933,-3.7639403514835,0.464695679898585,-8.09979630605764,5.50512849613878e-16,7.67871800577071e-14
"ENSG00000213741.11",4322.44504463776,-2.98896456510626,0.36927357376503,-8.09417401475944,5.76542206569683e-16,7.98744689425998e-14
"ENSG00000156298.13",1198.79965766242,-3.8292228520211,0.473679468432607,-8.08399583940571,6.26784713881686e-16,8.62523072042287e-14
"ENSG00000114654.8",852.627271926204,-4.85507301755115,0.601832245494462,-8.06715335360979,7.19561456170058e-16,9.77078681941117e-14
"ENSG00000101331.17",401.244044559546,-4.41065621202748,0.548689738661361,-8.03852505568659,9.09262694146759e-16,1.21853086802517e-13
"ENSG00000235997.5",330.871377798674,-4.77958336047002,0.594717016612865,-8.03673550101445,9.22635324216259e-16,1.22842303167079e-13
"ENSG00000108342.13",4536.20601000358,-9.32497759216934,1.16695589874952,-7.99085689713016,1.34004034357956e-15,1.76129405158688e-13
"ENSG00000272789.1",145.018279629723,-6.14262693677982,0.768884550581117,-7.98901074567992,1.36025839633378e-15,1.77648013747948e-13
"ENSG00000165810.17",1801.5524080171,-5.35661105349663,0.671618025056065,-7.97568089845337,1.5154301498181e-15,1.96660631594116e-13
"ENSG00000131831.18",641.444719676024,-2.93608537287124,0.369790092492275,-7.93987030069652,2.02392776989535e-15,2.56164290086014e-13
"ENSG00000185641.6",342.36808672267,-2.35306173539738,0.296563053672845,-7.93443993193155,2.11447327948272e-15,2.65982577438735e-13
"ENSG00000170477.13",187.391349365805,-5.41970131399048,0.686733644486779,-7.89199911421381,2.97383840716086e-15,3.67322787351965e-13
"ENSG00000235385.4",56.5902886716367,-4.53356027540144,0.575152501365542,-7.88236209464055,3.21249479935113e-15,3.92077341463664e-13
"ENSG00000198873.12",2234.42730502016,-3.66997406411887,0.466008787879814,-7.87533231039708,3.39838388715188e-15,4.12310433267231e-13
"ENSG00000196616.15",11902.982673365,-7.01577066057239,0.891055328949283,-7.87355221683626,3.44711114294184e-15,4.15762158087527e-13
"ENSG00000134201.12",483.9254110789,-4.37607343387664,0.558839434242205,-7.83064537993935,4.85371922786908e-15,5.8199215817677e-13
"ENSG00000135917.16",354.683442410304,-4.95316854316667,0.635991870490994,-7.78810040345762,6.80241190421539e-15,7.97009449623042e-13
"ENSG00000115306.17",17053.8050934799,-2.12689405799519,0.27375468675255,-7.76934299545971,7.88942659181739e-15,9.19118197946726e-13
"ENSG00000119138.5",3239.55610439024,-3.09498151789046,0.39871159132883,-7.76245683647039,8.3299726167732e-15,9.64959087764507e-13
"ENSG00000168477.21",2856.25186822762,-2.77673490292145,0.358790739025825,-7.73914875969413,1.00084625359332e-14,1.14007508798207e-12
"ENSG00000140538.17",167.183245594997,-3.71200602491202,0.479938449535497,-7.73433766039091,1.03942820424383e-14,1.17101296152833e-12
"ENSG00000136160.17",1987.92794174032,-3.9813425987377,0.515543893275979,-7.72260645633604,1.13974657306217e-14,1.27007411598189e-12
"ENSG00000157654.19",6002.04813880526,-2.28067067832961,0.295886234121887,-7.70793100631409,1.27873842475239e-14,1.40209907278733e-12
"ENSG00000164035.10",1492.03353699049,-3.58057461903131,0.464868373333499,-7.70234075799903,1.3359605242038e-14,1.45704971214227e-12
"ENSG00000224215.2",64.648485579522,-5.0046333421583,0.650792893878177,-7.69005529905975,1.47071446365975e-14,1.58713312436207e-12
"ENSG00000164741.15",5379.52205610706,-3.21276852073984,0.417935281117066,-7.68723930689146,1.50343769071861e-14,1.61395216808871e-12
"ENSG00000108823.17",360.371202351892,-5.18582064535967,0.678391860302402,-7.64428488727448,2.10109748005542e-14,2.23217112596147e-12
"ENSG00000268388.7",1307.70596246616,-6.9934651621374,0.922009992011423,-7.58502101141086,3.32433188998006e-14,3.4776582179669e-12
"ENSG00000034971.17",141.255008487759,-8.34875456153408,1.10184177472179,-7.57709024387109,3.53390979836067e-14,3.65955992452461e-12
"ENSG00000198848.13",2168.18922812132,-3.81585148765188,0.505615097649933,-7.5469492611825,4.45572072186274e-14,4.50049742271299e-12
"ENSG00000071991.9",56.3167287280227,-6.12505179195377,0.811852936150893,-7.54453364545738,4.5390884034024e-14,4.56222885408641e-12
"ENSG00000236485.2",98.2056836636524,-9.19008214663259,1.22141799057064,-7.52410904176959,5.30810322270005e-14,5.25784292165419e-12
"ENSG00000197959.15",264.667461580005,-2.23007819514163,0.297216718308644,-7.50320576794005,6.22756763036567e-14,6.13894455254893e-12
"ENSG00000290677.2",116.481876339089,-7.11963326169375,0.949714007275991,-7.49660761781811,6.54906497723545e-14,6.39438229967789e-12
"ENSG00000136732.16",1491.45332348976,-2.43227620036531,0.325114715298725,-7.48128609967859,7.35987550913512e-14,7.05172371211712e-12
"ENSG00000163687.14",785.590620434246,-6.3354611700084,0.850222992532673,-7.45152886437017,9.22647002521539e-14,8.75831210171372e-12
"ENSG00000161649.14",206.676643702771,-6.14888248935902,0.826098556141427,-7.44327955017796,9.82159399101317e-14,9.2802748014624e-12
"ENSG00000135363.12",1317.98416069955,-3.07055270762086,0.413434018627974,-7.42694739492127,1.11132531733061e-13,1.04525753699756e-11
"ENSG00000223803.1",121.562948657116,-2.36536562031363,0.319136660684692,-7.41176402372217,1.24630377699874e-13,1.16155512016282e-11
"ENSG00000101282.9",240.690755445663,-5.52383219520978,0.747035491252611,-7.39433702935259,1.42115535148298e-13,1.31852349895055e-11
"ENSG00000169083.18",247.831441068043,-2.70739893849674,0.366610390523889,-7.38494873161627,1.52512143859538e-13,1.4086076566198e-11
"ENSG00000255399.7",268.812600988478,-2.91331209618202,0.39531314750217,-7.36963117617036,1.71100735517881e-13,1.57320604531778e-11
"ENSG00000233968.10",63.863953822391,-3.6548099277833,0.497400855162846,-7.34781593125074,2.0147167845155e-13,1.84418539954044e-11
"ENSG00000103175.11",433.379242240809,-4.51085745036368,0.614511402780815,-7.34055939393629,2.12702955239018e-13,1.92126052608847e-11
"ENSG00000162367.12",403.175582447205,-4.0847247284092,0.556902942190378,-7.33471565501774,2.22192717361054e-13,1.99817520911011e-11
"ENSG00000185565.14",751.809576870894,-3.23860086490713,0.442064815521696,-7.32607697150733,2.36987711331739e-13,2.12191966512925e-11
"ENSG00000198756.12",164.053542279947,-2.65286843483996,0.362660790967,-7.31501309465062,2.57356294077474e-13,2.28434348647815e-11
"ENSG00000069535.14",1309.43634689851,-3.14873436716071,0.431210238520814,-7.30208628153601,2.83339466041168e-13,2.48273179987526e-11
"ENSG00000021852.14",126.890920501745,-6.82117145429624,0.936679380818189,-7.28229060443067,3.28199126772653e-13,2.86357229589212e-11
"ENSG00000267280.7",375.277976266872,-4.0182677599173,0.551946276199653,-7.28017912827404,3.33377216137332e-13,2.89642645749147e-11
"ENSG00000139304.16",111.004195479505,-4.98916692545285,0.685482488456907,-7.27832878223335,3.37980826134785e-13,2.92165931277269e-11
"ENSG00000135218.19",3915.5692394493,-4.33862460409425,0.597439626132455,-7.26203019404735,3.81323047413789e-13,3.25776990173847e-11
"ENSG00000176771.18",615.261287072299,-3.97059284949221,0.548284370250862,-7.2418494214517,4.42607112627313e-13,3.75008935426051e-11
"ENSG00000133392.19",6188.94553967234,-4.68686126391576,0.650155113751091,-7.20883549907768,5.64323847201278e-13,4.70361632642886e-11
"ENSG00000135063.20",1022.90998766676,-3.06804393675202,0.426342715901443,-7.19619175447871,6.1917536989333e-13,5.13990760497685e-11
"ENSG00000133121.21",984.242977475745,-1.68834138053089,0.234857023696899,-7.18880514601866,6.53607729557891e-13,5.38215778588554e-11
"ENSG00000188001.10",220.981540677251,-1.88242081509124,0.261847420747514,-7.18899888231613,6.52681083478834e-13,5.38215778588554e-11
"ENSG00000259417.3",150.423652136509,-5.22246996841735,0.726589505360257,-7.18764850013619,6.59166931119273e-13,5.40622350226783e-11
"ENSG00000165323.16",132.113456804026,-3.43812223868932,0.478625214969517,-7.18332869050429,6.8034269444185e-13,5.51373383669395e-11
"ENSG00000123119.12",227.482555558993,-5.80461864357108,0.808238523606529,-7.18181387552485,6.87925344785578e-13,5.53145932136607e-11
"ENSG00000117834.13",213.730608310631,-4.5971073781439,0.642230825323097,-7.15802978754743,8.18447738844952e-13,6.50443892917709e-11
"ENSG00000267207.2",57.6229102957621,-3.84755929271204,0.538778351153255,-7.14126557697862,9.24754815911265e-13,7.2648171438485e-11
"ENSG00000172159.16",296.145275857699,-3.38640624189334,0.474679777192207,-7.13408576603868,9.74325672694211e-13,7.56726272459171e-11
"ENSG00000133800.9",2066.06781893409,-4.88885244266487,0.686926573859377,-7.11699420099256,1.10306125482778e-12,8.49919984553619e-11
"ENSG00000146374.14",221.29617758836,-3.17170931402138,0.445681780633752,-7.11653348160488,1.10675300368619e-12,8.49919984553619e-11
"ENSG00000109906.15",1515.18387887828,-5.09016935793227,0.718144264580449,-7.08794821456386,1.36114881497538e-12,1.04138042172594e-10
"ENSG00000156076.10",3647.5725889928,-7.37944872139932,1.04175128170672,-7.08369536086334,1.40360284569685e-12,1.0659063980803e-10
"ENSG00000244953.1",187.521862097772,-5.43299225339999,0.766923781620166,-7.08413584714053,1.39914607684104e-12,1.0659063980803e-10
"ENSG00000049540.19",3954.91064050097,-3.08883394542361,0.436360575343616,-7.07862744701736,1.45589195956491e-12,1.09748561540143e-10
"ENSG00000089250.20",181.681935683313,-6.12451540242635,0.868427063102398,-7.05242347071373,1.75828122636166e-12,1.31097448237526e-10
"ENSG00000183019.8",655.609734340986,-3.78467015432493,0.536942547473554,-7.04855700508879,1.80782688401365e-12,1.34303197209478e-10
"ENSG00000163221.9",78.975687051191,-5.33057052379768,0.756506520451993,-7.04629818737425,1.83740290078186e-12,1.36007613998669e-10
"ENSG00000087589.17",518.237021210923,-2.70275967511979,0.384262049182868,-7.03363676133825,2.01218554042035e-12,1.48409540722226e-10
"ENSG00000189129.14",766.864272787807,-3.94847296227642,0.562797738489863,-7.01579393846043,2.28646828136764e-12,1.67434805861293e-10
"ENSG00000137960.6",250.427422901289,-3.33649962725486,0.475847703466573,-7.01169639560788,2.35445690102887e-12,1.71799944123473e-10
"ENSG00000183090.5",40.224086636099,-6.58851619523441,0.940593216225071,-7.00463928676461,2.47622967677694e-12,1.80044727988065e-10
"ENSG00000253177.3",65.4355739194185,-5.44894818786412,0.778636115491818,-6.99806762035735,2.59516841047284e-12,1.88025911972915e-10
"ENSG00000310006.1",41.100401889878,-4.84428707599418,0.692491878076633,-6.99544244395903,2.64423121176117e-12,1.90906044950531e-10
"ENSG00000234456.11",943.771387093023,-1.84859395560866,0.264746189195469,-6.98251393618284,2.89944195928281e-12,2.0786768508089e-10
"ENSG00000130037.5",63.4918935091821,-4.82022106377128,0.690849147698604,-6.97724109500413,3.01032869888552e-12,2.15065434292504e-10
"ENSG00000129250.12",5550.68419603243,-1.75448666143388,0.251969617897444,-6.96308815354074,3.32893363661781e-12,2.36181506177202e-10
"ENSG00000114812.13",2471.41294708623,-4.89205624744274,0.704765036445207,-6.94140031707302,3.88232134362673e-12,2.72613413800419e-10
"ENSG00000131055.5",309.023508929021,-4.15238998760397,0.598250405443567,-6.94088955029662,3.8963856704883e-12,2.72667207466526e-10
"ENSG00000121068.14",3086.41219367078,-3.66429799248349,0.529728027669378,-6.9173194565618,4.60269396498526e-12,3.15630893170762e-10
"ENSG00000220205.10",1734.09711530261,-1.45456698857976,0.211087587343653,-6.89082198950764,5.54709171689379e-12,3.74136738694705e-10
"ENSG00000122679.8",3163.58387635476,-4.38622479032582,0.636830174385727,-6.88758944966243,5.67456928675554e-12,3.81479897231592e-10
"ENSG00000167641.11",1010.86172368719,-4.31861534509607,0.627227015434715,-6.88525085626764,5.76857905699584e-12,3.86532499949813e-10
"ENSG00000171056.8",954.885186365399,-4.25225564507624,0.618131042154068,-6.87921388037389,6.01837445895299e-12,3.99946413630138e-10
"ENSG00000205363.7",184.948387970013,-4.12721391022173,0.599972676963868,-6.87900310912038,6.02728452066488e-12,3.99946413630138e-10
"ENSG00000160801.14",262.85197709157,-3.51742187263227,0.511594150425163,-6.87541456388643,6.18098423727647e-12,4.08822260648764e-10
"ENSG00000241684.9",132.59169098266,-3.15490107609793,0.459466520092048,-6.86644388249635,6.58220513484442e-12,4.33959916671544e-10
"ENSG00000183807.8",267.154955546217,-4.16397278099448,0.608395085721304,-6.84419200404575,7.69087124866922e-12,4.97456227390264e-10
"ENSG00000127329.16",4189.15954952053,-4.06789276623475,0.597134724653529,-6.81235339076124,9.60148882776354e-12,6.15215396638949e-10
"ENSG00000149488.14",105.098457767355,-4.78805356922611,0.704176956675125,-6.79950334051488,1.04980430891336e-11,6.68484085402471e-10
"ENSG00000121075.11",1095.9541237845,-4.20212604987511,0.618547598349999,-6.79353708766221,1.09417092315487e-11,6.89493537698249e-10
"ENSG00000181234.10",81.4448279610454,-5.7229031976028,0.842846653376969,-6.78996965186169,1.12157135453532e-11,7.03262967993646e-10
"ENSG00000183287.15",660.454979441901,-3.89144549430067,0.575232495349108,-6.76499593775375,1.33312939502191e-11,8.24104175358203e-10
"ENSG00000197465.14",45.8594922712582,-3.46405751634121,0.51322606002287,-6.74957447832414,1.48279380161901e-11,9.10275572107669e-10
"ENSG00000133169.6",36.9280541514567,-4.26090473038751,0.632651307272888,-6.73499711674445,1.6393318556408e-11,1.00038274904938e-09
"ENSG00000169744.13",2333.90849759973,-3.3134336925366,0.492964503279574,-6.72144479063528,1.79931412985616e-11,1.09475183734631e-09
"ENSG00000131016.17",2745.13771757878,-3.26024779162506,0.485395340385658,-6.71668539099431,1.8590474519155e-11,1.12774878562353e-09
"ENSG00000187950.9",62.7469401862105,-5.14293198362539,0.76586297607798,-6.71521165569667,1.87793431440618e-11,1.1358455806072e-09
"ENSG00000172987.14",93.9360939363884,-5.38988542193789,0.804606458353247,-6.69878468657726,2.10159975308977e-11,1.25997664729101e-09
"ENSG00000197256.11",6061.4237178283,-2.12358220743103,0.317368120434594,-6.69122722384044,2.21306714568214e-11,1.32293669839844e-09
"ENSG00000110786.18",62.6416359505759,-3.46574888888654,0.518268062787584,-6.68717433647267,2.27520781212537e-11,1.35219886898025e-09
"ENSG00000102104.9",36.8282418494301,-6.45464936533095,0.965355038542352,-6.68629582653571,2.28890108923857e-11,1.3564054316112e-09
"ENSG00000266120.2",39.120062149385,-5.36323785096794,0.803944359633829,-6.67115551803948,2.53797095335938e-11,1.48257995520458e-09
"ENSG00000159339.13",72.0009960608752,-4.83271337536099,0.725975823460601,-6.65685167355062,2.79755254825702e-11,1.62957435935972e-09
"ENSG00000154721.15",1286.92959728005,-3.16310896883991,0.475962109571225,-6.64571591988578,3.01746752073273e-11,1.74774446455096e-09
"ENSG00000120833.14",3306.44286233716,-3.92124601857266,0.590713149561981,-6.63815596703799,3.17631678927413e-11,1.82941571481114e-09
"ENSG00000115602.17",975.975276961284,-5.09263064579529,0.768826367985644,-6.62390216810355,3.49838347436754e-11,2.00926764029222e-09
"ENSG00000163464.8",436.544045930457,-5.04401960048266,0.761992390133167,-6.61951440171359,3.60380733990761e-11,2.06403535467781e-09
"ENSG00000120279.7",891.042468744341,-3.09029941383064,0.467697502577337,-6.60747469636024,3.90930975283742e-11,2.22040130670855e-09
"ENSG00000103647.13",232.084939916526,-3.78811101848875,0.573509788503837,-6.60513751364404,3.97148521581414e-11,2.24948433328876e-09
"ENSG00000180155.20",460.387246831314,-2.24890846150406,0.340517327407993,-6.60438773739555,3.99163554342013e-11,2.25466928876822e-09
"ENSG00000169282.19",151.389378478346,-2.62488060159938,0.397496283436869,-6.60353495359477,4.01467582400767e-11,2.2614536564685e-09
"ENSG00000131097.7",395.28402542103,-4.84209106531803,0.735246520610708,-6.58567015223154,4.52838154221661e-11,2.53688347381446e-09
"ENSG00000119147.10",261.912228507535,-5.22536106974149,0.796342321287077,-6.56170208472164,5.31970174618667e-11,2.94797742172463e-09
"ENSG00000173517.11",2362.912758782,-1.80272930591954,0.274904493601961,-6.55765674216202,5.46598466681154e-11,3.01275670990064e-09
"ENSG00000166337.11",317.452315174569,-2.25523279936036,0.344642075317728,-6.54369550578305,6.00169352887913e-11,3.29916150445409e-09
"ENSG00000030304.15",56.5214364339053,-4.06378007080923,0.621182866921648,-6.54200282591151,6.07003556592767e-11,3.31594825986524e-09
"ENSG00000232320.6",105.437101769507,-2.71301128643491,0.414683733496055,-6.54236244948036,6.05545235943614e-11,3.31594825986524e-09
"ENSG00000116194.13",329.731029988365,-4.46498751693841,0.684071233077012,-6.52707978503132,6.70643278350132e-11,3.6474455647987e-09
"ENSG00000143167.12",88.5101552314176,-4.36708286049108,0.670878341003618,-6.50950044676957,7.54011313224502e-11,4.07922109930216e-09
"ENSG00000152580.9",672.481072006035,-4.23548984567098,0.651535167481352,-6.5007846960037,7.99021202772015e-11,4.31135019516774e-09
"ENSG00000184845.4",39.2964865415704,-5.54355016517693,0.854233245818899,-6.4895041164813,8.61193538471866e-11,4.62249013424794e-09
"ENSG00000152154.12",205.902550067793,-3.44852345450162,0.531696641070631,-6.48588534912997,8.82122292033374e-11,4.72246357071862e-09
"ENSG00000257474.6",38.3470055774278,-5.36337115860009,0.828531815821652,-6.47334363772289,9.58576057609488e-11,5.10510220395453e-09
"ENSG00000249751.4",122.854948183595,-4.06482406189008,0.629429219043388,-6.45795260040173,1.06128968880703e-10,5.63748284437806e-09
"ENSG00000299344.1",505.393448276274,-6.1067261945491,0.945960061464269,-6.45558564607515,1.07801192520885e-10,5.71151331123573e-09
"ENSG00000177954.14",13943.1829653563,-1.98005428592755,0.307091730543505,-6.44776165878241,1.13514087793478e-10,5.98327212369531e-09
"ENSG00000231246.4",63.1364761824736,-3.10103587490892,0.481051459079826,-6.44637037551181,1.14560507128005e-10,6.02294522603232e-09
"ENSG00000154783.12",2113.02744854244,-2.38121103891176,0.369782111168177,-6.43949765820007,1.19869565037367e-10,6.28594772768843e-09
"ENSG00000133104.14",1712.22450133779,-1.54645775165769,0.240539743679658,-6.42911532207006,1.28348728851142e-10,6.71342432745871e-09
"ENSG00000235584.4",389.132670303253,-4.45145724298292,0.692586790797211,-6.42729157144192,1.29897521143755e-10,6.77714700644163e-09
"ENSG00000110203.10",26.5487564819245,-5.60108265452687,0.871776438743313,-6.42490712710815,1.31950052255369e-10,6.86676109503574e-09
"ENSG00000166265.13",1582.25800000122,-3.37257296585821,0.525294740829781,-6.42034405395099,1.35966693331603e-10,7.02232010093498e-09
"ENSG00000171303.8",808.810775755721,-4.82537925993765,0.751555398439102,-6.4205237164944,1.35806309605257e-10,7.02232010093498e-09
"ENSG00000114790.13",1089.05497756037,-2.68097015145019,0.418166740802553,-6.41124673450793,1.44334380384129e-10,7.43575913416127e-09
"ENSG00000305802.1",74.0949921075086,-5.5481626074868,0.866131292157923,-6.40568313109186,1.49697580098975e-10,7.69272978032427e-09
"ENSG00000173641.18",210.113616725745,-2.2837563615853,0.356806635892323,-6.40054340882407,1.54824924077629e-10,7.93632560821927e-09
"ENSG00000179133.15",51.799892947107,-5.31428895766509,0.831395439118899,-6.39201119902353,1.63717904615244e-10,8.32970698816617e-09
"ENSG00000146966.13",661.819890409918,-3.10886371273562,0.487945421605878,-6.37133493845282,1.87389897827069e-10,9.46508668600112e-09
"ENSG00000277494.2",1028.57215807072,-5.92634298124041,0.930366447948749,-6.36990187501568,1.89149174680838e-10,9.52902869202924e-09
"ENSG00000007908.16",2315.18886319964,-4.49431630001392,0.706503022593104,-6.3613546669882,1.999820749246e-10,1.005007956925e-08
"ENSG00000155093.20",585.667700085353,-2.13827445904661,0.336411394273764,-6.35612971333109,2.06900333919848e-10,1.03470352358355e-08
"ENSG00000114698.15",1593.8714894209,-2.99167032070651,0.47107202046892,-6.35077056312645,2.14239041015399e-10,1.06620322742227e-08
"ENSG00000244734.4",4727.28635390257,-4.93958898884487,0.780112107608841,-6.33189632703618,2.42166191089786e-10,1.19647604388072e-08
"ENSG00000244716.3",692.237416882489,-1.98296222188422,0.313212710143321,-6.33104008128165,2.43514071134034e-10,1.2002433929164e-08
"ENSG00000148123.15",51.0009766829044,-4.43778174791038,0.702172755282345,-6.32007111430283,2.61442960585087e-10,1.2793857908918e-08
"ENSG00000141052.18",143.320025706683,-5.22347183349868,0.827615676845325,-6.31147038370432,2.76396700351241e-10,1.34934236761949e-08
"ENSG00000107742.14",5912.4542044938,-3.48826463156232,0.552942633607355,-6.30854707079676,2.81667071396924e-10,1.37180561328326e-08
"ENSG00000128268.12",765.944272304142,-3.99156385821378,0.632802029494177,-6.30776083541386,2.83101222736671e-10,1.37552309739163e-08
"ENSG00000129951.19",160.247663347997,-6.277467687954,0.996277242549146,-6.30092450158956,2.95875496515636e-10,1.43080924069731e-08
"ENSG00000130755.13",1259.84306138156,-2.06817776048149,0.328651460447842,-6.29292125360785,3.11546408112005e-10,1.50304648280672e-08
"ENSG00000075461.6",246.362307820912,-3.76156946832318,0.599782540066744,-6.27155546726084,3.57458911533076e-10,1.70847028486578e-08
"ENSG00000180769.10",131.057678579904,-2.11122100576145,0.337251533699915,-6.26007829408421,3.84784238492256e-10,1.83053736103137e-08
"ENSG00000161281.11",188.788502107547,-3.17917569693118,0.507961670244161,-6.25869210840861,3.88219461511741e-10,1.84260459232332e-08
"ENSG00000169994.20",521.290211474735,-4.56046148389111,0.730624846112757,-6.24186476569303,4.32384716223762e-10,2.04276871462028e-08
"ENSG00000187922.14",61.8900874863395,-4.90499258306535,0.786676726546361,-6.23508032911951,4.51546322288826e-10,2.12839213614025e-08
"ENSG00000170989.10",2573.81234264887,-2.96200335167818,0.477923223050784,-6.19765520656324,5.73105148888358e-10,2.67596682878968e-08
"ENSG00000197380.11",393.959063580382,-2.88010404877625,0.465510726470579,-6.18697676552525,6.13290001628116e-10,2.85145083750179e-08
"ENSG00000188783.6",3510.01167635281,-2.77352312419786,0.448653391629195,-6.18188377920509,6.33411527976926e-10,2.93834162209025e-08
"ENSG00000147027.4",1042.82657546142,-2.78150534183368,0.449994844891455,-6.18119379235248,6.36186613613194e-10,2.94455312088599e-08
"ENSG00000110693.19",110.55233397501,-2.23497839459475,0.361730916958066,-6.17856613802751,6.46863898191476e-10,2.98722913705361e-08
"ENSG00000081041.9",8522.71419868179,-5.26034905162451,0.851723565939132,-6.17612246741619,6.56950355572283e-10,3.02020405620047e-08
"ENSG00000184113.10",3545.36782274968,-3.95429839550865,0.641777376546406,-6.16147988386238,7.20682271784357e-10,3.27761162836268e-08
"ENSG00000198358.4",45.5903417445628,-6.71084467408897,1.08914943288178,-6.16154631447839,7.20379944337773e-10,3.27761162836268e-08
"ENSG00000248441.10",92.4783370486752,-3.59635020027417,0.583688095526598,-6.16142461673744,7.20933888212821e-10,3.27761162836268e-08
"ENSG00000198643.7",40.5239298174544,-3.3852812679158,0.55152337252727,-6.1380558586362,8.3537491295411e-10,3.78113183558744e-08
"ENSG00000177103.15",59.5361683458449,-4.72374619579719,0.771513254516465,-6.12270258241737,9.20013302655932e-10,4.15505567349278e-08
"ENSG00000145147.20",2536.47701354271,-3.28615606688933,0.536831747627995,-6.12138920883367,9.27630078889921e-10,4.18024772254043e-08
"ENSG00000169418.10",1345.38281346459,-3.44815500731625,0.563357918563264,-6.12071809713814,9.31545827639813e-10,4.18868764252779e-08
"ENSG00000055118.18",133.790234329264,-2.90451718820587,0.475248522924725,-6.11157541391437,9.86523636364935e-10,4.42618832385703e-08
"ENSG00000036473.9",50.8260621441182,-7.5062754577773,1.22949761600751,-6.10515657781595,1.02699950902879e-09,4.58771196800139e-08
"ENSG00000180871.8",567.784547355832,-4.58463593650675,0.75177317845124,-6.09842977632131,1.0711543503477e-09,4.77455408685417e-08
"ENSG00000168539.4",57.6087121981582,-7.7188089783877,1.26796491568469,-6.08755722095007,1.14646407562476e-09,5.06618521694183e-08
"ENSG00000164850.16",362.244584803891,-3.77857937219312,0.623671871112406,-6.05860156151263,1.37310040943129e-09,6.04164180149767e-08
"ENSG00000248551.2",23.7235478899005,-5.82352519315886,0.962568949208156,-6.04998239133882,1.44861666899801e-09,6.34667439767846e-08
"ENSG00000066629.19",780.19715682057,-2.35621054656748,0.390134210798589,-6.0394871337851,1.54604839687212e-09,6.74471836797149e-08
"ENSG00000158352.18",1647.03284552272,-2.52411152742571,0.418287168712821,-6.03439865294711,1.5955572894172e-09,6.94592498136098e-08
"ENSG00000112214.11",608.989399691196,-4.54913404226439,0.754249674366805,-6.03133709813451,1.62608588491215e-09,7.0488932313401e-08
"ENSG00000233608.5",157.369683544168,-3.0608803429458,0.508432475266658,-6.0202298079808,1.74169612560108e-09,7.53412180576467e-08
"ENSG00000118407.15",313.576846547389,-2.56872131482189,0.427022477489499,-6.01542412924868,1.79416320665965e-09,7.74474155565251e-08
"ENSG00000172346.15",197.448809630772,-2.16547667185774,0.36025905102291,-6.01088762574914,1.84510274411919e-09,7.93123410176517e-08
"ENSG00000165757.9",2515.26509213946,-2.29114651254511,0.381691497913833,-6.00261343275279,1.94166519776509e-09,8.31146204905542e-08
"ENSG00000206052.11",192.599485862947,-3.16412834068153,0.52819896860275,-5.99040991892058,2.09312786702241e-09,8.92255588054625e-08
"ENSG00000170464.10",419.714795238334,-2.02613077242213,0.338631568914335,-5.98328968240611,2.18675345852878e-09,9.28306271504639e-08
"ENSG00000143768.13",52.3256354139071,-3.89153043489827,0.651188136255948,-5.97604627331343,2.28618087217164e-09,9.66512424804273e-08
"ENSG00000126218.12",222.001290896083,-3.38133495346817,0.567308019301477,-5.96031580451056,2.51750929676903e-09,1.05776661108509e-07
"ENSG00000128849.11",2007.55986348185,-2.63783056282581,0.442783717893246,-5.95737931687402,2.56314858559004e-09,1.074740257647e-07
"ENSG00000128383.14",193.880964263227,-4.8336452735648,0.812336516889842,-5.95029913473688,2.67652861914961e-09,1.1199906695315e-07
"ENSG00000140092.16",2662.650200593,-2.6832732504246,0.451255276400002,-5.94624238375906,2.74367788227059e-09,1.14342218085521e-07
"ENSG00000182732.18",43.5918504550638,-3.18060106639289,0.535195603919752,-5.94287591881975,2.80064431311135e-09,1.16243746955537e-07
"ENSG00000183018.9",1506.81900422527,-2.45386448261245,0.414349207956618,-5.92221352301794,3.17636825587863e-09,1.30517544526123e-07
"ENSG00000187479.9",9710.02752820519,-4.73945933066,0.800878855112785,-5.91782302704515,3.26230709240835e-09,1.33780689245481e-07
"ENSG00000171595.14",127.305957938443,-7.89543124936737,1.33503802137881,-5.91401227750284,3.33872981907694e-09,1.36641349721264e-07
"ENSG00000166961.15",1128.22067859433,-4.63353486340752,0.784085390015329,-5.90947736357762,3.43194832526533e-09,1.40176630400877e-07
"ENSG00000183607.10",308.66834037529,-5.93945874681235,1.00523109483334,-5.9085505585132,3.45130893701994e-09,1.40687153965521e-07
"ENSG00000171819.5",30.0059142731958,-4.91115570602719,0.831275970277573,-5.90797266085689,3.4634347785711e-09,1.40901322817107e-07
"ENSG00000160867.15",1661.16428965899,-4.35215576656224,0.736802180943118,-5.90681716087134,3.48780476210264e-09,1.41611779885451e-07
"ENSG00000144677.15",1671.20120753803,-1.61984880076887,0.274293733779728,-5.90552608857516,3.51523149847532e-09,1.42443293764304e-07
"ENSG00000105784.16",79.8841498042423,-3.78578144920459,0.643143645412276,-5.88636998314394,3.94770043723876e-09,1.59652169162019e-07
"ENSG00000077522.15",149.919187672194,-4.15931470252992,0.707222017800113,-5.88120080801203,4.07300656304166e-09,1.64072547286063e-07
"ENSG00000169224.13",150.727679314035,-4.05570075980217,0.690333679274796,-5.87498608508096,4.22878867899443e-09,1.69681180184152e-07
"ENSG00000072163.20",2218.54743222172,-3.49989336076209,0.596107153107042,-5.87124872184451,4.32524789680291e-09,1.73212661867279e-07
"ENSG00000088320.4",125.456134095393,-2.86209813090051,0.488637083176056,-5.85730847994051,4.70428831024169e-09,1.87294616530477e-07
"ENSG00000204420.10",33.8747215275019,-3.51779895328077,0.600824857953799,-5.854949086596,4.771561687296e-09,1.8960484658201e-07
"ENSG00000152583.13",17568.9511387928,-2.94993305110254,0.504312520120931,-5.84941466532531,4.93305884841838e-09,1.95265325536623e-07
"ENSG00000139567.14",3361.27821801507,-2.8264349367026,0.483319615935845,-5.84796239074596,4.97631025073228e-09,1.96597813836252e-07
"ENSG00000089225.20",448.917153989223,-2.60750298035899,0.446629095222478,-5.83818431949696,5.27727575147712e-09,2.08087042323628e-07
"ENSG00000177303.10",2430.07615349503,-2.06322254825259,0.353522090625226,-5.83619129600545,5.34075747428848e-09,2.10185971694455e-07
"ENSG00000077943.8",1286.45841952779,-3.24134574200919,0.555579284352848,-5.83417314737497,5.40579633083826e-09,2.12157503485385e-07
"ENSG00000185432.12",2225.10824133848,-2.85213273081084,0.488881517628968,-5.83399582099857,5.41154771375617e-09,2.12157503485385e-07
"ENSG00000150048.10",366.673941726974,-3.02827464784164,0.519147871715479,-5.83316394582332,5.43860822267097e-09,2.12811494270316e-07
"ENSG00000171243.8",320.304544693408,-5.85266755056362,1.00357991558471,-5.8317902338188,5.48358287938253e-09,2.14162634969256e-07
"ENSG00000187151.7",51.7234277586745,-4.24397039612532,0.728376228298148,-5.82661848539643,5.65617140948939e-09,2.19647989735171e-07
"ENSG00000079102.18",385.293750110955,-2.84877247472212,0.489011624638977,-5.82557209519362,5.69172812922103e-09,2.20610951912189e-07
"ENSG00000174837.15",162.550101667768,-2.949522835145,0.506580708825028,-5.82241444208598,5.80034952775616e-09,2.24240709734631e-07
"ENSG00000154654.15",257.973569985943,-2.20504691396892,0.378855256918474,-5.82028855005021,5.87461198610897e-09,2.26415496547328e-07
"ENSG00000118777.12",425.450789564075,-3.3895712848892,0.58359357726333,-5.80810244825528,6.3184851746189e-09,2.43066078837497e-07
"ENSG00000298205.1",75.563674234724,-4.66837356939042,0.804644658876466,-5.80178283406357,6.56135060880791e-09,2.51465295108406e-07
"ENSG00000283199.3",113.660034574663,-3.08312606058295,0.531525765114039,-5.8005204318204,6.61094178737229e-09,2.52893191060227e-07
"ENSG00000164736.6",694.657401782096,-3.57123436011278,0.616409080694119,-5.79361088595795,6.88889648203946e-09,2.62059245765746e-07
"ENSG00000182010.11",3159.90625011972,-4.30532638624179,0.743273686493972,-5.79238369993971,6.93943781457808e-09,2.63493023981683e-07
"ENSG00000102466.17",121.222504119117,-3.34795334425125,0.578441878061791,-5.78788201758382,7.1279445750605e-09,2.69155387784605e-07
"ENSG00000154529.15",64.3140409268045,-3.94622796893738,0.681891643193066,-5.78717749121918,7.15789355610676e-09,2.69789429180906e-07
"ENSG00000225936.3",19.1469607692867,-4.7955577206047,0.829180390906197,-5.78349147326521,7.31658981604196e-09,2.75264876308485e-07
"ENSG00000185453.13",351.940176565829,-1.46015799671399,0.252867420003522,-5.7744014499521,7.72271132040596e-09,2.90011855153121e-07
"ENSG00000204403.11",39.9479393945511,-3.6084988908966,0.625233831328518,-5.7714389562528,7.85974323466237e-09,2.94618236350123e-07
"ENSG00000145592.14",9073.95046498711,-1.32227973505613,0.229456585782562,-5.7626575874756,8.27996708137843e-09,3.08677172793788e-07
"ENSG00000138735.16",1066.67459894585,-2.77904593569523,0.482441453424413,-5.76037966051489,8.39249471451469e-09,3.1230437681744e-07
"ENSG00000182533.7",13.7731640893568,-7.08603908402829,1.23145224162122,-5.75421347619575,8.70461034988554e-09,3.23332120677632e-07
"ENSG00000155897.10",65.3106926860197,-7.35823020633555,1.27988957581453,-5.74911331835229,8.97126778652888e-09,3.32034069846549e-07
"ENSG00000091428.18",448.625876378751,-2.44238717365386,0.424879759204436,-5.7484196899073,9.00814147044253e-09,3.32199519262507e-07
"ENSG00000171777.17",323.039784570786,-1.89722738870957,0.330038967737063,-5.74849509958795,9.00412552153312e-09,3.32199519262507e-07
"ENSG00000213088.14",3129.33060879798,-4.77594280648761,0.831117208952024,-5.74641308716217,9.11564518514725e-09,3.35560482722189e-07
"ENSG00000131477.11",1457.83970828095,-3.20698665853276,0.558450017509902,-5.74265656366624,9.32026363949875e-09,3.41865269524655e-07
"ENSG00000105538.10",1346.7766671503,-3.32121543858373,0.578784888788209,-5.7382552705156,9.56568623448982e-09,3.49616453746844e-07
"ENSG00000234009.1",76.0613292125706,-2.27476101425237,0.396451736056541,-5.73780061320742,9.59139369175713e-09,3.49932270917773e-07
"ENSG00000095713.14",1942.07803517989,-5.97434516873955,1.04292875855824,-5.72843074823115,1.01363916461676e-08,3.67202428114878e-07
"ENSG00000197756.10",11100.6914932891,-1.91227654362705,0.333819006524606,-5.7284831188487,1.01332634532679e-08,3.67202428114878e-07
"ENSG00000185739.13",51.5944506368363,-3.13911665443046,0.549516446896054,-5.71250719093445,1.11323710778359e-08,4.01071105462412e-07
"ENSG00000174428.19",683.044325804914,-1.69307968697954,0.296850440758223,-5.70347708649187,1.17387824501655e-08,4.2152713722976e-07
"ENSG00000163513.20",9161.10077223856,-1.98234206111873,0.348014699704531,-5.6961446249304,1.2254693520665e-08,4.39283629279223e-07
"ENSG00000130307.12",451.623300798258,-3.66101771911209,0.643322248017442,-5.6907991762984,1.26446153264191e-08,4.52469795205756e-07
"ENSG00000198835.4",188.250537176025,-2.89544279332419,0.51023921334389,-5.67467712712375,1.38950478193192e-08,4.93767869128805e-07
"ENSG00000232234.5",21.9286741835346,-4.98600548004121,0.879077047543158,-5.67186402372362,1.4125207548614e-08,5.00212876643836e-07
"ENSG00000213862.4",45.9956909665836,-2.87057240519808,0.506242730488021,-5.67034790293351,1.42507835301659e-08,5.03789768107795e-07
"ENSG00000094963.14",5124.05046423388,-4.73876477973398,0.837136679779921,-5.66068229262129,1.5077233291799e-08,5.30263450111574e-07
"ENSG00000173269.14",2772.3015707208,-3.04124872238645,0.537474798022622,-5.65840246570676,1.52788504734663e-08,5.36434161143754e-07
"ENSG00000178726.7",5960.25303224653,-2.90690629848116,0.514183406288823,-5.65344245443874,1.57265779902019e-08,5.50269206674231e-07
"ENSG00000163710.9",342.895452621847,-3.56892112549902,0.632238167169797,-5.64489983493916,1.65277445473109e-08,5.76334820064733e-07
"ENSG00000091409.17",2808.57685050938,-1.81160347879567,0.321306086206253,-5.63824825164614,1.71788732910694e-08,5.96490250791335e-07
"ENSG00000125895.6",191.490223530004,-3.87369691152308,0.687390642499436,-5.63536462678317,1.7468832387296e-08,6.02932432329775e-07
"ENSG00000164879.7",410.8652708974,-3.46694592370126,0.616053518828787,-5.62767002823465,1.82660081169103e-08,6.27347119646783e-07
"ENSG00000064999.16",2044.8372605395,-1.22727784108059,0.218113075361908,-5.62679628006809,1.83587329098564e-08,6.2947735716337e-07
"ENSG00000289926.2",54.9737876482065,-3.8862440903817,0.691329525747565,-5.62140621171841,1.89409318535199e-08,6.47274777874288e-07
"ENSG00000128918.15",258.249309694705,-2.39925097565445,0.426852964655199,-5.6207902353273,1.90085959499907e-08,6.48506241861247e-07
"ENSG00000133401.16",1190.45414452031,-3.21805969848181,0.573709229787055,-5.60921723305074,2.03243778536679e-08,6.89952058794051e-07
"ENSG00000173597.9",137.45283438425,-3.69267147476298,0.658933381847671,-5.60401335929985,2.09444554247985e-08,7.0865530367998e-07
"ENSG00000182575.8",288.506769586923,-3.50791348111316,0.626654469313613,-5.5978432340161,2.17034866452532e-08,7.30719688299298e-07
"ENSG00000161835.11",2249.23427692471,-3.46372594911709,0.618811142207193,-5.59738781813555,2.17605567661673e-08,7.31440091694255e-07
"ENSG00000231943.12",31.1863181006582,-4.33524995288519,0.774585036094303,-5.59686767865393,2.18259158897092e-08,7.32436300167918e-07
"ENSG00000132376.20",1419.87629844077,-1.40041706805383,0.250296321498062,-5.59503655376202,2.20575291847253e-08,7.38999311117006e-07
"ENSG00000071967.12",7872.25726156079,-2.4156617550669,0.432315064644737,-5.5877343923974,2.30051139056561e-08,7.66986756945646e-07
"ENSG00000197576.15",72.2758614950728,-3.78689084023013,0.677780201076627,-5.58719601755082,2.3076520549802e-08,7.68118469729122e-07
"ENSG00000241158.7",103.464193195676,-3.77463581537533,0.676111739701898,-5.5828579711389,2.3659795685516e-08,7.86256808323857e-07
"ENSG00000151892.16",261.982738728188,-3.64666026448681,0.653285552995412,-5.58203108543626,2.37725874230104e-08,7.8872675165276e-07
"ENSG00000091137.14",34.4983424167241,-3.06181705635677,0.548545766034849,-5.58169845788628,2.38181066849315e-08,7.88960354552239e-07
"ENSG00000175886.10",29.184748357563,-2.9029986867859,0.520398728198649,-5.5784123393894,2.42723740789568e-08,8.01418290040146e-07
"ENSG00000172201.12",1410.90912406666,-2.92914775444599,0.525276255347681,-5.57639475347536,2.45554361301055e-08,8.09460872044507e-07
"ENSG00000164167.12",350.461590529129,-1.27004282643922,0.227926721482104,-5.57215414752911,2.51608639588565e-08,8.26760183673707e-07
"ENSG00000150275.20",74.581261614857,-4.52477440831793,0.812613209704552,-5.56817727583217,2.57417861048521e-08,8.4261330679072e-07
"ENSG00000182132.15",24.3437308688951,-4.30079100300141,0.772648452450349,-5.56629731071361,2.60209130235686e-08,8.49574523304538e-07
"ENSG00000258498.11",259.504634480623,-4.04935132795534,0.728428425104563,-5.55902431645781,2.71286903591928e-08,8.82931217658554e-07
"ENSG00000163421.9",90.13454744825,-5.15063879285402,0.926762464797209,-5.55766875386032,2.73401608023433e-08,8.88403577006731e-07
"ENSG00000248491.7",39.7631948078959,-3.24377987038245,0.583899375143912,-5.55537479310192,2.77016722967345e-08,8.98726406285196e-07
"ENSG00000108387.16",649.421896939668,-2.42393908530711,0.436831955279414,-5.54890514764807,2.87464074435465e-08,9.31147453747989e-07
"ENSG00000136826.15",4830.28932326912,-3.63354981734867,0.655525060582093,-5.54296095731588,2.9739919214489e-08,9.58785068512394e-07
"ENSG00000107295.10",37.5134562764269,-4.38873020081162,0.792180620731315,-5.54006256396437,3.02363604669474e-08,9.732595526127e-07
"ENSG00000141448.11",982.486023308106,-2.83964346659036,0.512909141287586,-5.53634793769095,3.08843735701666e-08,9.92559867841217e-07
"ENSG00000183117.20",28.1785843732997,-5.66532767029743,1.02349435706188,-5.53527982954469,3.10731847019004e-08,9.97065069057537e-07
"ENSG00000104332.12",363.982010351385,-3.677414084105,0.667707383631458,-5.50752346649914,3.63916912425725e-08,1.15507002668376e-06
"ENSG00000144837.9",544.597858549748,-2.53133162409535,0.459702317079228,-5.5064582666854,3.6612470654843e-08,1.16028145024251e-06
"ENSG00000172889.16",4386.15846662256,-3.40564574303618,0.618529740137192,-5.50603394152202,3.67007800411245e-08,1.16128517586916e-06
"ENSG00000126861.5",181.74192668606,-3.70589514983651,0.673222124008586,-5.50471384952471,3.69768369888547e-08,1.16821735842754e-06
"ENSG00000247675.9",21.8113820631265,-4.10910267674465,0.746512490189594,-5.50439909679348,3.70429546363841e-08,1.16850575671449e-06
"ENSG00000124237.6",358.562785569917,-6.53924999721879,1.19048334452246,-5.49293698841447,3.95303864757977e-08,1.23934410443388e-06
"ENSG00000145990.11",707.523106972132,-2.84059136643274,0.517116472161552,-5.49313649700431,3.94857366584042e-08,1.23934410443388e-06
"ENSG00000110799.14",18000.9199140049,-3.18098748703,0.579252708948581,-5.4915366607502,3.98451590696062e-08,1.24661232773793e-06
"ENSG00000188487.12",25.0977653409332,-4.91012906361023,0.894601344883257,-5.48862249279426,4.0508031301697e-08,1.26419585054794e-06
"ENSG00000225383.9",842.582402535056,-4.04263916856124,0.737347351669961,-5.48267944464082,4.18931708653297e-08,1.30543704471538e-06
"ENSG00000169291.10",1213.15770339573,-3.02639905892739,0.552730433061883,-5.4753617277096,4.3661878351476e-08,1.35848733492969e-06
"ENSG00000168952.16",653.558962313047,-3.62538130191536,0.662213185267202,-5.47464378929955,4.38392551030292e-08,1.36193952520077e-06
"ENSG00000251141.7",71.1862083086023,-2.20327333206301,0.403068577354548,-5.466249308055,4.59657731193094e-08,1.42154179794619e-06
"ENSG00000118729.15",141.88795693635,-4.39789314623038,0.804784200591704,-5.46468623886614,4.63726292961678e-08,1.42981111441898e-06
"ENSG00000137834.15",2667.10980652823,-3.28287765219821,0.601157952056676,-5.46092360745934,4.73663848340034e-08,1.45825879074536e-06
"ENSG00000074660.17",1570.71968120946,-2.10555070576962,0.385615185731175,-5.46023803958143,4.75496613114127e-08,1.46100772392981e-06
"ENSG00000296680.1",24.7451110642425,-6.50413154350932,1.19211263894215,-5.45597062814543,4.87060442925315e-08,1.49055034652846e-06
"ENSG00000175899.15",71619.6256844023,-2.738497916926,0.502355653421474,-5.45131302549195,4.99992723476075e-08,1.5278466173105e-06
"ENSG00000133874.2",958.964660595249,-2.66812263123368,0.489573417312575,-5.44989277783883,5.04001964591503e-08,1.53780599434288e-06
"ENSG00000181409.14",1458.94549142921,-1.63714819162172,0.300600288367799,-5.44626287789382,5.14390980859031e-08,1.56484757737887e-06
"ENSG00000163431.14",1100.89471244756,-3.04848033505933,0.55997407527494,-5.44396690786545,5.21069043469889e-08,1.5828147655269e-06
"ENSG00000163734.4",1285.72183977836,-4.22044221522531,0.775340749788795,-5.44333857903762,5.22911197462897e-08,1.58606082733421e-06
"ENSG00000152779.14",64.6823171746493,-3.26764579477332,0.603372982230049,-5.41563160931766,6.10727297230146e-08,1.8361220678016e-06
"ENSG00000135441.8",194.917306896595,-1.99250534470606,0.368155730579731,-5.41212638892916,6.22807032525013e-08,1.86757861768549e-06
"ENSG00000233117.5",137.984722420974,-3.46859557223746,0.640900280804312,-5.41206748713617,6.23011985220873e-08,1.86757861768549e-06
"ENSG00000103241.7",1147.88127253042,-3.76329545340637,0.695546988672637,-5.41055531070323,6.28296133374178e-08,1.88066918521228e-06
"ENSG00000154359.13",879.389838112071,-1.96799559377243,0.364043796142843,-5.40593086497821,6.44726633014297e-08,1.92143530280889e-06
"ENSG00000282840.1",17.3741281920395,-4.99254051104306,0.924195161367209,-5.40204138664537,6.58867431029634e-08,1.95788663852632e-06
"ENSG00000220749.4",61.2566377071262,-2.65338159012209,0.491302243525612,-5.40071132401366,6.63771666148541e-08,1.96960553440082e-06
"ENSG00000205038.12",588.113087093115,-4.57956742849546,0.848412672357629,-5.39780648934608,6.74605698258948e-08,1.9931001782567e-06
"ENSG00000100234.12",27360.5034647639,-2.28135917830332,0.422746744592065,-5.39651507075412,6.79477068728161e-08,2.00460400247514e-06
"ENSG00000109475.18",7987.80474020628,-1.32820341369331,0.246253049785875,-5.39365264652854,6.90396215906874e-08,2.03389138088427e-06
"ENSG00000289251.3",114.211672883709,-4.8496530245393,0.899752991033618,-5.38998266509581,7.04644804249556e-08,2.07288910564317e-06
"ENSG00000291114.2",105.210738490572,-3.12297504029377,0.579814125151387,-5.38616585009614,7.19765517099367e-08,2.11131218349148e-06
"ENSG00000135547.9",134.122792807301,-2.02883063848589,0.376965162424418,-5.38201096737334,7.3658275853228e-08,2.15755612584941e-06
"ENSG00000182899.17",8994.59391283944,-1.65706396974032,0.307966507069016,-5.3806629347813,7.4212034591266e-08,2.17067554530573e-06
"ENSG00000196972.9",72.9182582083191,-2.37271878066454,0.441212180711513,-5.3777272804169,7.54319598753898e-08,2.19695583137073e-06
"ENSG00000107968.10",1652.98717082987,-2.44488946772714,0.454692979309051,-5.3770116957653,7.57322557983445e-08,2.20257329487838e-06
"ENSG00000289404.3",80.2753793795971,-4.79200848339342,0.891580039718295,-5.37473728652283,7.66944223541518e-08,2.22739721805882e-06
"ENSG00000136546.17",1991.98796897457,-5.02443785723048,0.935376244504058,-5.37156880640524,7.80545737963187e-08,2.2604957360448e-06
"ENSG00000079308.21",12880.7316341067,-2.02921581090743,0.37820689686826,-5.36535908707731,8.07883312732863e-08,2.33307597806685e-06
"ENSG00000173915.16",953.147571141122,-1.45525165298536,0.271597670298208,-5.35811537480247,8.40945350100699e-08,2.41833709094877e-06
"ENSG00000154262.13",546.839864640249,-2.7644289208894,0.516090670488129,-5.35647915951425,8.48592830299136e-08,2.43691139950329e-06
"ENSG00000261634.5",45.7541003396618,-3.18526396294992,0.595321292863857,-5.35049560822336,8.77136815242117e-08,2.51424022256804e-06
"ENSG00000100427.16",57.1486386604924,-3.67866592644251,0.688254212141589,-5.34492322974077,9.04553834709427e-08,2.58674641936989e-06
"ENSG00000135604.11",1307.62159883446,-2.66051065809176,0.499053045419147,-5.3311179693478,9.76099818179413e-08,2.77201532852503e-06
"ENSG00000203985.11",225.541783566984,-6.38087065253679,1.19714348656,-5.33008008160513,9.81694688561719e-08,2.78404811815622e-06
"ENSG00000198959.12",20211.4719897283,-2.16874942485388,0.407043781830711,-5.32804951619642,9.92730631333284e-08,2.80757915377347e-06
"ENSG00000182255.7",18.9878427251972,-6.81176195122527,1.27866418141574,-5.32724858506887,9.97116564921844e-08,2.81609890456715e-06
"ENSG00000250510.8",331.923268636949,-2.42702637202839,0.455817801235981,-5.32455372617598,1.01201188184762e-07,2.85423543678178e-06
"ENSG00000103313.14",216.210991466346,-2.69684213360151,0.5065854555272,-5.3235680262374,1.01751376269462e-07,2.86581074042452e-06
"ENSG00000144230.17",113.056136057022,-3.76641964891421,0.707586471247453,-5.32291077057216,1.02119844293364e-07,2.87224319258044e-06
"ENSG00000168546.11",50.5823670204753,-3.5811687698458,0.672933851139092,-5.32172480814254,1.02787984059359e-07,2.88707510294945e-06
"ENSG00000152492.15",2436.89964110923,-1.43326593664429,0.2693367610894,-5.32146421768454,1.02935359780369e-07,2.88725939389424e-06
"ENSG00000171992.13",5675.07767110423,-2.23964991922527,0.421105728954369,-5.31849786225055,1.04627449279295e-07,2.9307120492113e-06
"ENSG00000120907.18",74.6803214512644,-5.05686390034222,0.951296486851265,-5.31576009187224,1.06213015057925e-07,2.96347913040177e-06
"ENSG00000284690.3",31.2573112024592,-2.85006826709829,0.536157501401335,-5.31572953777419,1.06230840852775e-07,2.96347913040177e-06
"ENSG00000261863.2",21.809436330951,-5.7684786382711,1.08546906301849,-5.31427272761698,1.07084137789251e-07,2.98322440384619e-06
"ENSG00000090006.18",9991.99179394928,-2.58395661835151,0.48632428809118,-5.31323785717863,1.076943179655e-07,2.99615236847303e-06
"ENSG00000035664.11",1176.19275719663,-2.45623117747666,0.462711165297197,-5.30834646252601,1.10624214502394e-07,3.06933544540877e-06
"ENSG00000156920.11",18.4755033975077,-6.76750815342937,1.27509516369511,-5.30745339337476,1.11167417611916e-07,3.07853351835371e-06
"ENSG00000227615.1",119.360454713852,-1.91293352044914,0.360480121683911,-5.30662692720269,1.11672408979009e-07,3.0858909349132e-06
"ENSG00000131409.13",165.8325992275,-2.93071890768779,0.553295929566254,-5.29683800490864,1.17825134964819e-07,3.23845384359067e-06
"ENSG00000134531.10",11555.3814679509,-2.30650868977384,0.435582247267774,-5.29523116298153,1.1886594748206e-07,3.26268726529071e-06
"ENSG00000084453.17",240.054513154544,-5.56594532705534,1.05149899189209,-5.29334347438591,1.2010004164228e-07,3.29215408266486e-06
"ENSG00000104918.8",244.320437389096,-3.9973475227776,0.756298256539242,-5.2854115267555,1.25422479072264e-07,3.41522245803149e-06
"ENSG00000261468.2",84.1730069937628,-2.54989272489234,0.482983242563408,-5.2794641722121,1.29562208977294e-07,3.51860070578865e-06
"ENSG00000092051.18",154.406778805133,-2.83348625985048,0.537712891082433,-5.26951521312161,1.36784534445903e-07,3.7049274693247e-06
"ENSG00000158458.21",44.2028226567314,-2.68804699895177,0.510677992743696,-5.2636828630696,1.41197930185569e-07,3.81942263921491e-06
"ENSG00000180440.4",122.270497521476,-5.19309629751197,0.98666052819342,-5.26330601977212,1.41487779719661e-07,3.82222059996301e-06
"ENSG00000141933.9",264.964795975616,-1.57484597119154,0.299243524955206,-5.26275705189373,1.41911049179656e-07,3.82861072681535e-06
"ENSG00000254122.3",187.614091543024,-2.28432116785113,0.434830667901119,-5.25335799997111,1.49350831876793e-07,4.00823227330074e-06
"ENSG00000257894.3",120.116912576929,-3.28562615248098,0.625482749104699,-5.25294447718014,1.49686671272701e-07,4.01199412781105e-06
"ENSG00000181873.13",369.106468735064,-1.15025491298654,0.219043502979714,-5.25126240833114,1.51060293958712e-07,4.04018295853907e-06
"ENSG00000228027.1",13.7069236204308,-6.33885463449604,1.20722613036901,-5.2507599653749,1.5147296152978e-07,4.04018295853907e-06
"ENSG00000261371.6",14079.5426088557,-2.41979011353435,0.460847413012823,-5.25074036483094,1.51489081967268e-07,4.04018295853907e-06
"ENSG00000174749.6",742.603555122353,-2.40240006447554,0.458508930597223,-5.23959274107559,1.60931355116394e-07,4.26322545905238e-06
"ENSG00000150938.10",4374.31914022646,-1.82114668529468,0.347882703258669,-5.23494461850425,1.6503434018633e-07,4.36064962780994e-06
"ENSG00000176435.7",2762.38530633834,-3.06421955768194,0.585666410255944,-5.23202202486367,1.67665766998336e-07,4.41879034258853e-06
"ENSG00000181195.11",40.0651683487735,-2.75266381198415,0.526359959865798,-5.22962235327697,1.69856655198853e-07,4.47078415686429e-06
"ENSG00000179270.7",11.7731028047423,-6.85172848222271,1.31157256839476,-5.22405595186289,1.75045848235907e-07,4.60146163106286e-06
"ENSG00000166856.3",29.8098063786152,-3.10809163658517,0.595045887954221,-5.22328058978921,1.75780719162757e-07,4.61486282421661e-06
"ENSG00000134962.7",77.4688012187639,-3.46636251649782,0.664378565045779,-5.21745086140606,1.81402326551723e-07,4.7442261525721e-06
"ENSG00000287059.1",34.3260494589026,-4.04852659938316,0.776381991291968,-5.21460652718909,1.84207819860508e-07,4.81146132282784e-06
"ENSG00000253665.3",32.976942159881,-3.23782347701339,0.621850233353965,-5.20675767788991,1.9216877733665e-07,5.00029011486127e-06
"ENSG00000068976.14",99.0443209942494,-2.65284805876305,0.51005114188402,-5.20114129921167,1.98068441555175e-07,5.13425452041379e-06
"ENSG00000141469.18",188.898517176118,-4.04874007453921,0.779396112410698,-5.19471422819434,2.05034547522669e-07,5.30142290341085e-06
"ENSG00000170214.5",62.1979163116365,-3.07795562439532,0.592996470072637,-5.19051255738216,2.09715977614912e-07,5.4156377896929e-06
"ENSG00000174099.12",2037.33786449424,-2.47699557433007,0.477265812912989,-5.18997067737106,2.10327199530886e-07,5.42458981029091e-06
"ENSG00000130595.20",36.6873646057799,-3.43998476829001,0.663523300416914,-5.18442195794564,2.1668585396331e-07,5.58156626842174e-06
"ENSG00000184226.15",211.168154306312,-3.24904425507039,0.628869686768359,-5.16648253752953,2.38540477512286e-07,6.09095137099865e-06
"ENSG00000109686.21",2645.7353722132,-1.88449871380738,0.365001925556457,-5.162982937513,2.43045301693938e-07,6.19825978349814e-06
"ENSG00000183578.8",245.833741872561,-2.41061348313618,0.467334049447404,-5.15822351482113,2.49303904374087e-07,6.34209336884155e-06
"ENSG00000244215.3",33.9629646832874,-5.30936962101784,1.03043568547628,-5.1525482821024,2.56970427621262e-07,6.52094263359698e-06
"ENSG00000136114.17",575.74047428342,-3.0144865743773,0.585210801407095,-5.15111232931654,2.5894602780255e-07,6.56295346608588e-06
"ENSG00000159713.11",3187.94723049656,-3.47118268984984,0.674147945265571,-5.14899246408356,2.61889402140657e-07,6.62935839690374e-06
"ENSG00000111859.17",4686.36075979572,-2.21350944588186,0.430526661403141,-5.14139923104355,2.72699900223203e-07,6.86908937859528e-06
"ENSG00000165312.7",1501.70293934656,-2.41541371910423,0.470313935966068,-5.13574770890585,2.81024452676616e-07,7.04416305340016e-06
"ENSG00000185010.15",674.562056161902,-1.63794243431808,0.318920907603113,-5.13588916646521,2.80813126362291e-07,7.04416305340016e-06
"ENSG00000125740.15",25285.6148431286,-5.1715949985276,1.00727924006062,-5.13422176577008,2.83313876564995e-07,7.08663173788222e-06
"ENSG00000184500.16",2412.73604119181,-1.51034635773665,0.294189194776373,-5.1339287253046,2.83755591923591e-07,7.08663173788222e-06
"ENSG00000233760.4",36.0857338727054,-5.28954477538816,1.03027047540628,-5.13413215427946,2.83448882162522e-07,7.08663173788222e-06
"ENSG00000122707.12",858.14845645405,-2.01144998347569,0.391968423504047,-5.13166332505589,2.87192865391597e-07,7.16375001458552e-06
"ENSG00000107738.20",3064.07714620363,-1.768142185934,0.344576826731179,-5.13134386519095,2.87680802434583e-07,7.16720191144435e-06
"ENSG00000112183.15",33.0687040885746,-3.70897943719126,0.722901580554909,-5.13068381223375,2.88691492114837e-07,7.18365334262455e-06
"ENSG00000251230.8",97.5301644603685,-3.75506865382082,0.731980660982112,-5.13001074206329,2.89725644770875e-07,7.20064802470548e-06
"ENSG00000214402.7",100.625069190744,-3.74535847095158,0.730174448516058,-5.12940226621641,2.90663628315005e-07,7.21521432805189e-06
"ENSG00000154734.16",9354.97767198654,-3.13709574185311,0.612536804503233,-5.12148122168316,3.03144931945531e-07,7.50686435339513e-06
"ENSG00000251322.12",4006.32603281763,-2.89948189629974,0.566272213373413,-5.12029696641279,3.05054891823813e-07,7.53595843609091e-06
"ENSG00000288735.3",23.7483137603939,-4.15258097037258,0.811225881118617,-5.11889606461581,3.07329262062517e-07,7.58300744805037e-06
"ENSG00000175984.16",132.143201203964,-2.18023314834158,0.426134048957848,-5.11630824543017,3.11573727283791e-07,7.66927695585455e-06
"ENSG00000304403.1",15.7252263458916,-6.53355705876849,1.27697959626694,-5.11641460667686,3.11398166841527e-07,7.66927695585455e-06
"ENSG00000229619.6",171.068446174119,-2.61889502161329,0.512750800709322,-5.10753960401505,3.26380704366358e-07,8.01450294889556e-06
"ENSG00000012171.20",2455.16594310008,-2.31774478767413,0.453843031044002,-5.10693043438937,3.27434223697901e-07,8.02219911496117e-06
"ENSG00000077063.11",131.01942301475,-2.40862992877583,0.471642532078275,-5.10689720488585,3.2749178629308e-07,8.02219911496117e-06
"ENSG00000280339.1",123.231903619672,-3.37963671579879,0.661945635426732,-5.10561069508383,3.29727899549719e-07,8.05809398375143e-06
"ENSG00000132622.11",1219.83758315158,-2.91207719828751,0.570476461329338,-5.10464041145837,3.31424115533643e-07,8.0802854517263e-06
"ENSG00000300231.1",23.2488699867149,-3.53893143876682,0.693253939801501,-5.1048125882705,3.3112250853425e-07,8.0802854517263e-06
"ENSG00000225670.5",184.635474260283,-4.60184059908079,0.902245622368735,-5.10042995498191,3.38882778110224e-07,8.25231886267462e-06
"ENSG00000166257.10",68.3470035825869,-3.25336910790197,0.638135384078626,-5.0982427695956,3.42820979136338e-07,8.32843762584298e-06
"ENSG00000095370.20",1389.67196683038,-2.30538995699918,0.452213430353491,-5.09801302273814,3.43237211354199e-07,8.32868139835087e-06
"ENSG00000129993.15",377.341457728501,-2.37010556357976,0.465027956851296,-5.09669478718601,3.45634903664737e-07,8.37694806707066e-06
"ENSG00000124942.14",34312.2681734767,-2.05501638476911,0.403357560106595,-5.09477592096211,3.49153978553939e-07,8.45224696135769e-06
"ENSG00000130226.18",39.4870172688926,-4.70442331488703,0.923428257877219,-5.09451955228398,3.49626752827154e-07,8.45371101411316e-06
"ENSG00000149575.9",108.949388403292,-3.14227894850379,0.617601757588897,-5.08787241922881,3.62102823243962e-07,8.73477210328728e-06
"ENSG00000007174.18",267.08593306885,-5.69415415452542,1.12068624519232,-5.08095301334609,3.7554600919782e-07,9.03778799600011e-06
"ENSG00000154263.18",258.215680574498,-3.34351868025834,0.658297556289036,-5.07903857201972,3.79349693731922e-07,9.11862382213285e-06
"ENSG00000225194.5",59.3250309147519,-2.82010934208994,0.555470831262812,-5.07697107277204,3.83499231371069e-07,9.18606102807523e-06
"ENSG00000299780.1",11.9946006978072,-6.13547712015194,1.20844133754321,-5.07718242461444,3.83073039630765e-07,9.18606102807523e-06
"ENSG00000198844.12",1066.35263260175,-2.88604370677701,0.568646621558768,-5.07528506696448,3.86915491257134e-07,9.25707728440639e-06
"ENSG00000101333.19",464.591002326672,-3.7053191900933,0.730501270973111,-5.07229670546281,3.93042929012565e-07,9.39271820101822e-06
"ENSG00000215595.3",32.2613135361505,-3.08148973312563,0.607693306091562,-5.07079755896033,3.96151994861436e-07,9.45599592856679e-06
"ENSG00000198918.8",6211.03748479899,-1.50297187590341,0.297371634171543,-5.0541870951834,4.32227744551355e-07,1.02812037984698e-05
"ENSG00000283213.2",26.3621481070034,-3.77370660687345,0.747540360929895,-5.04816435888383,4.46075315492323e-07,1.05860280889521e-05
"ENSG00000176697.20",106.659271705776,-3.39592759522062,0.672911330617534,-5.04661972641203,4.49695135931499e-07,1.0659594297271e-05
"ENSG00000095917.15",190.728962446122,-3.43555275060722,0.680797612155952,-5.04636427811123,4.50296498814726e-07,1.06615235700891e-05
"ENSG00000152402.11",941.589648504039,-2.96654582673884,0.588010905398839,-5.04505239528963,4.53397106201411e-07,1.07225539395083e-05
"ENSG00000267607.2",184.26603670832,-5.19253275540161,1.02981355972759,-5.04220662696963,4.60193969455998e-07,1.08582475831137e-05
"ENSG00000242732.6",291.979192216874,-1.70792537996117,0.338890559760581,-5.03975496150669,4.66128270243969e-07,1.09856253483705e-05
"ENSG00000162670.11",20.3166233021869,-3.28713094369463,0.65237943796598,-5.03867956651639,4.6875451004774e-07,1.10348363651192e-05
"ENSG00000100678.20",41.0449051049344,-3.74912525792953,0.744163456406873,-5.03803999733049,4.70323174356573e-07,1.10590669346413e-05
"ENSG00000164096.13",2855.76648870402,-1.47544760989968,0.292875544446706,-5.03779724144281,4.70919903681416e-07,1.10604143242655e-05
"ENSG00000073910.23",1793.55357983861,-1.79951184735808,0.357230004634191,-5.03740398066733,4.7188814596297e-07,1.10704743075798e-05
"ENSG00000125266.8",1220.52345072642,-2.08460808017274,0.414026416755969,-5.03496394386212,4.77938785176461e-07,1.11868228895641e-05
"ENSG00000197467.17",514.514439329873,-2.34657478846365,0.46623066022059,-5.03307694812136,4.82669270963491e-07,1.12846644604737e-05
"ENSG00000163017.14",1492.93644982801,-3.9241135917192,0.779735936376412,-5.03261861952308,4.83825047127879e-07,1.12988026951139e-05
"ENSG00000131471.7",4599.80052247441,-3.73281991610151,0.742561965708073,-5.02694736397125,4.98349067081912e-07,1.16115332630086e-05
"ENSG00000205362.11",93.6966345019022,-4.55153376345752,0.906521817021093,-5.02087614219174,5.14363200130774e-07,1.19439445701941e-05
"ENSG00000197253.14",2646.94916173214,-2.79824458806278,0.557683860925081,-5.01761801645304,5.23160645563388e-07,1.21344862857825e-05
"ENSG00000050555.19",726.560870119111,-3.06860157605846,0.611664713847568,-5.01680333455229,5.25382985896803e-07,1.21722629862464e-05
"ENSG00000162999.13",99.0769471976718,-1.77783140838195,0.354822892433765,-5.01047549719137,5.42957115412039e-07,1.25652287747274e-05
"ENSG00000204131.11",607.831651698298,-2.01644372109472,0.402536776344741,-5.00934036240157,5.46169081275059e-07,1.2625310983612e-05
"ENSG00000092421.17",915.096879079402,-3.10419733305458,0.619978490274994,-5.00694359844274,5.53011227091435e-07,1.27690790543725e-05
"ENSG00000196154.12",4339.11515348424,-1.84444646935748,0.368714201668955,-5.00237436206347,5.66284871768914e-07,1.30315432219414e-05
"ENSG00000165410.15",1473.82573323517,-1.77189198070153,0.354609717848451,-4.99673836197231,5.8308092052082e-07,1.34030170340346e-05
"ENSG00000255587.9",84.2401749672014,-2.42988467481126,0.487290878287943,-4.98651787480296,6.14772211563196e-07,1.40841222635662e-05
"ENSG00000166313.20",923.20458900106,-1.54148033275832,0.309206636650771,-4.98527570253716,6.18735202470621e-07,1.41590921779661e-05
"ENSG00000227544.11",29.7160772668004,-4.61691173237711,0.926192472944196,-4.98482968415927,6.20164165609423e-07,1.41759710720798e-05
"ENSG00000047617.18",102.790168699,-3.79475768394988,0.761413405302428,-4.98383356206164,6.23367056757275e-07,1.42333164050681e-05
"ENSG00000290376.2",123.483623275409,-4.36829332111224,0.878256136908199,-4.97382612832097,6.56441912459636e-07,1.49386070733323e-05
"ENSG00000182742.6",198.238927902582,-1.74438687779204,0.350910662183898,-4.9710284291045,6.65986820212628e-07,1.51055240726103e-05
"ENSG00000064989.13",4098.41576801091,-3.41473779731264,0.687145149080646,-4.96945631047725,6.71408963581961e-07,1.52116788831873e-05
"ENSG00000107736.22",464.735321067152,-2.03768030213055,0.410081981599936,-4.96895838773637,6.73135121803718e-07,1.52339542356109e-05
"ENSG00000031081.11",2514.74669245783,-1.64189210473104,0.330459921176275,-4.96850601091568,6.74707092103615e-07,1.52526948362652e-05
"ENSG00000295544.1",14.2345539867977,-4.67460516980938,0.940959877942096,-4.96791125678266,6.76779194741847e-07,1.52826878953599e-05
"ENSG00000172005.11",274.01685508217,-3.65570898339479,0.736030935653575,-4.96678713666923,6.80712350277451e-07,1.5354594092507e-05
"ENSG00000171858.18",4157.04301842855,-1.58952294343765,0.320213652435626,-4.96394495158884,6.90755294714573e-07,1.55469226814793e-05
"ENSG00000085741.14",173.814679626172,-2.68710774747354,0.541793330484859,-4.95965453297257,7.06186523318026e-07,1.58522526694723e-05
"ENSG00000138821.14",6210.03714512534,-2.59130621879047,0.5224903163656,-4.95952965562193,7.06640603779637e-07,1.58522526694723e-05
"ENSG00000279805.1",36.9577780131057,-3.39524589318852,0.684841729592023,-4.95770883472762,7.13293534681515e-07,1.59840116230708e-05
"ENSG00000134825.16",1122.24307830167,-1.18322416292233,0.238689509411631,-4.95716869098675,7.15278695564338e-07,1.60109982247284e-05
"ENSG00000136244.12",3107.73779355092,-4.29465680108539,0.866771350158526,-4.9547747514958,7.24141270190288e-07,1.61917040392385e-05
"ENSG00000273540.5",40.5527651096145,-4.3479235228518,0.877587958395231,-4.95440198473379,7.25530770280447e-07,1.62051012133228e-05
"ENSG00000126785.13",1086.25506700113,-2.67262133198813,0.539476051819489,-4.95410560482563,7.26637368658583e-07,1.62121573525306e-05
"ENSG00000268926.3",11.663058413702,-6.1063822858923,1.2330349572116,-4.95231886993807,7.33343058999388e-07,1.63439848714385e-05
"ENSG00000130700.7",73.779994046973,-4.2050337249163,0.849972154357518,-4.94726057007693,7.52651947883468e-07,1.67500820574232e-05
"ENSG00000220472.1",85.8115665668227,-1.59536598689828,0.322607365998196,-4.94522492368387,7.60559972416803e-07,1.68771879593443e-05
"ENSG00000158122.12",561.636082808637,-1.68223191218066,0.340281550773707,-4.94364713090005,7.66744339820727e-07,1.69789471028759e-05
"ENSG00000085117.13",2625.46847025955,-1.37098033756174,0.277441318522179,-4.94151464123807,7.75179940190731e-07,1.71459433588681e-05
"ENSG00000123094.16",1159.72174411889,-1.71209753535265,0.346553994463012,-4.94034858263733,7.79830312483763e-07,1.72302163008266e-05
"ENSG00000140600.17",57.500870332684,-5.27641312686184,1.06826691924914,-4.93922729589952,7.843274670928e-07,1.73109261413033e-05
"ENSG00000164713.10",3273.54519356912,-1.81303194744511,0.367138551367176,-4.93827722720377,7.88157456926807e-07,1.73767532223949e-05
"ENSG00000236304.3",181.832359723355,-4.81677430291413,0.975671361780004,-4.93688191700785,7.93815012037596e-07,1.7482688514306e-05
"ENSG00000238018.2",132.079668144614,-2.93799102948986,0.595311306354279,-4.93521792401741,8.0061314236076e-07,1.75946107941747e-05
"ENSG00000106511.6",338.084522762332,-2.3917726342864,0.484776505119129,-4.93376351582601,8.06600924046975e-07,1.76918772399387e-05
"ENSG00000179776.20",4379.48051249681,-2.78633532634176,0.564752994956357,-4.93372386021093,8.06764788301926e-07,1.76918772399387e-05
"ENSG00000136156.15",21695.727925724,-1.20319421229836,0.24396498846482,-4.93183148889361,8.14621794172422e-07,1.78450910979822e-05
"ENSG00000254089.3",19.9337471334927,-5.12413191420578,1.03909613273045,-4.93133575691504,8.16692192598609e-07,1.78713518858505e-05
"ENSG00000162687.19",176.175704356152,-2.99516502346989,0.60744115481333,-4.930790414407,8.18975640847366e-07,1.7883148604829e-05
"ENSG00000169181.13",17.7327950188512,-3.97099834810839,0.805779770787298,-4.92814351026519,8.30146342749654e-07,1.81077878848286e-05
"ENSG00000117791.16",903.331513782221,-1.87880435374022,0.381342857157437,-4.92681144664671,8.3582340056763e-07,1.82122454890953e-05
"ENSG00000144655.15",5312.28225491019,-3.47635813268541,0.706382271077208,-4.92135529871679,8.59469366885516e-07,1.86482115329319e-05
"ENSG00000281809.2",22.9966881603666,-3.10832289907669,0.633543506319365,-4.9062501123795,9.2834130921544e-07,2.00365370570036e-05
"ENSG00000143196.5",371.934188006729,-2.90053831309341,0.591953281903743,-4.89994464388335,9.58636612596106e-07,2.06469381351582e-05
"ENSG00000260025.3",91.8065502014049,-2.4757402207732,0.505625440676778,-4.89639171925257,9.76123942879433e-07,2.09795024368972e-05
"ENSG00000140285.12",907.975130599057,-1.83184578069353,0.374169876132812,-4.89575964699874,9.79266979705443e-07,2.10250158658433e-05
"ENSG00000151303.13",43.7738525114757,-3.57987738193875,0.733033426349325,-4.88364821201587,1.04140804252431e-06,2.21964974053206e-05
"ENSG00000101695.10",523.900868310895,-2.1349800508001,0.437839129099468,-4.87617462420788,1.08162866065657e-06,2.29582961263998e-05
"ENSG00000105339.11",2940.44538561121,-1.80667969816602,0.371003928556826,-4.86970503302716,1.11764960316736e-06,2.36738506852723e-05
"ENSG00000165424.7",1658.75560470436,-1.57358068614263,0.323193173612622,-4.86885495925948,1.12246753088212e-06,2.37513666183767e-05
"ENSG00000296756.1",79.7632702422747,-5.36007953742403,1.10154698216912,-4.8659563542802,1.13904654714242e-06,2.40773303119672e-05
"ENSG00000147206.17",218.220310107272,-3.88056775391695,0.797534257667167,-4.86570666602815,1.14048564868568e-06,2.40829224929466e-05
"ENSG00000172428.11",668.887390923487,-1.45459939381306,0.299173099778303,-4.86206612456455,1.16166800759902e-06,2.44797953009355e-05
"ENSG00000197415.12",802.957767794024,-2.90588079048319,0.597728636156971,-4.86153852217325,1.16476907453873e-06,2.4519943638955e-05
"ENSG00000157734.14",186.732504942648,-2.56180652394668,0.527138764297207,-4.85983330662874,1.17484631729587e-06,2.468140255106e-05
"ENSG00000187848.15",69.0073853867125,-4.40936619799461,0.907357419872038,-4.85956922974901,1.17641440374832e-06,2.46890490629024e-05
"ENSG00000289009.3",556.86863092271,-3.67391444373594,0.757311683971056,-4.85125810349489,1.22680771084313e-06,2.5720312170887e-05
"ENSG00000119865.9",604.793446181409,-1.71842814750495,0.354512671944532,-4.84729682039073,1.25155104099679e-06,2.62122600046968e-05
"ENSG00000308785.1",10.75342975028,-6.72481857455513,1.38815565707106,-4.84442687698596,1.26977670485175e-06,2.6512730709043e-05
"ENSG00000175662.19",1827.48555101293,-1.39717255080217,0.288518672738292,-4.84257236296629,1.28168935433284e-06,2.66528991087632e-05
"ENSG00000104044.16",15.4856677303767,-4.16407800319301,0.8600826377907,-4.84148594591946,1.2887179175893e-06,2.67448099010637e-05
"ENSG00000280255.1",17.6088121643304,-4.62668065098465,0.956198857209332,-4.83861763282967,1.3074530465278e-06,2.70242109536352e-05
"ENSG00000085563.15",563.412035131317,-3.08604845374976,0.637864102083243,-4.83809708630856,1.31088109956264e-06,2.70495868344297e-05
"ENSG00000175267.15",140.602016444238,-4.46893364996127,0.923709246820364,-4.83803065233399,1.31131922129453e-06,2.70495868344297e-05
"ENSG00000184557.4",15050.9993872769,-3.21058117819263,0.663787946474302,-4.83675727353227,1.31974422894162e-06,2.71960157489637e-05
"ENSG00000113209.9",89.4200914049861,-2.29512814723343,0.474700614826346,-4.8348960914513,1.33215201766107e-06,2.74241415362676e-05
"ENSG00000149534.9",625.33776698004,-3.8185271400719,0.78983440226381,-4.8345920728792,1.33418942407744e-06,2.74385355579577e-05
"ENSG00000181378.14",162.321951032683,-5.71304286285914,1.18175446760138,-4.83437382255465,1.33565389490397e-06,2.74411297205521e-05
"ENSG00000004776.13",564.502937882703,-3.46874227865567,0.717818393204693,-4.83233964397249,1.34937790001564e-06,2.76953398017223e-05
"ENSG00000164129.12",13.0945761629853,-6.27803967017231,1.29926515800536,-4.83199263175068,1.35173259039997e-06,2.7715925033561e-05
"ENSG00000167858.13",249.280463727757,-5.89374503744371,1.22002904675075,-4.83082353911184,1.35969471886564e-06,2.78513291864347e-05
"ENSG00000237167.2",11.7152772193836,-6.10298938657961,1.2636090858698,-4.8298080908295,1.36664703528001e-06,2.79657992129554e-05
"ENSG00000133687.16",924.469363599752,-2.82368797733324,0.587110343102673,-4.80946726710866,1.51333073900207e-06,3.08136380064532e-05
"ENSG00000150977.12",956.950572813821,-1.53750505679902,0.319900284303259,-4.80620097024202,1.53825275193191e-06,3.12900143111229e-05
"ENSG00000164587.13",16946.4754848532,-1.26634736423464,0.263519779062984,-4.80551163460093,1.54356261081298e-06,3.13540637762394e-05
"ENSG00000134343.14",26.768969720621,-3.52950817716659,0.7348043986831,-4.80333022433194,1.56048207912334e-06,3.16167238639772e-05
"ENSG00000276386.1",26.995705884638,-2.88660624394815,0.601199997064169,-4.8014076148441,1.57554193052143e-06,3.18588873209185e-05
"ENSG00000171873.8",50.17742222684,-3.50194087221541,0.729904929145435,-4.79780411445563,1.6041454166552e-06,3.23734228573802e-05
"ENSG00000129473.11",1660.14546724924,-1.14339497509336,0.239060221874712,-4.78287423196902,1.7280625515606e-06,3.47715353848857e-05
"ENSG00000154175.19",2988.97582059093,-3.30281569318833,0.690744108216285,-4.78153292066034,1.73963506836584e-06,3.49700759233071e-05
"ENSG00000235387.5",107.071717227731,-2.98774511653906,0.625176958616034,-4.77903907903625,1.76134960853431e-06,3.53719024225147e-05
"ENSG00000151632.18",205.470695293843,-3.28732572876168,0.688775863326044,-4.77270750006751,1.81765681016742e-06,3.63247906780437e-05
"ENSG00000226237.5",43.5088141169138,-2.22208885554922,0.465567713920987,-4.77285857482449,1.81629337171962e-06,3.63247906780437e-05
"ENSG00000166979.13",795.974581776,-1.58633116826475,0.332570620399029,-4.76990771572492,1.8431033700782e-06,3.67616648833497e-05
"ENSG00000129244.9",143.007353357741,-3.04941097659026,0.639378077033021,-4.76933927847634,1.84831139657974e-06,3.68297151365122e-05
"ENSG00000237413.6",75.1951372467114,-4.82236506521774,1.01150908867176,-4.76749553634771,1.86530126634892e-06,3.71321720050663e-05
"ENSG00000198185.12",76.8354589771871,-2.22942259074691,0.467766438479656,-4.76610207006947,1.87824135210138e-06,3.73535021178339e-05
"ENSG00000180815.15",26.9597503719725,-4.37342805701411,0.917795531004202,-4.76514420617078,1.88718629656908e-06,3.74950269620662e-05
"ENSG00000128536.16",409.790687862096,-4.5004364997058,0.945425004888622,-4.76022579943925,1.93376490949572e-06,3.83461467159576e-05
"ENSG00000119326.15",1901.27132572452,-2.12792156136819,0.447388434827622,-4.75631776710561,1.97156047583036e-06,3.90578512042759e-05
"ENSG00000135111.16",850.27310979509,-2.69252581503411,0.566985467510387,-4.74884449306416,2.04582170014342e-06,4.04118768205595e-05
"ENSG00000213853.10",11401.2728087803,-2.46068858687662,0.518162861949664,-4.74887099707978,2.04555364558954e-06,4.04118768205595e-05
"ENSG00000249201.3",16.1446329455538,-4.86443018238533,1.024456323835,-4.74830411917961,2.05129426004843e-06,4.04809793147575e-05
"ENSG00000153993.14",237.146088744956,-2.42473122308819,0.51067938217721,-4.74804996581357,2.05387302158474e-06,4.04928965717053e-05
"ENSG00000286320.3",53.7845799987428,-3.46939217198499,0.731084685487984,-4.74554075725063,2.07950034598693e-06,4.09194578638349e-05
"ENSG00000140932.10",57.6247764447323,-3.16003670866799,0.666020603270765,-4.74465308302678,2.08863976714322e-06,4.10598943293429e-05
"ENSG00000266283.2",15.1705653788203,-4.1957402327892,0.884546251001196,-4.74338139813508,2.10180018361964e-06,4.12790334913191e-05
"ENSG00000267206.6",21.2341203347772,-5.01188540049305,1.05711864303923,-4.74108127171403,2.12580630877141e-06,4.17105574689464e-05
"ENSG00000267774.2",15.0218491791759,-5.7290805577828,1.20876392366448,-4.73961908162725,2.1412036768447e-06,4.1943080856545e-05
"ENSG00000137441.8",104.574252376636,-4.39068476917823,0.92651496186023,-4.73892484192887,2.14855170707223e-06,4.2036168131497e-05
"ENSG00000197381.18",2163.34530107453,-2.48546517700579,0.524608356698386,-4.73775368857641,2.16100244596003e-06,4.2239460583379e-05
"ENSG00000143595.13",12.1159312711535,-6.14730010060039,1.29832882047433,-4.73477905108395,2.1929386319636e-06,4.28228701997921e-05
"ENSG00000178538.10",110.204465075268,-3.69665704048125,0.78094658291268,-4.73355940260844,2.20616356719999e-06,4.29992184238295e-05
"ENSG00000289064.2",9.49944487517545,-5.8037067103231,1.22623365683269,-4.73295336332052,2.21276344461883e-06,4.30868961713814e-05
"ENSG00000127528.6",4335.73530848516,-2.96277236075794,0.626444937483435,-4.72950164249078,2.25071634309277e-06,4.37843338698047e-05
"ENSG00000071282.12",2398.58150153445,-2.10140083787762,0.444605954770548,-4.7264343073455,2.28496667119501e-06,4.43244622764261e-05
"ENSG00000138411.13",939.165586943691,-1.78553466000802,0.377769740122372,-4.72651583853601,2.28404984166406e-06,4.43244622764261e-05
"ENSG00000138722.10",1883.12784961176,-4.46952705227973,0.946522013914144,-4.72205293334587,2.33475894056346e-06,4.51196016185798e-05
"ENSG00000250978.6",87.4008840377474,-4.58959631272994,0.97193249349405,-4.72213486373993,2.33381835384251e-06,4.51196016185798e-05
"ENSG00000070193.5",175.74447185083,-3.75630486774457,0.795566989225032,-4.72154440621477,2.34060513769026e-06,4.51474767104432e-05
"ENSG00000138741.11",41.633606062592,-2.68860211846248,0.569427089790792,-4.72159152008428,2.34006291075195e-06,4.51474767104432e-05
"ENSG00000188730.5",29.1603978501328,-4.29936490612647,0.910978391586454,-4.71950262029728,2.36422000908291e-06,4.55601194231542e-05
"ENSG00000112936.21",9851.03574877448,-4.79727891434123,1.0170194843983,-4.71699803979611,2.39349995757637e-06,4.60810545822967e-05
"ENSG00000302958.1",14.33134693116,-5.6571845475491,1.20182501255394,-4.70716159878158,2.51189780410816e-06,4.8089591573701e-05
"ENSG00000287115.3",18.1776014572805,-3.53323973200285,0.750743318554744,-4.70632191413264,2.52226122070921e-06,4.82429515572964e-05
"ENSG00000008516.19",273.47900998554,-2.25462323285208,0.479396164089175,-4.70304812958971,2.56305969696043e-06,4.89776104626995e-05
"ENSG00000113389.16",1562.43021468663,-3.18427896430328,0.677284290307936,-4.70153967819851,2.58207075445775e-06,4.9238697996253e-05
"ENSG00000240509.1",20.4899513887631,-2.74909898237593,0.585294324458862,-4.69695137556243,2.64073283892103e-06,5.02278164464163e-05
"ENSG00000081853.15",78.7754267752804,-2.28410452346489,0.486604828204763,-4.69396189900471,2.6796396308163e-06,5.08734546206087e-05
"ENSG00000176907.5",7178.31625982476,-2.71493455295423,0.578709837620226,-4.69135718189724,2.71398689739018e-06,5.13354126790483e-05
"ENSG00000197852.12",423.321564221337,-1.93610621125671,0.412818440639531,-4.68997026454858,2.73244754584422e-06,5.16369626543686e-05
"ENSG00000155970.12",201.439282739749,-2.51020548283408,0.535395576038156,-4.68850620957537,2.7520656617986e-06,5.19120095027769e-05
"ENSG00000189420.9",131.956842359374,-2.02635099214263,0.432322752057236,-4.68712549247086,2.77069085523509e-06,5.22152989850555e-05
"ENSG00000150907.10",960.215030075079,-1.77296002125595,0.3786605159848,-4.68218878497255,2.8382790160651e-06,5.33908926104576e-05
"ENSG00000101280.8",52.2927939084574,-2.84982883391512,0.610488201764347,-4.66811451176115,3.03976471593855e-06,5.69199413110538e-05
"ENSG00000111897.7",8400.6562245606,-1.2843047839403,0.27512020119612,-4.66815878425729,3.03910991390289e-06,5.69199413110538e-05
"ENSG00000309837.1",15.0015247376888,-3.93385556681593,0.843017425422005,-4.66639887644871,3.06524392239603e-06,5.72923987099436e-05
"ENSG00000276168.1",1165.16428013744,-2.97716136926251,0.638152376243165,-4.6652829012237,3.0819273079475e-06,5.74993971994136e-05
"ENSG00000149564.12",3247.63858476878,-2.04574801015964,0.438584280523752,-4.6644353229364,3.09465643058543e-06,5.76320031359887e-05
"ENSG00000151718.16",2159.13004007038,-2.10610167041088,0.451837473794827,-4.6611930009312,3.14381740362469e-06,5.84944029436667e-05
"ENSG00000151468.11",629.970889745156,-2.31910294610966,0.497596381463082,-4.66061055205185,3.15272765946616e-06,5.86070062825876e-05
"ENSG00000168907.13",1554.73228121318,-4.17616750414019,0.896117810071621,-4.66028847680911,3.15766513595742e-06,5.86456213294121e-05
"ENSG00000080546.14",983.287771283979,-1.51370214433342,0.324995092124501,-4.65761539486124,3.19893121756835e-06,5.93045982685546e-05
"ENSG00000304772.1",9.21704032735931,-5.7590721452937,1.23653923370039,-4.657411579299,3.20209878366212e-06,5.93096959893478e-05
"ENSG00000111341.10",13757.6313616711,-2.79317210881666,0.5997901681946,-4.65691546299309,3.20982167248676e-06,5.93990826468127e-05
"ENSG00000203727.4",393.544186549081,-2.80903425443515,0.603508133717256,-4.65450935538043,3.24753092607389e-06,6.00427178613336e-05
"ENSG00000261701.9",21.4962504112322,-5.30783789783485,1.14061311191381,-4.65349542486755,3.26354848161012e-06,6.02845027630035e-05
"ENSG00000172236.19",3621.93229720473,-2.85235614212151,0.613071105573985,-4.65256985068805,3.27823636036135e-06,6.05013126308274e-05
"ENSG00000173338.13",29.9567127647853,-2.44322175174365,0.525181438956151,-4.65214794452712,3.28495257934688e-06,6.05707443227773e-05
"ENSG00000122367.21",74.2874741549961,-2.66300205292315,0.572896072491623,-4.64831612711412,3.34655751802321e-06,6.15958845148545e-05
"ENSG00000138685.18",354.463628380696,-3.31473374889854,0.713163375108724,-4.64793042462844,3.35281955401167e-06,6.16557956371795e-05
"ENSG00000102145.16",20.156680067093,-3.07733945750883,0.662199592679526,-4.64714791662236,3.365558430193e-06,6.18345968213953e-05
"ENSG00000169715.15",1385.97110462226,-2.29969202203609,0.494902118410926,-4.64676132205725,3.37186913234219e-06,6.18950802950262e-05
"ENSG00000159176.14",9826.30607973984,-1.59987749065755,0.344329783344448,-4.64635232862537,3.37855782208064e-06,6.19220503036111e-05
"ENSG00000163736.5",15.9887821542116,-4.81276632332758,1.03582722526769,-4.64630220747847,3.37937837932797e-06,6.19220503036111e-05
"ENSG00000286289.2",154.97397872714,-2.29967042299768,0.495520438481189,-4.64091941403337,3.46862386303331e-06,6.35005925782456e-05
"ENSG00000185737.13",24.9400921484623,-3.37156031297114,0.726661154828066,-4.63979709190439,3.48751433740255e-06,6.37326149501799e-05
"ENSG00000197769.6",151.389888816424,-3.34788670724445,0.721594136313437,-4.63957027748107,3.49134395053402e-06,6.37457848279158e-05
"ENSG00000159200.18",2287.66611658975,-2.16264313095374,0.466913466323801,-4.63178573105013,3.62525237970751e-06,6.61318281081164e-05
"ENSG00000006210.7",3372.6612871617,-2.44398204013907,0.527780095316516,-4.63068247898471,3.6446241683868e-06,6.64261101765359e-05
"ENSG00000111077.18",4851.71611291237,-1.73765811435548,0.375406267478834,-4.62874028722349,3.67896811514784e-06,6.69330632058485e-05
"ENSG00000174175.17",1223.63097390221,-3.7403286871337,0.808932855592637,-4.62378139455526,3.76806976837478e-06,6.83721261334129e-05
"ENSG00000173210.21",988.069281720644,-2.56036094150157,0.554152421089976,-4.62031896651382,3.83150538819441e-06,6.94617033417668e-05
"ENSG00000258819.3",64.5693952091024,-3.41630206181575,0.739818820634201,-4.61775500505268,3.87913844284307e-06,7.00316861521206e-05
"ENSG00000259070.10",100.801038041931,-3.64591142111134,0.789469869215849,-4.61817678327951,3.87126386777064e-06,7.00316861521206e-05
"ENSG00000131370.16",833.252624801379,-1.6506784666968,0.357699805466342,-4.6147032832315,3.93657306491765e-06,7.08275976605946e-05
"ENSG00000179071.5",49.4374148063736,-2.36682406413922,0.512895591270509,-4.61463132930484,3.9379370529203e-06,7.08275976605946e-05
"ENSG00000166275.16",805.944083814766,-1.63470150546766,0.354556318823434,-4.61055527339715,4.01594842338723e-06,7.2167402693367e-05
"ENSG00000164849.10",229.31647471488,-2.84404692322405,0.617401836314375,-4.60647629459899,4.09549725223398e-06,7.35324655514935e-05
"ENSG00000204592.9",56936.2625915409,-1.8565290057875,0.403135815825754,-4.60521971233124,4.1203060457927e-06,7.39131716211142e-05
"ENSG00000079337.16",1098.81334631938,-2.31819850246881,0.504157057789935,-4.59816731046286,4.2622365709821e-06,7.61925881878091e-05
"ENSG00000137819.14",361.357172166553,-2.53454258583704,0.551270378972886,-4.59763971095153,4.27304086130828e-06,7.62527674675936e-05
"ENSG00000138395.17",73.8334607706741,-2.5350949892918,0.551388150391522,-4.59765953891413,4.27263434609128e-06,7.62527674675936e-05
"ENSG00000241494.1",196.125872898405,-2.88670098117827,0.628263112721945,-4.59473256144493,4.33304633840825e-06,7.71556756312735e-05
"ENSG00000164764.11",342.515343150432,-3.09884527267016,0.674513644538096,-4.59419212311448,4.34428997797686e-06,7.72552660090525e-05
"ENSG00000239998.7",221.296280135949,-1.73118304454783,0.3770471752014,-4.59142292638345,4.40234216808148e-06,7.821977800203e-05
"ENSG00000263155.7",508.765383227361,-3.87044520546588,0.843121318450071,-4.59061480331325,4.41942291171182e-06,7.84552791183888e-05
"ENSG00000165124.19",1461.16398135812,-2.4119027686553,0.525923714377948,-4.58603159111782,4.51750276537665e-06,7.99886672722649e-05
"ENSG00000111962.8",284.241397491928,-1.82725335797544,0.39846373551309,-4.58574569056465,4.5236895822384e-06,8.00291037051045e-05
"ENSG00000171596.7",112.28539158299,-3.5183425467316,0.767479946208499,-4.58427945135622,4.55554640651011e-06,8.04538531602784e-05
"ENSG00000277351.1",12.4737827044336,-4.43418112303742,0.967394778988792,-4.58363143914465,4.56969407805848e-06,8.0634257638994e-05
"ENSG00000007933.13",715.63849543127,-1.76246470808961,0.384767388851967,-4.58059793827198,4.63648430175374e-06,8.17424541041778e-05
"ENSG00000236242.1",48.7272516574167,-3.82308296885027,0.835479501927577,-4.57591474121129,4.74143628038269e-06,8.34492785347354e-05
"ENSG00000160888.8",4280.95865087359,-2.37931541897495,0.520295723410577,-4.57300591167339,4.80776568919704e-06,8.45441060817292e-05
"ENSG00000110328.6",1341.57769365427,-2.02912308861865,0.443735494277718,-4.57282122973173,4.81200681945213e-06,8.45461763719336e-05
"ENSG00000230587.6",31.8634886370404,-3.04879087021194,0.666790458797337,-4.57233727625756,4.82313757873571e-06,8.46691891390386e-05
"ENSG00000112419.15",1429.9518003768,-1.40458658653525,0.308102919420977,-4.55882271149821,5.14411726989229e-06,8.97659408526565e-05
"ENSG00000078081.8",6442.12218961592,-3.70185442035149,0.814003985351761,-4.54771043750084,5.423268238291e-06,9.44763737960226e-05
"ENSG00000157554.20",1533.31675614426,-2.7730057574384,0.609806991522478,-4.54734989265237,5.43256406061799e-06,9.45579741077345e-05
"ENSG00000206538.9",1383.404749137,-2.23291314229131,0.491195932573631,-4.54587058689984,5.47086450712914e-06,9.51438556863239e-05
"ENSG00000289839.2",27.106537725365,-2.59054389984761,0.570102124781685,-4.5439997278376,5.5196728860142e-06,9.59113329278265e-05
"ENSG00000203883.7",1384.6707010469,-3.13317157079648,0.689676241393551,-4.54295999013339,5.5469782713962e-06,9.6141371493413e-05
"ENSG00000010319.7",1157.91193116156,-2.99962942087871,0.660532140030174,-4.54123159055013,5.59265552533911e-06,9.68511899421902e-05
"ENSG00000144935.17",237.736483917385,-1.67540964526702,0.369144313539256,-4.53863051337197,5.66207472031153e-06,9.79706160888334e-05
"ENSG00000306474.1",39.1096889675385,-4.07800869880281,0.90018761477463,-4.5301764119736,5.89344555572729e-06,0.000101630956833164
"ENSG00000124172.10",2751.71175303399,-1.07483208348174,0.237515926544568,-4.52530530949491,6.03083782674499e-06,0.000103738505704345
"ENSG00000243384.1",27.2572115778212,-6.67785441631615,1.47690126978939,-4.52153068923045,6.13940567918021e-06,0.000105517497104703
"ENSG00000142973.16",3727.39849277881,-4.2578144385723,0.943293363251072,-4.51377546418612,6.36836400380393e-06,0.000108933115212208
"ENSG00000243491.2",17.4394182877456,-3.38116458153382,0.749085945904624,-4.51372048830873,6.37001585736626e-06,0.000108933115212208
"ENSG00000147113.17",1612.0995011074,-2.80150007528234,0.620725169558192,-4.51326966051069,6.38357729966526e-06,0.00010907405746028
"ENSG00000109458.10",1061.78928956425,-1.40464307419978,0.311314944226417,-4.51196802546747,6.42288723761623e-06,0.000109563128053314
"ENSG00000271303.2",48.7707704771833,-2.99220480108659,0.663409843599298,-4.51034127689834,6.47234141222538e-06,0.000110223329166337
"ENSG00000119508.18",1964.41823550741,-3.49777347632011,0.776238332376505,-4.5060561047165,6.60436320503351e-06,0.000112285126995031
"ENSG00000149557.14",625.353519888413,-2.57414800207213,0.571293908167084,-4.50582084855573,6.61168531226382e-06,0.000112316483548183
"ENSG00000110848.8",1296.35309370867,-2.86973549726888,0.637227091021774,-4.50347378148556,6.6851618698141e-06,0.000113283106593941
"ENSG00000104237.11",218.29744309921,-4.26544619267123,0.947937042567677,-4.49971464467452,6.80447419996982e-06,0.000115114636135463
"ENSG00000127241.18",201.790254269828,-3.92879947215478,0.873347500136759,-4.49855237639034,6.84177417393868e-06,0.000115524753100638
"ENSG00000184271.18",431.674740378085,-1.63794683855761,0.364382260275251,-4.49513331774252,6.95263726611078e-06,0.000116849897134701
"ENSG00000293158.1",146.757280103898,-4.79618909469364,1.06693801025009,-4.49528374527535,6.9477237218228e-06,0.000116849897134701
"ENSG00000112530.13",67.7653659947934,-4.25261607758141,0.946833278482108,-4.49140960106396,7.07533309598376e-06,0.00011862030237126
"ENSG00000105205.7",96.0185861753966,-3.26635663057622,0.728980484957489,-4.48071889162671,7.43920400316523e-06,0.000124415529266639
"ENSG00000211584.14",718.791454018963,-1.10366909710668,0.246379768021463,-4.47954434720684,7.48025483019449e-06,0.00012500011820563
"ENSG00000273650.1",9.77797999446253,-5.85291822544267,1.30674556166695,-4.47900371513517,7.49922286518543e-06,0.000125215037156158
"ENSG00000306678.1",31.3923516779906,-3.09415711619651,0.690886577713229,-4.47853123220006,7.51583754601986e-06,0.000125390344217731
"ENSG00000128016.8",40590.2779789588,-3.13514835962622,0.700225737198028,-4.47733951078634,7.5579004648669e-06,0.000125989586285879
"ENSG00000182389.20",153.756530346359,-3.01413383278612,0.673269931751593,-4.47685792969321,7.57496209805951e-06,0.000126088787164624
"ENSG00000162407.9",3888.96985506145,-1.53892936828883,0.344156063208461,-4.47160324284822,7.76353634781066e-06,0.000128685165137841
"ENSG00000286722.2",122.923378008287,-4.63245890423589,1.03715812021341,-4.46649244117443,7.95124702416586e-06,0.0001313717719448
"ENSG00000160838.14",79.3064356322832,-4.1154773098625,0.922181103934784,-4.46276473493383,8.09088721491496e-06,0.000133571297467485
"ENSG00000101665.10",1629.01864559669,-1.06296472649533,0.238206876403216,-4.46235953615395,8.10620648333868e-06,0.000133716538804808
"ENSG00000127074.15",205.162170421277,-3.67652581805611,0.824786778932482,-4.4575469830089,8.29028707126824e-06,0.000136195201735404
"ENSG00000137714.3",921.602303371945,-1.46157852772422,0.327900010361886,-4.4573909165515,8.29632300856026e-06,0.000136195201735404
"ENSG00000111405.9",16.5784187766105,-3.15024225517456,0.706851866128771,-4.45672198961227,8.32224166435412e-06,0.000136511394468733
"ENSG00000213626.13",5879.54187152189,-1.86641163693107,0.419373175625858,-4.45047929960162,8.56788524317494e-06,0.000140316229254041
"ENSG00000114626.18",1719.75052687181,-1.26048629338919,0.283252411385522,-4.45004611690173,8.58518520968799e-06,0.000140487340414559
"ENSG00000091181.20",142.471856582243,-3.79877470383964,0.853827713461555,-4.44911150569099,8.62262445286009e-06,0.000140898346965465
"ENSG00000136848.19",3071.48966652511,-1.25970669268863,0.283160709838124,-4.44873405427177,8.63778882830618e-06,0.000140898346965465
"ENSG00000069702.11",1517.82963263978,-3.44743632692919,0.775489832425119,-4.44549519901291,8.76896393375391e-06,0.000142924353336797
"ENSG00000305497.1",61.9798201245372,-5.0275835747835,1.13214165986423,-4.44077252257143,8.96365091630649e-06,0.000145865633641229
"ENSG00000276529.1",29.1117471556016,-2.08443264658822,0.469979177581371,-4.43515956880308,9.20041152368791e-06,0.000149008876683805
"ENSG00000013588.10",11010.3887787491,-1.76994624795731,0.399184138332929,-4.43390926139739,9.25395864976207e-06,0.000149639722519496
"ENSG00000117691.10",979.197346418073,-1.62571205487407,0.366679525374799,-4.43360466667005,9.26704861233342e-06,0.000149733305553416
"ENSG00000183111.12",492.65122756783,-2.22670495942286,0.502319650628037,-4.43284461724496,9.29978893660944e-06,0.000150143993981291
"ENSG00000247809.12",158.454008915763,-2.21287949316311,0.499220625631942,-4.43266840259639,9.30739542530232e-06,0.000150148572620298
"ENSG00000285816.1",17.0463673360717,-3.3127124111299,0.747738295796615,-4.43030994901853,9.40977441449841e-06,0.000151561676822369
"ENSG00000156313.15",479.485765557219,-1.58970201925033,0.358915173927272,-4.42918587658391,9.45894743421198e-06,0.000152114712306731
"ENSG00000149289.11",569.547255098077,-1.51224347177597,0.341799978431551,-4.42435215682381,9.67321202431896e-06,0.000154879391520839
"ENSG00000177374.13",1070.7104978061,-2.27862463285929,0.515082141485148,-4.423808261512,9.69760946150679e-06,0.000155101235880449
"ENSG00000134533.6",591.667704135537,-2.79836726212428,0.633159705387937,-4.41968627869285,9.88442882755466e-06,0.000157948230181327
"ENSG00000163884.4",383.295490894762,-2.33747734581821,0.528895813811643,-4.41954215703183,9.89102260792156e-06,0.000157948230181327
"ENSG00000186522.15",2046.94511033768,-1.2492359363914,0.28267832808563,-4.41928443843413,9.90282409223252e-06,0.000158013622713724
"ENSG00000198624.13",2352.63281310081,-2.31321755665643,0.523464434586298,-4.41905391048124,9.91339185371205e-06,0.00015805924305483
"ENSG00000158445.10",30.9330276146325,-2.20381590912515,0.498727319109385,-4.41887946515677,9.92139585855276e-06,0.000158063947695234
"ENSG00000066056.15",2269.28575339132,-2.35530495577307,0.533088901263926,-4.4182217078404,9.95163102384797e-06,0.000158422548534921
"ENSG00000152465.18",398.754089909151,-1.0399167446809,0.235446414066274,-4.41678735607405,1.00178694442949e-05,0.000159353293317162
"ENSG00000061455.11",289.983185442187,-1.83460889560447,0.415568577590406,-4.41469589987313,1.01152080893477e-05,0.000160528039213611
"ENSG00000227467.4",21.3988811368575,-3.17621481642981,0.71941161015207,-4.41501745538749,1.01001840060653e-05,0.000160528039213611
"ENSG00000278910.6",15.4308949028463,-4.20813693650701,0.953199312613414,-4.41475028445985,1.01126655718783e-05,0.000160528039213611
"ENSG00000180354.17",1635.12415560873,-2.01942163535846,0.457552158815442,-4.41353318184871,1.016971225024e-05,0.000161143570308286
"ENSG00000124107.5",7805.73938720214,-2.6731858346554,0.605747369885548,-4.41303746008915,1.01930351395942e-05,0.000161227344508974
"ENSG00000263050.2",52.6628512443124,-3.17709890104615,0.719953954639453,-4.41291957710992,1.01985888523283e-05,0.000161227344508974
"ENSG00000007402.12",3297.32919615324,-3.88779331440233,0.881451471029936,-4.41067199066515,1.03050317875035e-05,0.000162659254635082
"ENSG00000179914.5",1396.46456081062,-7.22823392135457,1.63964843751519,-4.40840472626474,1.04134810984077e-05,0.000164244628032117
"ENSG00000106025.9",1344.16880948701,-2.34685622442287,0.532947678312246,-4.40353963423757,1.06498816382275e-05,0.000167201510804147
"ENSG00000179813.7",410.775570645376,-5.57251453717171,1.26661412819706,-4.399536064787,1.0848254833584e-05,0.00016979589092199
"ENSG00000255302.5",4770.69588708785,-1.01430652602904,0.230548245718062,-4.39954128850512,1.08479937192549e-05,0.00016979589092199
"ENSG00000109072.14",31.2130584963375,-2.11676209137509,0.48145192459287,-4.39662193305197,1.09948607534692e-05,0.000171828220189887
"ENSG00000186407.8",461.246373524466,-2.20969147234619,0.502624584615246,-4.39630599055891,1.10108685603274e-05,0.000171947333557467
"ENSG00000148339.13",2837.0092981097,-2.75190351859457,0.626240605622341,-4.39432303477,1.1111847898993e-05,0.000173392183653693
"ENSG00000158258.16",476.37230929212,-2.45820833899868,0.559702055522736,-4.3919944812474,1.12315550883459e-05,0.000175126848312886
"ENSG00000105492.16",212.195066580573,-3.00739228288167,0.685837115265763,-4.38499494404922,1.15988472416548e-05,0.000180579167686324
"ENSG00000154133.15",2128.28910619345,-2.74198885359279,0.625549843535623,-4.38332593625954,1.16881041881562e-05,0.000181830719479479
"ENSG00000228401.8",40.7637391847938,-4.75110734949038,1.08442564527422,-4.3812200220412,1.18016622220608e-05,0.000183319153182678
"ENSG00000106018.14",21.7072803305667,-3.02930964920633,0.691580962761039,-4.38026754974898,1.18533678985496e-05,0.00018365982193847
"ENSG00000122877.18",1224.76069351886,-2.00612657900114,0.458003425958429,-4.38015627241887,1.18594227588048e-05,0.00018365982193847
"ENSG00000253123.5",34.7324413801317,-1.90917222707399,0.435820833098586,-4.38063553203782,1.18333661242066e-05,0.00018365982193847
"ENSG00000287620.2",26.8492826967409,-2.41925807207767,0.552599906820415,-4.37795598989105,1.1979753285524e-05,0.000185243485193352
"ENSG00000146221.10",60.6123096422865,-4.32257581810736,0.987916348044359,-4.37544719921293,1.21183774444286e-05,0.000187245826013989
"ENSG00000250208.8",67.9539918891706,-2.79797443722827,0.639638519455744,-4.37430572444107,1.21819555556467e-05,0.000188086458368208
"ENSG00000272636.5",516.39967139633,-3.15106822770178,0.720497700179914,-4.37346049392654,1.22292383809458e-05,0.000188674419686164
"ENSG00000118946.12",1245.77888966374,-2.49453954918912,0.570456617440196,-4.37288213148064,1.22616932751595e-05,0.000189032901439
"ENSG00000126759.14",56.602711705189,-1.95493172608619,0.447420175179583,-4.36934191736331,1.24621514671442e-05,0.000191834800061805
"ENSG00000136842.14",243.128943720505,-2.55168273806287,0.584462257240058,-4.36586401680136,1.26621238560068e-05,0.000194475046849112
"ENSG00000184905.9",105.863189066558,-4.0860184844582,0.935991511914598,-4.36544395162317,1.26864829826372e-05,0.000194703328649696
"ENSG00000055813.6",118.773707051118,-2.65554932160771,0.608460545451933,-4.36437389647886,1.27487365158912e-05,0.000195512411011094
"ENSG00000179388.9",1672.55865416646,-2.78161533948197,0.637566966775301,-4.36285987894084,1.28373169939973e-05,0.000196576809294191
"ENSG00000294466.1",31.177407659014,-3.5089670149359,0.80457705506475,-4.36125662899188,1.29317582316958e-05,0.000197727644133251
"ENSG00000178965.14",240.822168998351,-5.02088286838995,1.15150258493035,-4.36028796990815,1.29891390363714e-05,0.000198457009539314
"ENSG00000253953.3",24.0977451166137,-2.56354714779692,0.588088750225989,-4.35911611438207,1.30588813837591e-05,0.000199225672539134
"ENSG00000106771.13",2762.48870653374,-1.48945957141803,0.341833826647209,-4.35726208265292,1.31699533409401e-05,0.000200770797994525
"ENSG00000226221.1",80.3134154449827,-1.38827485965329,0.318919833047782,-4.35305276058292,1.34254823630548e-05,0.000204059370179447
"ENSG00000172554.12",25.6897417400033,-3.5556042096983,0.816938211583548,-4.3523538981071,1.34683623466247e-05,0.000204559482633476
"ENSG00000184374.3",46.869634045579,-3.49140700103042,0.802834106852639,-4.34885236094145,1.36851799864822e-05,0.000207698690187143
"ENSG00000163788.14",1537.66874008714,-1.73050571213828,0.398038811742105,-4.34758033912406,1.376476575712e-05,0.000208655795045175
"ENSG00000257704.4",491.340900230145,-2.43591554313165,0.560477489906156,-4.34614339915687,1.38552008619644e-05,0.000209813174648241
"ENSG00000166106.4",279.239959129582,-3.19800255338089,0.736404964418201,-4.34272269729669,1.40727716841668e-05,0.000212480199272574
"ENSG00000188536.13",140.161082792909,-3.63685597411943,0.837708250699124,-4.34143506535148,1.41555114857459e-05,0.000213572190951976
"ENSG00000125810.11",6891.00235851685,-2.07783906712158,0.478883891753488,-4.33892035815474,1.43184395849683e-05,0.000215554541299699
"ENSG00000221869.5",13940.182997106,-3.00269438631373,0.692233630688507,-4.33768926153905,1.43988530267696e-05,0.000216447274531439
"ENSG00000115353.11",97.3445446719266,-2.74177272688041,0.632558324839107,-4.33441884995789,1.46145685665043e-05,0.000219047597871056
"ENSG00000109534.17",291.520337124375,-1.03459100356178,0.238903395301982,-4.33058308884236,1.48715016447923e-05,0.000222248738866488
"ENSG00000180772.8",154.372308104486,-5.1505722459748,1.18933301792522,-4.33063924766834,1.48677090469224e-05,0.000222248738866488
"ENSG00000299199.1",61.306428025269,-2.36329136495144,0.545684500187068,-4.33087500953622,1.48517973009774e-05,0.000222248738866488
"ENSG00000169442.9",1314.79490377259,-1.92010255842949,0.443683581687285,-4.32763942070501,1.50715941833003e-05,0.000224747612461374
"ENSG00000150636.17",446.116016448974,-1.86508944922361,0.431133138508209,-4.32601737754868,1.51829449982523e-05,0.000226243535061166
"ENSG00000065534.20",3677.58485509874,-1.86364096885334,0.430887356920907,-4.32512335049883,1.5244653459754e-05,0.000226998093346984
"ENSG00000173757.11",2540.09107762989,-1.16874392877514,0.270347002394091,-4.32312516293943,1.53834400463806e-05,0.000228361809420934
"ENSG00000250266.4",15.756595055585,-5.32078222370721,1.2310390382553,-4.32218805282417,1.5448942348764e-05,0.000229042020187316
"ENSG00000163686.15",560.988324775736,-1.71024080006752,0.395814430287115,-4.32081467779471,1.55454193648525e-05,0.000230305837179866
"ENSG00000254810.3",128.710299209245,-2.79467773183295,0.646926833093234,-4.31992860532682,1.56079688298138e-05,0.000231065554430687
"ENSG00000126838.10",79.2931558830864,-3.87188503521475,0.896518674031733,-4.31880020725335,1.56879718749177e-05,0.000232082377578148
"ENSG00000157152.17",38.8459137457887,-4.03799646503887,0.93517817967284,-4.31788995167906,1.57527934070328e-05,0.000232705530272191
"ENSG00000156218.13",592.815552239794,-3.42256087113536,0.792874603364288,-4.31664837871324,1.58416206073007e-05,0.00023384923609222
"ENSG00000197291.10",134.184548946211,-3.77423325103446,0.874786152209595,-4.31446387382933,1.59990692890838e-05,0.000235833872540168
"ENSG00000174721.10",59.1543033327605,-1.78673020114235,0.41424731302828,-4.31319683905922,1.60910734271431e-05,0.000236849511521997
"ENSG00000112306.8",13878.3550423568,-1.25513562680263,0.291031416860249,-4.31271523996784,1.61261762378496e-05,0.000237025890738974
"ENSG00000295636.1",17.1609772248553,-4.13365132640545,0.95844988607464,-4.31285076712247,1.61162905568611e-05,0.000237025890738974
"ENSG00000163958.14",11.4399287893962,-3.46400542099837,0.803390938069623,-4.31173076126752,1.6198160196393e-05,0.000237913378701177
"ENSG00000171115.4",1674.62762313155,-2.90114701506377,0.673653418133394,-4.30658694362818,1.65792782203775e-05,0.000242988935404303
"ENSG00000111404.7",25.8775473416076,-3.36256544363224,0.781289682162756,-4.30386516090169,1.67843840354524e-05,0.000244770277569642
"ENSG00000131355.16",112.667160089421,-3.18818895453756,0.740762924440053,-4.30392619466954,1.67797583146463e-05,0.000244770277569642
"ENSG00000165383.12",32.897412764813,-4.74628598373705,1.1032553997589,-4.30207364928763,1.69207044954794e-05,0.000246407759215419
"ENSG00000187800.14",893.0489305846,-2.62863182267692,0.611214563888424,-4.30066948332201,1.702828780021e-05,0.000247798447874739
"ENSG00000172458.5",95.5029753182671,-2.3239798021783,0.540559174183163,-4.29921443048313,1.71404574602789e-05,0.000249227942442115
"ENSG00000067082.15",11697.9629481321,-2.04454502445775,0.475742227626577,-4.29758996727649,1.72665187004594e-05,0.000250731373536982
"ENSG00000275120.4",22.5794174419316,-2.31442761201375,0.539086481781065,-4.29323993502344,1.76084539609932e-05,0.000255335035372138
"ENSG00000119862.13",1322.74031783417,-2.45930659039403,0.573073198074638,-4.29143536751779,1.77521875151535e-05,0.000257237351809687
"ENSG00000186642.16",738.344085500701,-2.86093621322876,0.6670500754653,-4.28893769516947,1.79529721229034e-05,0.000259850774420415
"ENSG00000187688.15",1077.18572023683,-1.16022966054905,0.270867381949198,-4.28338640186162,1.84070096649664e-05,0.000265974155158895
"ENSG00000113396.13",12.2527600868746,-4.44245523121827,1.03735840350675,-4.28246902536359,1.84830867876806e-05,0.000266697545034907
"ENSG00000214140.11",61.2788400181031,-2.23944229401498,0.523035463218434,-4.28162610664074,1.8553253169157e-05,0.000267521732053724
"ENSG00000140287.11",440.551210646449,-3.30557407545443,0.772348408308477,-4.27990015891141,1.86977172879916e-05,0.000269415316425144
"ENSG00000129467.14",1273.25086630404,-2.88253121155528,0.673623016346113,-4.27914596385201,1.87611802559658e-05,0.00026995034383742
"ENSG00000271474.2",28.8101395024968,-2.35626982810448,0.550755984244695,-4.27824643854912,1.88371405761956e-05,0.000270853247106813
"ENSG00000025423.11",1351.95823335308,-2.99684221212943,0.70115201622267,-4.27416900014689,1.91851480301344e-05,0.000275663822852051
"ENSG00000182253.15",751.611621531332,-2.22445614964899,0.52048858763414,-4.27378467558754,1.92182638937056e-05,0.000275946276524187
"ENSG00000129657.16",3615.8537830106,-1.38925562129185,0.325146919982795,-4.27270115726565,1.93119201273636e-05,0.000277096998104594
"ENSG00000233237.10",488.772189500469,-3.43155206196396,0.803207055366187,-4.272313146452,1.93455642561731e-05,0.000277385629026974
"ENSG00000289340.3",32.088331418625,-3.90393206931808,0.913833567212648,-4.27203837699435,1.93694230656995e-05,0.000277533648175473
"ENSG00000287255.4",31.9063125862464,-2.34367160884288,0.54868278569938,-4.27145095477255,1.94205242042559e-05,0.000277877479612047
"ENSG00000117114.21",2809.1578667774,-2.27640457240944,0.533344073445461,-4.2681726220442,1.97080796067744e-05,0.000281207003658526
"ENSG00000135374.11",124.637425135407,-4.08319615913311,0.957387992383754,-4.26493353960556,1.9996171419016e-05,0.000284723263038545
"ENSG00000143995.20",943.995945146693,-2.04664521068174,0.480014549063407,-4.26371495338029,2.01055900288833e-05,0.000286082593998768
"ENSG00000130052.14",1066.19736820432,-1.99911557445905,0.469398678878369,-4.25888623980781,2.05447986763202e-05,0.000291522873397419
"ENSG00000288826.2",63.6213901835732,-2.26736179704901,0.532374694532689,-4.25895862507001,2.05381477475796e-05,0.000291522873397419
"ENSG00000296396.1",7.96907615008932,-5.53521087464545,1.30023924887799,-4.2570710578241,2.07122539343602e-05,0.00029369575011765
"ENSG00000278970.5",161.967578802603,-1.24301673394561,0.29213211958246,-4.25498139582266,2.09066397702029e-05,0.000296247230026427
"ENSG00000106992.19",312.544187423593,-2.07991324626695,0.489028412843701,-4.25315419644486,2.10780328407189e-05,0.000298469603153384
"ENSG00000100191.6",67.3863839467065,-3.48680254969453,0.820076449356413,-4.25180183192791,2.12057464629428e-05,0.000299863879638744
"ENSG00000118181.11",11249.6157468093,-1.14183375613007,0.268713684214948,-4.249257939602,2.14479835565649e-05,0.000303080258334808
"ENSG00000137831.15",2531.30764235937,-1.98765081865645,0.468081009489008,-4.24638209703554,2.17250017883134e-05,0.000306676371561229
"ENSG00000240036.4",37.390911937567,-1.92655724700375,0.453701939427467,-4.24630595459852,2.17323823584894e-05,0.000306676371561229
"ENSG00000231170.8",26.8763199465994,-3.13541271680145,0.738702767161592,-4.244484867505,2.19096151520784e-05,0.000308913222652038
"ENSG00000198909.8",2057.55662949073,-1.10436973998588,0.260232489297436,-4.24378117800514,2.1978467816783e-05,0.000309509961617664
"ENSG00000308504.1",12.6665215108894,-4.55301051798722,1.07370731532773,-4.24045776068638,2.23064409838153e-05,0.000313482704545681
"ENSG00000070778.13",1471.93575324216,-1.78224367244776,0.420838207788669,-4.234985415922,2.2856653952365e-05,0.000320555973077491
"ENSG00000173267.14",446.003662606631,-2.8659242009151,0.677048277907533,-4.2329687474761,2.30626563844774e-05,0.000322782734817287
"ENSG00000214578.5",29.0530093280411,-3.97765697699187,0.939751752755817,-4.23266779266696,2.3093549978653e-05,0.000322994644449046
"ENSG00000261625.1",18.947221628934,-2.52975616723634,0.599963171255129,-4.21651909390382,2.48102289095976e-05,0.000343954654200398
"ENSG00000187116.14",219.5367498894,-2.28869398409396,0.542860040701311,-4.2159927283232,2.48681773210786e-05,0.000344525072832023
"ENSG00000111052.8",275.32288237306,-2.6810580987374,0.636020517835183,-4.21536416445005,2.49375455850582e-05,0.000345116209173368
"ENSG00000235065.1",10.6212686675285,-3.84046091524358,0.911076284744597,-4.21530115485354,2.49445094613213e-05,0.000345116209173368
"ENSG00000243147.8",686.145378672875,-1.0990122671691,0.261317775021854,-4.20565446448177,2.60327715225708e-05,0.000359203194682901
"ENSG00000115738.10",3153.34286280579,-1.45487747151486,0.346163854712706,-4.20285784234266,2.63566123260872e-05,0.000363427020265025
"ENSG00000196159.14",938.446604676764,-1.63305806476559,0.388643486468557,-4.20194373924678,2.64632910422328e-05,0.000364652768501305
"ENSG00000235257.12",85.3810970789189,-1.90328707886532,0.453284808011739,-4.19887683245724,2.68242166760502e-05,0.000368882453873731
"ENSG00000169020.10",259.496087960982,-2.24880577730324,0.535820869207586,-4.19693577935655,2.70550610550329e-05,0.000371558587992227
"ENSG00000182916.8",67.6645312009413,-1.95498813811985,0.465846475010354,-4.19663610865875,2.70908680067414e-05,0.000371801310314743
"ENSG00000109205.17",33.4879823532942,-3.47739999074071,0.828968536258961,-4.1948516000786,2.73050296848243e-05,0.000373989531501428
"ENSG00000111339.12",187.194335351971,-4.16467787316221,0.993367990607824,-4.19248245618818,2.75918426101932e-05,0.000377162093919601
"ENSG00000148516.23",1479.2973781574,-1.37096585402047,0.327004684404124,-4.19249606934125,2.7590186424339e-05,0.000377162093919601
"ENSG00000285410.1",444.054374436014,-1.47484329717098,0.351883524109387,-4.19128261518862,2.77381880203446e-05,0.000378657661231123
"ENSG00000169035.12",38.0239034302045,-4.91123574648828,1.1719122977656,-4.19078778834575,2.77987570652902e-05,0.000378896064208618
"ENSG00000183722.9",2149.5046550918,-1.86255509508115,0.444438303440055,-4.1908068694002,2.77964191287275e-05,0.000378896064208618
"ENSG00000254109.7",159.023523436674,-3.18006874319984,0.758841836467282,-4.19068716348634,2.78110893793392e-05,0.000378896064208618
"ENSG00000260260.4",213.856419176043,-1.77161446101122,0.422785467899153,-4.19033906206492,2.78537918941753e-05,0.000379225862548586
"ENSG00000243199.1",181.184201506164,-1.57237407468773,0.375392244790248,-4.18861629804394,2.8066047158268e-05,0.000381103464194124
"ENSG00000182782.8",352.773165266545,-2.27277457727325,0.542657324577599,-4.18823164147349,2.81136488006515e-05,0.000381497190607915
"ENSG00000305617.1",58.7212923295093,-3.10713103318207,0.741971761834123,-4.18766750031211,2.81836006995882e-05,0.000382193484619283
"ENSG00000198576.4",395.775448973342,-3.78763745079049,0.904670547121317,-4.18675888459378,2.82966144603787e-05,0.000383219143259976
"ENSG00000182950.3",53.8076786030233,-2.93118567183469,0.700348921786272,-4.1853218883504,2.84762281833086e-05,0.000385142864558416
"ENSG00000113248.6",118.444489153643,-2.24181519674891,0.536409879189774,-4.1792951318031,2.92414003837437e-05,0.000395231162470851
"ENSG00000167588.13",439.50905368484,-2.71966032478099,0.650948646674962,-4.17799520541748,2.94089853155254e-05,0.000397234410348836
"ENSG00000162817.7",1243.7547189443,-2.85073126479649,0.682997907548261,-4.17385065648251,2.99494118838697e-05,0.000403470920674681
"ENSG00000257335.8",127.772373745303,-2.42768095248225,0.58180567973277,-4.17266629916248,3.01055712845671e-05,0.00040530836087903
"ENSG00000186952.15",73.5851568997697,-3.25293992392792,0.779745744693709,-4.17179567322385,3.0220857880434e-05,0.000405794675822148
"ENSG00000259134.8",39.0642898965014,-2.7690135175674,0.66373728834652,-4.17185167412467,3.02134297416801e-05,0.000405794675822148
"ENSG00000170323.9",1405.88329385004,-4.14724291214598,0.99465500925979,-4.16952900607449,3.05229769095054e-05,0.00040958319276996
"ENSG00000235750.10",2422.23721722745,-1.65050357988129,0.39609057365657,-4.16698525451999,3.08654454665386e-05,0.000413377137149653
"ENSG00000115604.12",529.849874636752,-2.43897825744407,0.585480801843525,-4.16576982501282,3.10303665089416e-05,0.000415304591970848
"ENSG00000273100.1",33.7753326604797,-4.4535955541328,1.06917958753251,-4.16543264206058,3.10762668640412e-05,0.000415647603248729
"ENSG00000152527.14",1840.07807429556,-2.26366978281978,0.543666562154335,-4.16370978169,3.13118067939827e-05,0.000418252303911285
"ENSG00000115896.17",249.094006268038,-1.95916403104101,0.470558803462002,-4.1634839612542,3.13428051651029e-05,0.000418393800198743
"ENSG00000214708.4",78.0649070744538,-2.81527309523099,0.676311920543096,-4.16268442077771,3.14527926437512e-05,0.000419316034049073
"ENSG00000112964.14",234.300141177969,-2.75078600261453,0.660885109116372,-4.16227565830986,3.15091649618587e-05,0.000419794618829077
"ENSG00000095539.16",142.721403478492,-1.19980035557091,0.288390575303255,-4.16033136418992,3.17786188596046e-05,0.000423109611102164
"ENSG00000102409.10",992.906502527943,-1.0394426012122,0.249996975715048,-4.15782070258715,3.21298038297947e-05,0.000427072647170182
"ENSG00000159723.5",28.064269349487,-3.05886762320256,0.735701389361396,-4.15775702946234,3.21387580269016e-05,0.000427072647170182
"ENSG00000167874.7",252.302811774029,-2.82117743485687,0.678801696499191,-4.15611429583431,3.23705929742697e-05,0.00042931865352162
"ENSG00000300467.1",17.9432051753331,-3.91664068658229,0.942344077513543,-4.15627452863788,3.23479099746696e-05,0.00042931865352162
"ENSG00000176834.14",633.278729510586,-1.61620357586518,0.389919798586441,-4.14496412268454,3.39866918561894e-05,0.000450460975965939
"ENSG00000133116.8",350.585872822112,-2.91877775245192,0.704661449123368,-4.14209938131711,3.44141152673878e-05,0.000454656584692345
"ENSG00000196569.14",988.185410799406,-1.51643902603786,0.366184668747756,-4.14118655274026,3.4551379717618e-05,0.000455882554523836
"ENSG00000278918.1",52.4475071317481,-2.26782328385629,0.547623039126523,-4.14121233371325,3.45474958391819e-05,0.000455882554523836
"ENSG00000125356.7",847.688684182429,-1.38498992562981,0.334614566456472,-4.13906047276031,3.4873102674869e-05,0.000459536052214341
"ENSG00000050165.19",3503.63985446615,-1.93578962457863,0.467907205850108,-4.13712291748451,3.51687736602086e-05,0.000462837313946673
"ENSG00000101204.18",10.6319887930534,-4.66149749773783,1.12730512451828,-4.13508055303997,3.54830150351849e-05,0.000466075426189258
"ENSG00000128512.24",1872.37654344315,-1.66521942432673,0.403350887213967,-4.12846352174595,3.65195361112312e-05,0.00047877018441476
"ENSG00000110651.13",13920.7701935406,-1.11830854571763,0.270976572849113,-4.12695656292153,3.67595793869229e-05,0.000481301670338102
"ENSG00000150510.17",161.008451350678,-2.65133380250896,0.642763781379267,-4.12489608051596,3.70902187244337e-05,0.000485320896442749
"ENSG00000249741.2",21.2103114952153,-3.10428265024069,0.752655003963255,-4.12444298369701,3.71633035323993e-05,0.000485438282773043
"ENSG00000243244.7",490.780632680318,-1.66914168989781,0.40481894761556,-4.12318074469905,3.73676251376327e-05,0.000487705783464049
"ENSG00000244733.5",32.8341242069456,-2.53889594450918,0.617049272877909,-4.11457570100975,3.87892248310276e-05,0.000504653722040222
"ENSG00000232112.3",633.602834173955,-1.07929880879052,0.262399772185559,-4.11318500698728,3.90237393790228e-05,0.000506740185071237
"ENSG00000104967.8",429.675586938475,-2.87646483673937,0.700351416945629,-4.10717358049221,4.00530229705759e-05,0.000517834326976969
"ENSG00000228100.3",54.9324315909937,-2.3768239526077,0.578684009729154,-4.10729156611766,4.00325757485956e-05,0.000517834326976969
"ENSG00000162552.15",72.454056547129,-1.58088019368981,0.384955780997993,-4.1066539891709,4.01431875146724e-05,0.000518648970889
"ENSG00000170836.13",796.45240608199,-1.24216333329208,0.30249848431162,-4.10634564374368,4.01967856505667e-05,0.000519014416233765
"ENSG00000130224.15",227.607632984313,-2.15995562311906,0.526295313120875,-4.10407535326649,4.05935147895002e-05,0.000523148602918864
"ENSG00000011465.18",36673.9394240366,-1.8240320292142,0.444517473021394,-4.10339781879938,4.07126307731512e-05,0.000524354134028073
"ENSG00000137486.17",2430.19609015632,-1.54994145801079,0.377749322916202,-4.10309526446093,4.07659293051537e-05,0.000524710994647126
"ENSG00000130528.12",45.444298763091,-2.81981119278947,0.687891994150103,-4.09920629512976,4.14569394354613e-05,0.000532936104191034
"ENSG00000244476.4",27.1746597014578,-3.37126431019132,0.822505348848999,-4.09877493794905,4.15342660720993e-05,0.000533595608735792
"ENSG00000078549.16",63.2775074752283,-2.84588741653745,0.694404307946325,-4.09831474829708,4.16169121890738e-05,0.00053432258454901
"ENSG00000307246.1",20.0594489040787,-4.56680529706532,1.11493989112229,-4.0960103171736,4.20331206045175e-05,0.000539328601298514
"ENSG00000140280.14",470.647120189755,-1.00771192688232,0.246257867577499,-4.0921004343757,4.27483418530448e-05,0.000546794760670512
"ENSG00000231758.4",37.0147006796453,-3.11482843898763,0.761396250789744,-4.09094270658259,4.29623266539435e-05,0.000549189242962879
"ENSG00000274225.2",24.6780046156372,-2.74455237782723,0.670944969320039,-4.09057747404928,4.30300437844751e-05,0.000549369874070285
"ENSG00000134115.13",171.355115733768,-3.48042888905418,0.852077021922555,-4.08464117621812,4.41449805292882e-05,0.000561855171180959
"ENSG00000170367.5",20.9093105642668,-3.28709824420166,0.805576210309333,-4.08043112760175,4.49522473572072e-05,0.000571066220453641
"ENSG00000272143.3",61.3234798319006,-2.68483436720232,0.658115193094507,-4.0795811969908,4.5116909205559e-05,0.000572803161827109
"ENSG00000188305.6",25.4848166010432,-2.30244178812825,0.564631407071535,-4.07777845740088,4.54680594779844e-05,0.000576904140802347
"ENSG00000169064.13",112.605247214883,-4.45077221911664,1.09199876382897,-4.07580334936508,4.58557598514116e-05,0.000581463512673682
"ENSG00000078687.18",561.079019535201,-1.0187940341162,0.250048834880069,-4.07438024898153,4.61370458095845e-05,0.000584307589425399
"ENSG00000135298.15",96.659305574195,-2.65207716728136,0.650893537008375,-4.07451759234051,4.61098277421865e-05,0.000584307589425399
"ENSG00000176641.11",462.310510959722,-2.00833672464903,0.493307856908606,-4.07116306080062,4.67789886033777e-05,0.000591706589959072
"ENSG00000204217.16",3970.11403122077,-1.62269652524143,0.398602745282659,-4.07096173933959,4.68194396435881e-05,0.000591844228436741
"ENSG00000154864.14",618.783962381871,-2.42179461988925,0.595244904573251,-4.06856841828071,4.73028717998586e-05,0.000596860359005723
"ENSG00000159433.12",1025.92426302145,-2.03275389569177,0.499735035103258,-4.06766336739178,4.74869153051112e-05,0.000598814090661747
"ENSG00000187492.9",136.510285315792,-3.94266401308699,0.969350672572792,-4.06732478208594,4.75559414986132e-05,0.00059931593391983
"ENSG00000090530.10",1238.56406407109,-2.46695070718403,0.606737113106579,-4.06593012672803,4.78412692052538e-05,0.000602541390531034
"ENSG00000225938.4",51.6627616105802,-2.77393931690661,0.682671198243703,-4.06336069844908,4.83711943310685e-05,0.000608468078873759
"ENSG00000140505.7",11.0974052024321,-4.6147275556663,1.13599170909612,-4.0622898201767,4.85936937587771e-05,0.00061051782893993
"ENSG00000162614.19",692.032359515339,-1.8298846696676,0.450579122091537,-4.06118388524858,4.88244952350182e-05,0.000613041916900682
"ENSG00000150201.15",9.18804009745331,-5.00034673859523,1.23166016528921,-4.05984286860579,4.91057508558989e-05,0.000615819153241193
"ENSG00000256508.3",10.7140685676814,-4.63960576712377,1.14279603250321,-4.05987213392845,4.9099596588362e-05,0.000615819153241193
"ENSG00000197561.7",23.4222334481158,-3.34107573197896,0.82303462030162,-4.05945952887686,4.91864317431441e-05,0.000616144439904296
"ENSG00000265752.4",27.9253367243682,-2.50818339013394,0.617865281647261,-4.05943409451166,4.91917893154181e-05,0.000616144439904296
"ENSG00000173258.13",205.202674425748,-1.53544460289723,0.37827472394294,-4.05907269429094,4.92679755607924e-05,0.000616721960255487
"ENSG00000245025.4",93.537862792758,-1.50216310415728,0.370209530188322,-4.05760247012858,4.95790659509701e-05,0.000619924605693117
"ENSG00000117245.13",190.764180288064,-1.98487961792148,0.489247402075101,-4.05700594321562,4.97058176188878e-05,0.000620945565799277
"ENSG00000286393.1",36.9349280373603,-3.3803711791252,0.833461319494887,-4.05582250796456,4.99581868861323e-05,0.000623458712059195
"ENSG00000196814.15",1232.25491578908,-1.67989700065686,0.414483034434925,-4.05299339440301,5.05664307357612e-05,0.00063066550839784
"ENSG00000162267.14",119.248161113588,-3.43553054574169,0.848080359522591,-4.05094930824203,5.10102586018195e-05,0.000635589815743878
"ENSG00000266964.6",14.7399658788393,-3.10694927609452,0.767137864784492,-4.05005334597496,5.12059584777934e-05,0.000637091609604779
"ENSG00000127920.6",2392.91597134484,-2.34665878997337,0.579597955865657,-4.04876995549187,5.14875220608588e-05,0.000640206277947755
"ENSG00000130940.15",951.672049849701,-1.38267191802571,0.341653218279261,-4.04700393278759,5.18773700169095e-05,0.000643882321323676
"ENSG00000182985.19",2724.0061754844,-1.71733646943966,0.424517134902005,-4.04538787306215,5.22365634857883e-05,0.000647556528242202
"ENSG00000172403.11",1696.87042003688,-2.93288607092562,0.725153796679887,-4.04450212403745,5.24344330506917e-05,0.000649251680958361
"ENSG00000162747.13",1309.6811072542,-3.86094865256349,0.955248473739444,-4.04182656000412,5.30364556869914e-05,0.000655096076750645
"ENSG00000257108.2",79.9394485157552,-2.67075742693363,0.660890680023113,-4.04114857065351,5.31900454129864e-05,0.000656597646687461
"ENSG00000302538.1",60.3560983830715,-4.10724508300656,1.01658490510576,-4.04023811722767,5.33969599516675e-05,0.000658359150239921
"ENSG00000106714.18",138.14861081083,-2.35645055562826,0.583363886370729,-4.03941795281226,5.35840076968728e-05,0.000659475686564634
"ENSG00000135406.15",11.1326393153715,-3.85482878955618,0.954292786483204,-4.03946131015215,5.35741040440106e-05,0.000659475686564634
"ENSG00000185112.6",1029.78054051919,-2.32392026054729,0.575899545374065,-4.03528754140244,5.45354685047655e-05,0.0006707829911348
"ENSG00000224032.10",459.152462597732,-1.4725071823566,0.365262613328111,-4.03136573146582,5.5453673229471e-05,0.000680444114839661
"ENSG00000249776.6",12.2178321775519,-3.19089228734045,0.792079797397469,-4.0284985147011,5.61342153783311e-05,0.000688382746481639
"ENSG00000249456.1",21.2768612458193,-2.72307021330442,0.676691075022459,-4.0240965394941,5.71944536527986e-05,0.000700128404595213
"ENSG00000303182.1",14.7387336280357,-3.39380264140446,0.844247195277494,-4.01991580237227,5.82189444801701e-05,0.000711819461909009
"ENSG00000198597.10",11.5826613850349,-4.74026369834151,1.17927625054055,-4.01963805865564,5.82876177127316e-05,0.000712234394268087
"ENSG00000289589.3",64.2827981626768,-4.46947716100254,1.1122123516106,-4.01854659726647,5.85582296718058e-05,0.000715114914348247
"ENSG00000105373.19",9815.23851355264,-1.20647365127522,0.30026031048509,-4.01809233237014,5.86712083255436e-05,0.000716068128277945
"ENSG00000182050.14",15.7395924390224,-3.49445699900327,0.870245148672021,-4.01548575632482,5.93234817759619e-05,0.000722309186659336
"ENSG00000285793.2",36.5103680711978,-1.87912830927878,0.468205110824385,-4.01347244153345,5.98319908469751e-05,0.0007276365007867
"ENSG00000076067.14",3185.41363329978,-1.38704092807602,0.34562275246816,-4.01316440590468,5.99101554622519e-05,0.000728155203081216
"ENSG00000267325.3",15.1823661566472,-2.37331519229945,0.591566191848884,-4.01191823501928,6.02273615927076e-05,0.000731576908825164
"ENSG00000185052.13",405.986223785311,-2.54574736634787,0.634693557654996,-4.01098661809906,6.04655378287461e-05,0.000734035161421321
"ENSG00000130176.8",1060.7724609126,-2.98272806432301,0.74383621147705,-4.00992586580338,6.0737814479428e-05,0.0007369042296368
"ENSG00000186710.12",162.930680977017,-3.98076029933154,0.993336473629409,-4.00746414232311,6.13741760436565e-05,0.000743305437447805
"ENSG00000183379.9",75.5393892846799,-2.98174209887573,0.744157485254562,-4.00686972577549,6.15287775781309e-05,0.000744298557794688
"ENSG00000017483.16",636.935259704212,-1.38777363647705,0.346379959402349,-4.00650672420985,6.16233717522838e-05,0.000745003310382563
"ENSG00000138311.18",49.3301055727943,-1.76167804358293,0.439864070620538,-4.00505101746011,6.20040977210121e-05,0.000748066962753895
"ENSG00000152760.10",97.8403373621115,-2.45039299282668,0.611833097883263,-4.0050023467253,6.20168654713548e-05,0.000748066962753895
"ENSG00000289987.1",118.112891135192,-3.49106142447066,0.871680106748604,-4.00498003504111,6.20227193075313e-05,0.000748066962753895
"ENSG00000137872.17",359.958020813512,-2.34865117887235,0.58648128330789,-4.00464813749112,6.21098598633831e-05,0.000748677581798241
"ENSG00000033327.13",1620.96353062801,-1.58535612996406,0.395899991122536,-4.00443588156932,6.21656489531534e-05,0.000748909792088988
"ENSG00000145861.9",129.605450154821,-2.59334847017349,0.648184749099459,-4.00094027787062,6.30912812002401e-05,0.000759614579993965
"ENSG00000154342.6",159.881361881471,-3.60027565182389,0.899969182101281,-4.00044326342134,6.3223944701649e-05,0.00076076511864003
"ENSG00000134138.22",666.458380113539,-1.74471685361518,0.436291602051116,-3.99896960063599,6.36188499204069e-05,0.000765067975817023
"ENSG00000237248.7",101.687912220524,-2.06501650723841,0.517213576571867,-3.99257985632455,6.53583117987056e-05,0.000783230172484313
"ENSG00000137507.11",3807.86794027076,-2.69915881330934,0.676523912902642,-3.98974635165301,6.61439898335617e-05,0.000790796715771048
"ENSG00000124615.21",593.248598586474,-1.97665010843627,0.495564306725038,-3.98868538676457,6.64404690279934e-05,0.000793878424796024
"ENSG00000070614.15",4414.61206314678,-1.69884125128515,0.425945913147815,-3.98839664578637,6.65213731096497e-05,0.00079438219815973
"ENSG00000177469.13",11342.3900640664,-2.19240892920464,0.55016981279429,-3.98496769219213,6.74893074778876e-05,0.000805471921144708
"ENSG00000126878.13",850.019112561162,-2.32143190427951,0.582737713321426,-3.98366512276693,6.7860481284435e-05,0.00080872157014562
"ENSG00000163220.11",4268.59968217666,-2.19330985441173,0.551014082679081,-3.98049691170805,6.87713583092253e-05,0.000818866394176745
"ENSG00000111961.19",2281.69866440288,-2.03637371196694,0.511629756836236,-3.98017059163887,6.88658313311867e-05,0.000819515383409549
"ENSG00000172216.7",5483.82460322569,-2.60741038609972,0.655470208610576,-3.97792356059438,6.95197116382391e-05,0.000826337488365481
"ENSG00000265206.7",163.250539995172,-3.02870542984698,0.761749054534324,-3.97598843322294,7.00875320349593e-05,0.000832604146491776
"ENSG00000156206.14",41.3613113721201,-3.18643211801631,0.801646203679151,-3.974860859307,7.04204139368587e-05,0.000835590374630411
"ENSG00000236801.1",91.123213625363,-1.45808674036018,0.367456551071806,-3.9680521033227,7.246249332823e-05,0.000857835429100478
"ENSG00000172602.11",5327.2583716239,-3.94246722559363,0.993934778945557,-3.96652507700365,7.29281057245394e-05,0.000862849324740886
"ENSG00000115756.13",2704.86488760996,-1.51794440629419,0.382731590890186,-3.96608077938809,7.30641090356158e-05,0.000863959914455747
"ENSG00000284669.2",77.6727493613805,-2.68818013555654,0.677900521920455,-3.96544927851814,7.32578297214761e-05,0.000865690722660249
"ENSG00000000938.13",1446.02946878643,-1.5108375987427,0.381045125896554,-3.96498339976893,7.34010550561246e-05,0.000866445154214611
"ENSG00000217716.3",54.3903875748276,-1.85598144251836,0.468136339568846,-3.96461732543071,7.35137832405652e-05,0.000866777809985365
"ENSG00000233762.3",181.626793516323,-1.75168970153429,0.441821047579844,-3.96470406090768,7.3487059302587e-05,0.000866777809985365
"ENSG00000148053.18",144.993112244799,-2.15248701128782,0.543065835535396,-3.96358391642467,7.383289329625e-05,0.000870040025371442
"ENSG00000174944.9",238.068519174605,-2.40998851328988,0.608413828098639,-3.96110081985047,7.460502169873e-05,0.000877625567935031
"ENSG00000277639.3",312.385487703021,-4.16473363608913,1.05138461994151,-3.96118942306844,7.45773393004058e-05,0.000877625567935031
"ENSG00000235904.4",21.1335848219862,-2.9197803899392,0.737412500072563,-3.95949402763295,7.5108722640631e-05,0.000882538251589397
"ENSG00000168273.8",139.492966197736,-1.24424802671347,0.314296476132757,-3.95883543469289,7.53161076797025e-05,0.000884468196944227
"ENSG00000102230.14",59.3834516236216,-3.19455183954918,0.808069717963396,-3.95331215677839,7.70767771527184e-05,0.000903051872452655
"ENSG00000257551.2",23.3789662758116,-2.59923236780785,0.657503879004728,-3.95318179984328,7.71187977304233e-05,0.000903051872452655
"ENSG00000287124.3",11.9055830255227,-3.1649403555218,0.800579494257247,-3.95331179255114,7.70768945312645e-05,0.000903051872452655
"ENSG00000137962.13",2842.07742351404,-1.54725086888172,0.39153709899454,-3.95173502806001,7.75866213958344e-05,0.000907493488362914
"ENSG00000125878.7",20.3336875458777,-4.039526298469,1.02268347375314,-3.94992820568848,7.81746382827011e-05,0.000913849933494016
"ENSG00000213722.10",2026.61656296688,-1.2826640663318,0.324873480875556,-3.9481956571984,7.87424383722535e-05,0.000919455036851709
"ENSG00000113303.12",62.2800429989342,-3.72571110627115,0.943711787688668,-3.94793320892615,7.88287886126827e-05,0.00091992343865364
"ENSG00000144649.10",123.782195294674,-1.5514505302753,0.393263438641208,-3.94506678687403,7.97777400820383e-05,0.000928151978534977
"ENSG00000147606.9",24.5685505147906,-3.16444155292394,0.802143180683635,-3.9449834258106,7.9805498349452e-05,0.000928151978534977
"ENSG00000178789.10",106.771073251133,-1.96310558818976,0.498788828601574,-3.93574489968751,8.29390374864083e-05,0.000959155118229733
"ENSG00000073754.6",28.8286557187862,-3.00153534994345,0.763036775023519,-3.93367062793393,8.36584028171714e-05,0.000965840028920767
"ENSG00000105989.10",583.77002323807,-1.81932042514259,0.462602402617174,-3.93279501976164,8.39638335027047e-05,0.000968820732774033
"ENSG00000162722.9",30.1476801315893,-2.13602491330076,0.543735505495827,-3.9284263979652,8.55035106123717e-05,0.000984370567993302
"ENSG00000258740.2",74.6914049097266,-3.20584198033073,0.816097567574389,-3.92825822267693,8.55633123135221e-05,0.000984506260200032
"ENSG00000121440.15",677.841651090496,-2.11210534993815,0.537702615477825,-3.92801762375889,8.56489359605942e-05,0.000984938745337085
"ENSG00000176396.11",353.97916503117,-1.29791203923768,0.330599116442161,-3.92593922574731,8.63919682017281e-05,0.000992926522426139
"ENSG00000153823.19",853.510320660831,-1.78328679232526,0.454251733452298,-3.92576772084575,8.64535528759068e-05,0.00099307767404347
"ENSG00000159625.15",80.149392867392,-4.19116996293528,1.06884521086417,-3.9212132124788,8.81042624466138e-05,0.0010092121772097
"ENSG00000196843.18",2634.97465429045,-1.76654085166453,0.45050379336463,-3.92125633054263,8.80884963021656e-05,0.0010092121772097
"ENSG00000284479.3",15.9013469835757,-3.32277961313418,0.847657856483107,-3.91995377347204,8.85659549449679e-05,0.00101167484133238
"ENSG00000179044.16",471.33540183593,-2.06341350974369,0.526525302359775,-3.91892564421103,8.89445461172144e-05,0.00101430421222879
"ENSG00000288959.2",42.567860134603,-2.99042927835539,0.763056364906787,-3.91901491932472,8.89116115538861e-05,0.00101430421222879
"ENSG00000261026.1",14.6248832828352,-4.12507291394915,1.05264117375182,-3.91878354828795,8.89969906246462e-05,0.00101433812994316
"ENSG00000157168.22",224.231129522388,-2.70495699234297,0.690568522410743,-3.91700013041441,8.96577003187747e-05,0.00102130082629786
"ENSG00000116005.12",3345.8348117256,-1.37570348831424,0.351333883415998,-3.91565844699737,9.01578102010343e-05,0.00102585779154384
"ENSG00000163993.7",50.5491242332274,-2.80826988911213,0.717480639123308,-3.91407061874669,9.07530746491405e-05,0.00103148616552438
"ENSG00000145362.21",521.322951636534,-2.17937840123042,0.557164824408168,-3.91155059644227,9.17054386531085e-05,0.00104115632012366
"ENSG00000172809.13",4436.66588085161,-1.49958648792728,0.383552483963779,-3.90972956928861,9.23995059763893e-05,0.00104729655640679
"ENSG00000183134.5",23.2764082028754,-2.02203023772327,0.517176518796581,-3.90974873033358,9.23921771666058e-05,0.00104729655640679
"ENSG00000167552.16",5787.47969600033,-1.01700686759222,0.260391688434173,-3.90568099046416,9.39604008707795e-05,0.00106263875314642
"ENSG00000231437.4",16.3163961916916,-2.86228910870259,0.732850549148323,-3.90569279374762,9.39558142358286e-05,0.00106263875314642
"ENSG00000163751.4",2542.91720039045,-2.92049107289523,0.747850794862271,-3.90517880432698,9.41557412510086e-05,0.00106426092536421
"ENSG00000113070.8",3075.54269073813,-2.51275443919243,0.643646448791235,-3.90393583917285,9.46408805001661e-05,0.00106915515910491
"ENSG00000144824.21",1589.84772011356,-1.12851446438514,0.289177010445503,-3.90250408442415,9.52026312102337e-05,0.0010743174190064
"ENSG00000072657.10",116.625496735067,-3.39043463996976,0.869051106441732,-3.90130639595139,9.56749627861347e-05,0.00107786782250929
"ENSG00000189056.15",140.196456001442,-2.65258189918988,0.680138313853253,-3.90006245077116,9.61678786818363e-05,0.00108223171486958
"ENSG00000135540.12",863.090810825958,-2.16278644514166,0.554669479419916,-3.89923463501822,9.6497230179353e-05,0.00108474737258632
"ENSG00000187653.11",1758.5649789063,-1.06741075006737,0.273795945459853,-3.89856302756639,9.67652154893864e-05,0.00108656844380853
"ENSG00000168658.20",187.766678963216,-4.27435880285228,1.09719045760425,-3.89573093096843,9.79030292457227e-05,0.00109694191893677
"ENSG00000113231.14",120.148201996435,-2.63371808904821,0.676445501058689,-3.89346678324601,9.88217392430911e-05,0.00110602671476001
"ENSG00000186594.17",1562.26381873172,-1.81809426238487,0.46752289454759,-3.88878124170622,0.000100748875932522,0.00112636584085084
"ENSG00000158813.18",113.898708000696,-1.86215923675629,0.47958771137888,-3.88283351006289,0.000103246263313449,0.00115240140608544
"ENSG00000185561.10",474.376516900691,-1.90778391745822,0.491328977756399,-3.88290535227519,0.000103215751966734,0.00115240140608544
"ENSG00000111275.13",5434.99337269873,-1.69132704168134,0.435700384533487,-3.88185804217794,0.000103661387350276,0.00115640537879763
"ENSG00000184347.16",2815.19503126902,-2.34838634873259,0.604993580960189,-3.88167151295301,0.000103740946676201,0.00115666360557305
"ENSG00000173706.15",5506.42111940944,-1.99712728981567,0.514543487258416,-3.88135762918065,0.000103874955958314,0.00115752831357026
"ENSG00000289299.2",20.4759248886869,-4.84296167727509,1.24839612023411,-3.87934694667817,0.000104737278045544,0.00116460582920056
"ENSG00000163637.13",710.89965943378,-1.60434911109616,0.413587078532212,-3.87910840152422,0.000104840030105669,0.00116511651885454
"ENSG00000286508.2",38.619674099211,-2.75038602460552,0.709938849907199,-3.87411679888351,0.000107012083299568,0.00118668239912079
"ENSG00000172572.7",412.151061691973,-2.02306485410084,0.522376604189991,-3.87280907658153,0.000107588107434829,0.00119235818281438
"ENSG00000180481.11",23.1849119637871,-2.66246192578647,0.687496589749103,-3.87269110201422,0.000107640216367022,0.00119235818281438
"ENSG00000136997.22",2733.22956809601,-2.25258416028342,0.581709923475364,-3.87234954979897,0.000107791213028042,0.00119338608635366
"ENSG00000267414.1",56.2366602660254,-3.09910218336983,0.800487945711679,-3.87151636695111,0.000108160393289168,0.00119575639984283
"ENSG00000116833.14",292.161357103069,-2.41900179401965,0.625133002826688,-3.86957940643279,0.000109023269224205,0.00120312869331168
"ENSG00000289579.1",22.0865439197214,-2.90229995215157,0.750293929815869,-3.8682172903409,0.000109633948870094,0.00120921704552577
"ENSG00000175906.5",255.809732120761,-1.88489534570408,0.487526776283273,-3.86623963523366,0.000110526340730463,0.00121840434964377
"ENSG00000139874.6",370.6890559007,-4.30628628342788,1.11498047827963,-3.86220778508366,0.000112366930941013,0.00123802877593473
"ENSG00000227081.5",1433.35828177844,-1.0083684735925,0.261216745230384,-3.86027500918118,0.000113259484094703,0.00124585432504174
"ENSG00000134569.10",310.444060935787,-2.03256022006063,0.526766405663041,-3.85856083115674,0.000114056680632176,0.00125348066788142
"ENSG00000140044.13",1993.53084388833,-2.15960181974137,0.559696724480952,-3.85852145506859,0.000114075054929122,0.00125348066788142
"ENSG00000253549.7",35.2047684833754,-2.01458360293562,0.522180738721026,-3.8580197497708,0.000114309413182601,0.00125538307868027
"ENSG00000171049.9",327.940148273486,-3.00418116851739,0.77967363370655,-3.85312653736357,0.000116619083161836,0.00127869394713919
"ENSG00000144642.22",821.752230159002,-1.76515318413459,0.458293046676807,-3.85158185779632,0.000117357287478792,0.00128610038613851
"ENSG00000174804.4",1673.11412142337,-2.09054284380069,0.542940750208121,-3.85040696061098,0.000117921720470554,0.00129084925928769
"ENSG00000213316.10",390.989781423897,-2.27769554291651,0.591544485027614,-3.85042139782637,0.000117914769171714,0.00129084925928769
"ENSG00000288066.1",252.009200164136,-1.48518708041307,0.385755753650875,-3.85007110420763,0.000118083539302091,0.00129084925928769
"ENSG00000163141.20",233.972858995767,-2.21054006052829,0.574438118748405,-3.84817787744423,0.000118999638131529,0.00129785562779195
"ENSG00000123178.16",512.18234499908,-1.6400211720572,0.426286640372182,-3.84722629502376,0.000119462618697742,0.00130152047490887
"ENSG00000188186.11",1421.94603898837,-1.22097777072475,0.317356594581464,-3.84733700692433,0.000119408666025665,0.00130152047490887
"ENSG00000173535.15",140.790863583951,-2.31572709611569,0.602160684614721,-3.84569626560286,0.000120210598013619,0.0013085795205015
"ENSG00000241741.1",13.8611831608238,-2.54046285575529,0.660608599850979,-3.84563999973414,0.000120238188481507,0.0013085795205015
"ENSG00000276772.1",13.2607196101354,-3.00212757388217,0.780834026340239,-3.84477042829847,0.000120665350458846,0.00131253174843936
"ENSG00000234281.6",50.117784725704,-3.61197944827028,0.939799134277575,-3.84335260219921,0.000121364902840201,0.00131944112822666
"ENSG00000136918.8",137.694461892332,-4.78051029623838,1.24441027291231,-3.84158697521074,0.000122241405567777,0.00132826591402316
"ENSG00000117643.16",638.543035505642,-1.34665806212488,0.350671750805695,-3.84022396737356,0.00012292211582762,0.00133495501214487
"ENSG00000233913.7",377.346086152438,-1.30525059610892,0.339917829108119,-3.83990036513724,0.000123084252617652,0.00133600821369631
"ENSG00000091436.17",1791.37149035689,-1.84855700113364,0.481462239540519,-3.83946413512678,0.000123303139219406,0.0013362619273545
"ENSG00000166402.9",294.161794135843,-2.08412349154879,0.542798793328926,-3.83958755465738,0.000123241173956776,0.0013362619273545
"ENSG00000225706.4",33.4974534355636,-2.62923252125672,0.684765089105592,-3.83961239129597,0.000123228707770562,0.0013362619273545
"ENSG00000148541.13",246.588622594731,-2.27741837367443,0.593259798792006,-3.838821336473,0.000123626344359249,0.0013390568223677
"ENSG00000153956.17",271.21763672864,-1.66512971614086,0.433932390159228,-3.83730220168597,0.000124393356329418,0.00134523279439788
"ENSG00000225342.3",446.951794967524,-3.52012187600211,0.917452872038616,-3.83684217825844,0.000124626505850563,0.00134704368790719
"ENSG00000038295.8",327.894241197276,-2.74064210292089,0.714459196881444,-3.83596728110377,0.000125071059205265,0.00135042495942326
"ENSG00000003402.21",6863.46366623058,-1.44088344729055,0.375704107285139,-3.83515489809909,0.000125485185827118,0.00135418328957854
"ENSG00000152518.8",5713.66659881294,-1.71882859877644,0.448376745601192,-3.83344724194337,0.000126359911467622,0.00136290564162658
"ENSG00000104695.13",2909.91128570048,-1.22863517035196,0.320701538548666,-3.83108598702753,0.00012757890631712,0.00137244380646707
"ENSG00000104974.12",128.218599115964,-1.66734403158898,0.435291398657132,-3.83040886342509,0.000127930510161477,0.00137550455183583
"ENSG00000249249.3",54.6787457683839,-2.29287294621656,0.598719232580129,-3.82962968524599,0.000128336237031357,0.00137842126982239
"ENSG00000170961.7",572.307449110584,-2.51002128385374,0.65572622666758,-3.82784946182455,0.000129267774601455,0.0013876997122661
"ENSG00000154099.18",258.891031609916,-2.99993304285699,0.78427224746095,-3.82511691898974,0.00013071003843296,0.0014015260768446
"ENSG00000107719.10",1102.18353510723,-1.52614485264631,0.39915102306435,-3.82347724159603,0.000131582742194003,0.00140812763358343
"ENSG00000257851.2",12.4157389235995,-2.5953283868863,0.678983479288472,-3.82237339501401,0.000132173343909813,0.00141221194964176
"ENSG00000233850.2",13.6767018550853,-2.96979634662025,0.777110341296163,-3.82158901870595,0.000132594533469272,0.00141483771393935
"ENSG00000174306.22",1011.70516627771,-1.31612150001015,0.344691016320964,-3.81826458390961,0.000134393746699828,0.00143148539341989
"ENSG00000109771.16",265.381706673518,-2.04543516251114,0.536187464740915,-3.81477616881531,0.00013630642482275,0.0014488475555032
"ENSG00000231768.3",18.8578781586375,-3.27244217737106,0.858002249992527,-3.81402516998011,0.000136721534227822,0.00145116391212717
"ENSG00000148090.12",382.183936251332,-1.14803474675615,0.30106893648178,-3.81319560952321,0.000137181452223258,0.00145513114143077
"ENSG00000037280.16",1400.62187086997,-2.07303108037347,0.543735045450894,-3.81257580823102,0.000137526028114046,0.00145727838782966
"ENSG00000276644.5",473.476509098184,-3.51809193345803,0.924059151914638,-3.80721507510487,0.000140540513750688,0.00148691573474928
"ENSG00000255408.4",22.9745450110555,-1.97533098532146,0.519012777226729,-3.80593902885467,0.00014126718351123,0.0014930630570692
"ENSG00000019169.11",3225.34960797387,-3.16293218432973,0.831255723369071,-3.80500500076006,0.000141801325823763,0.0014979363135963
"ENSG00000064042.18",7433.38090531139,-2.26566331541815,0.595624669060409,-3.803843986167,0.000142467926627,0.00150420307289393
"ENSG00000106004.5",563.177471148077,-2.55279216274311,0.671160223817213,-3.8035510332006,0.000142636592331123,0.00150443451088341
"ENSG00000244124.1",45.0997284891284,-4.23204610859997,1.1126399494157,-3.8036079064233,0.000142603833251497,0.00150443451088341
"ENSG00000112139.17",366.044840700882,-1.66354737108315,0.437406658306738,-3.80320541420877,0.000142835821950496,0.00150576128188842
"ENSG00000138356.14",854.028416395741,-3.22094773373506,0.847260510226163,-3.80160257070789,0.000143763200484262,0.00151165162191246
"ENSG00000140090.18",91.9723477054303,-2.32938874259164,0.612844807000591,-3.80094391921541,0.000144145926580405,0.00151412299108844
"ENSG00000099260.12",1200.70239382229,-2.41159472318983,0.634759404326241,-3.7992264576995,0.000145148418877317,0.00152309272295829
"ENSG00000175048.17",392.65713266145,-1.50239657156692,0.395760868502839,-3.79622315174938,0.000146917262106398,0.0015400774755775
"ENSG00000090776.6",1456.31378193542,-1.16482967492155,0.307148990727159,-3.7923929756822,0.000149202559226848,0.00156163822071837
"ENSG00000298634.1",11.7554451034416,-2.82995198419557,0.746385252702484,-3.79154327332833,0.00014971405499729,0.00156619233860431
"ENSG00000255267.5",10.7590723153235,-3.90907387456221,1.03143936223393,-3.78992117005869,0.000150695100560883,0.00157565137271818
"ENSG00000197406.8",35.2707757185653,-3.33233847658899,0.880182393741532,-3.78596356878224,0.000153114107364268,0.00159931312144521
"ENSG00000290914.2",14.1001574648959,-3.3632752256346,0.888482336426267,-3.78541597029679,0.000153451680742924,0.00160202304580087
"ENSG00000120738.8",27850.9982200573,-2.98333556225692,0.788441371790129,-3.78383944450221,0.000154427464210766,0.00161057005400689
"ENSG00000253295.3",54.7548988013014,-3.13055489810784,0.828182746777341,-3.78002911831909,0.000156810018915276,0.00163375641658477
"ENSG00000122035.7",398.9376066561,-1.35877572880287,0.359574182253713,-3.77884674668918,0.000157556348058442,0.00163986566527426
"ENSG00000102934.10",1253.02324241912,-2.29472122296212,0.608037024391168,-3.77398271965402,0.000160661894176792,0.00166795517883593
"ENSG00000150764.14",739.428971355515,-1.51801525466872,0.402334868786218,-3.77301440277432,0.000161286973236079,0.00167190500466762
"ENSG00000008853.18",1740.23065828793,-1.71085266064767,0.453573357268715,-3.77194258267266,0.000161981534994041,0.00167825638884175
"ENSG00000233009.2",8.58544576397201,-4.27739588480502,1.13454930028249,-3.7701278240972,0.000163163957057025,0.00168794842356067
"ENSG00000254447.4",9.62749268918139,-3.49162644627114,0.926808089316111,-3.76736725382663,0.000164978214734237,0.00170499663049939
"ENSG00000127472.11",167.941247818909,-2.47332172436845,0.656700358665927,-3.76628654412942,0.000165693617259074,0.00171152741978844
"ENSG00000300710.1",15.577694545763,-3.44342013174075,0.915112039139117,-3.76283994141321,0.000167994726458858,0.00173267800367828
"ENSG00000286638.3",36.1527435876158,-3.26945706633193,0.8689258927385,-3.76264200854682,0.000168127784048585,0.0017331785239478
"ENSG00000168077.14",776.483892856751,-1.3866369724011,0.368754814999061,-3.76032234970175,0.000169694548928963,0.00174845076946707
"ENSG00000123179.14",543.722617143662,-1.48079122008296,0.393888127756052,-3.7594207992988,0.000170307180172138,0.00175388167867881
"ENSG00000258086.2",50.3486647309021,-2.13435905727743,0.56778916338867,-3.75906973028365,0.000170546304673338,0.00175523927757145
"ENSG00000258752.3",58.3339843766083,-3.96208438494625,1.05403290930604,-3.75897597690268,0.000170610216552863,0.00175523927757145
"ENSG00000078596.11",1291.31162627913,-2.34205908044088,0.623079878054953,-3.75884242603373,0.0001707012973679,0.00175529558737785
"ENSG00000167705.12",652.880614891701,-1.52308656086202,0.405369996138122,-3.75727502126985,0.000171773680951796,0.00176455288288358
"ENSG00000238755.3",17.9947203195122,-3.45188225763526,0.918765130522569,-3.75708888263089,0.000171901452974345,0.00176498116764445
"ENSG00000110700.7",8482.62242549881,-1.01303874198227,0.26969999738015,-3.75616889811965,0.000172534276069805,0.0017705919902579
"ENSG00000220008.4",40.0295977882003,-2.07604903916506,0.553203432785201,-3.75277685590782,0.000174886518444125,0.00179383350384109
"ENSG00000204301.6",2315.38547257419,-2.13471219288704,0.569316706458491,-3.74960398785115,0.000177114042204824,0.00181577316068386
"ENSG00000160013.10",296.577852166337,-2.16358116007463,0.577646306905139,-3.74551197542743,0.000180026258772765,0.00184286490757702
"ENSG00000138207.15",279.397063415827,-2.90798621014701,0.77645475903443,-3.74521010569021,0.000180242867993574,0.00184401928742714
"ENSG00000296098.1",10.6635363053112,-2.80777663399455,0.750523440582907,-3.7410911933861,0.00018322301865244,0.00186812768495755
"ENSG00000166596.15",143.308324509267,-4.22568056798075,1.13220095147325,-3.73227081507234,0.000189761325528334,0.00192426618132193
"ENSG00000235092.8",66.7200060737337,-1.41002886589521,0.37780870858265,-3.7321237808015,0.000189872153733062,0.00192443827985304
"ENSG00000176692.8",35.0013662067987,-2.82362877077514,0.756876734985228,-3.73063226845022,0.000190999836353845,0.00193491138567156
"ENSG00000078401.7",788.839466568681,-2.49956849697323,0.670683315417108,-3.72689828345992,0.000193850643622769,0.00196088485290639
"ENSG00000124191.18",456.069774412467,-2.16992756246463,0.582891198621321,-3.72269742208673,0.00019710568004028,0.00198890495253243
"ENSG00000166086.13",466.894613775723,-1.46802616567075,0.394493354381075,-3.72129504684295,0.000198203695471164,0.00199900077321237
"ENSG00000256043.5",2166.59678509783,-1.06885749243298,0.287418164063741,-3.71882374210677,0.000200152648828605,0.00201469313283344
"ENSG00000170549.4",105.786119174814,-3.47715426442489,0.935495468745849,-3.71691192591927,0.000201672707505433,0.00202502311199383
"ENSG00000303379.1",11.2411953380688,-3.96711848284705,1.06775880219964,-3.71536949606464,0.000202906969609397,0.00203542294758859
"ENSG00000136011.15",120.177345560023,-2.76541066470344,0.744510813497363,-3.71439959577329,0.000203686720195473,0.00204124756152883
"ENSG00000109099.16",3699.97480542447,-1.05076550279829,0.28294460917485,-3.71367917509591,0.000204267722800338,0.00204607004802058
"ENSG00000101938.15",2852.05992785126,-4.09441162327512,1.10274400040835,-3.71293030998939,0.000204873315131517,0.0020501329689881
"ENSG00000169239.14",315.596712548647,-1.47713640405367,0.397824648520086,-3.71303389457802,0.00020478944794401,0.0020501329689881
"ENSG00000130962.19",323.33489684581,-1.2335251778196,0.332293829238483,-3.71215192483852,0.000205504566992709,0.0020544444864059
"ENSG00000088756.13",410.062636185458,-1.46967870025186,0.39596120438298,-3.71167347705702,0.000205893482911758,0.00205702949489442
"ENSG00000102543.14",222.312015518454,-1.16157149344656,0.312958168552548,-3.71158707509987,0.000205963790139399,0.00205702949489442
"ENSG00000143171.13",127.379581664302,-3.23477984936991,0.872012405244411,-3.70955714610877,0.000207622092222246,0.00207056584578061
"ENSG00000277782.2",187.364490589675,-1.58812595958586,0.428208180335437,-3.70877071601434,0.000208267911402625,0.00207599672114702
"ENSG00000068615.20",192.206620717278,-3.13916738419164,0.846859091742558,-3.70683554655151,0.000209865122086993,0.0020909010997433
"ENSG00000253305.3",89.6960895575917,-1.92124665732005,0.518464580204471,-3.705646886355,0.00021085188989884,0.00209971206920146
"ENSG00000111452.13",1065.61288966595,-2.37729478933692,0.641630822260843,-3.70508196747829,0.000211322384021506,0.00210337580678493
"ENSG00000298413.1",7.99027971455804,-3.70078915903777,0.999733834647787,-3.70177444313624,0.000214096908748485,0.00212686192683088
"ENSG00000160808.13",49.6025790331914,-2.00766116506481,0.542647962387092,-3.69974883206631,0.000215812948499298,0.0021418338315729
"ENSG00000234409.7",82.8795663356493,-2.08720764659181,0.564224468813251,-3.69925049684905,0.000216237098917214,0.00214500506831086
"ENSG00000293627.1",83.0725551644066,-1.38638012650173,0.37503592222546,-3.69665955803637,0.000218454979539084,0.0021649110200432
"ENSG00000127184.13",3430.5192492701,-1.21666427303327,0.329231796520107,-3.69546406481114,0.000219485523792822,0.002174073033743
"ENSG00000088854.13",1298.61103348121,-1.0187264394083,0.275762992824065,-3.69421012216181,0.000220571356200101,0.00218377358161607
"ENSG00000240211.2",10.2357956928726,-3.86853050986921,1.04737194659276,-3.69355941072706,0.000221136815372103,0.00218725965383
"ENSG00000290567.2",29.6942516533733,-2.68469969510974,0.727115084268921,-3.69226241236499,0.000222267950825563,0.0021973876874288
"ENSG00000230417.13",18.5486917795641,-2.27447973961956,0.616155594783991,-3.69140483162688,0.000223018842873446,0.00220374860447091
"ENSG00000057704.13",670.146579676434,-1.68408223833841,0.456351818980051,-3.69031560365496,0.000223975996989085,0.00221214057912534
"ENSG00000188176.12",128.128149132541,-2.99628363789137,0.812050441221815,-3.68977527231332,0.000224452240337445,0.00221577695516561
"ENSG00000110675.13",33.1913967151895,-2.74225683017542,0.743358131900525,-3.68901167888533,0.000225126886000245,0.0022202990238331
"ENSG00000129048.7",177.266816822423,-2.1162897455628,0.573840476950171,-3.68794086609293,0.000226076171105331,0.00222632681037557
"ENSG00000145708.11",36.1647032396114,-2.97428395574868,0.80653946054767,-3.68771039885517,0.000226280973118547,0.00222632681037557
"ENSG00000132554.21",134.650245566154,-3.23913590388941,0.878852750790568,-3.68564119640708,0.000228127562198068,0.00224126858424015
"ENSG00000235770.7",48.2739197226404,-1.64591506917691,0.447363271772398,-3.67914661982866,0.00023401570720691,0.00229572637768637
"ENSG00000112276.14",102.399136880485,-1.99706401796114,0.542990893457069,-3.677895968469,0.000235165831239065,0.0023000123613437
"ENSG00000237949.4",7.07411731703602,-4.59906105953369,1.25042658054495,-3.67799367918855,0.000235075783844338,0.0023000123613437
"ENSG00000289172.3",21.1207475603383,-3.56352863779804,0.969164327212076,-3.67690858788517,0.000236077590729786,0.00230611477862007
"ENSG00000085265.12",1384.96340679614,-2.54679045177073,0.692804778665396,-3.67605785958464,0.000236865822887896,0.00231271277737781
"ENSG00000126458.4",2406.98984882796,-1.69664218602966,0.461599592490494,-3.67557123886456,0.000237317805070672,0.00231591030323641
"ENSG00000066735.16",502.254232297581,-2.4203786631909,0.658677674805219,-3.67460254958033,0.000238219951170037,0.00232151229980534
"ENSG00000144668.12",863.98350109249,-1.8409413304054,0.500978924971047,-3.67468817278451,0.000238140080317395,0.00232151229980534
"ENSG00000146834.16",307.128652976296,-1.45472518971368,0.395979459097789,-3.67373901926167,0.000239026873845556,0.00232826936880251
"ENSG00000213203.3",792.490101491527,-2.28676380556552,0.62265141221384,-3.67262285238369,0.000240073671725277,0.00233513783921019
"ENSG00000294712.1",38.5884208669529,-2.19713870941273,0.598565501608381,-3.67067380847859,0.000241911903500667,0.00234967393149108
"ENSG00000182208.15",1007.98138689497,-1.20843106601916,0.32931015842992,-3.66958332467088,0.000242946140705304,0.00235637070436214
"ENSG00000204161.15",841.62322843186,-1.78537679430837,0.48676425308696,-3.66784697722947,0.000244601492907817,0.00237130449672902
"ENSG00000121691.7",4559.61335615281,-1.77022754589441,0.482678891715029,-3.66750561559577,0.000244928173105584,0.00237334936737093
"ENSG00000168807.17",1418.22528788672,-1.17365264159199,0.320067046725754,-3.66689621314755,0.000245512383819789,0.00237788659321727
"ENSG00000203734.13",64.586479245181,-3.92681882557446,1.07100711411001,-3.66647314834842,0.00024591872823036,0.00237957414046027
"ENSG00000132561.14",915.894210346775,-2.48813757181782,0.679107047097154,-3.66383706729796,0.000248464871848203,0.00239968145660648
"ENSG00000237813.5",17.4373672990852,-2.98660769978772,0.81567964093713,-3.66149594754678,0.000250746828214223,0.00241489570958404
"ENSG00000112303.14",586.103419068707,-1.66003566370749,0.45350970621468,-3.66041926106356,0.000251802890840825,0.00242392792197196
"ENSG00000111450.15",863.978347563941,-1.12054710408508,0.306719953988878,-3.65332313568914,0.00025886811905742,0.00248261548791083
"ENSG00000226194.7",32.398173636094,-1.88766705208539,0.516826480634983,-3.65241937635657,0.000259781171427868,0.00248801603051379
"ENSG00000169860.7",387.761602881415,-2.11017447529617,0.577937745981076,-3.65121414887698,0.000261003490786999,0.00249725411810389
"ENSG00000245468.6",13.8094376350744,-2.51214888230792,0.688673420134832,-3.64780868385493,0.000264486458044119,0.00252351341821155
"ENSG00000288990.3",28.0916951318482,-1.63776047215611,0.44909388716369,-3.64681087622813,0.000265515198649564,0.00253097333013048
"ENSG00000079819.20",3195.08640923233,-1.25868988500707,0.345838145072217,-3.63953457113365,0.000273131268310742,0.00259272385437197
"ENSG00000271334.7",8.26797035620968,-3.4296658356725,0.942315959286879,-3.63961344586373,0.000273047623838227,0.00259272385437197
"ENSG00000171962.19",228.881351465686,-2.03630304732824,0.55990433111626,-3.6368767558353,0.000275963887442649,0.00261597944897091
"ENSG00000185022.12",3200.83550388487,-2.80518909441597,0.771490417099453,-3.63606472905074,0.000276834796759314,0.00262302249203002
"ENSG00000164265.9",3920.92900854518,-4.51015568941294,1.24073760117419,-3.63506005229848,0.000277915890597969,0.00263204961700727
"ENSG00000086544.4",2850.20598769352,-2.20189896159107,0.606083513701517,-3.6329959680696,0.00028014939751579,0.00264953101783384
"ENSG00000152137.8",2418.71155080728,-1.81557905067273,0.500249310983611,-3.6293484284923,0.000284137508839886,0.00268477211117651
"ENSG00000258168.7",109.151683085057,-3.00500603536464,0.828006466701407,-3.62920599803516,0.000284294311998481,0.0026850163856365
"ENSG00000187134.14",596.332505496153,-2.66747332706317,0.735505532703098,-3.62672095376331,0.000287043204323309,0.00270599257997478
"ENSG00000166046.12",291.807359124815,-1.26384037823764,0.34855868939373,-3.62590409218005,0.000287952220296951,0.00271206813273711
"ENSG00000104267.10",851.545151745714,-1.99305566463991,0.549765032240997,-3.62528634554231,0.000288641448328242,0.00271731141254466
"ENSG00000113555.6",1063.89134775896,-1.61668964026021,0.446355582799949,-3.62197696759804,0.000292360157124302,0.00274601587800123
"ENSG00000289224.2",12.9979869791684,-2.74049943542374,0.757130855835186,-3.6195849294779,0.00029507595353412,0.00276898734611606
"ENSG00000229117.9",19162.8368031205,-1.02720017112058,0.283932988496629,-3.61775564213022,0.000297168757458639,0.00278735050454343
"ENSG00000099769.6",58.2127964552653,-2.17647706089015,0.601676137470077,-3.61735645698329,0.000297627291006339,0.00279037493131869
"ENSG00000299449.1",133.061536449567,-1.33075858086387,0.36799710054069,-3.61622028790069,0.000298936008519592,0.0028000840195001
"ENSG00000290777.2",26.657873531462,-4.11261082181963,1.13788267505425,-3.61426613831128,0.000301199546818666,0.00281871086625738
"ENSG00000223930.10",12.6025656175731,-3.10238234952829,0.858468785530271,-3.61385574154798,0.000301676954201933,0.00282189063364801
"ENSG00000167210.17",48.8536226082032,-3.00270857364292,0.831017586551995,-3.61329124946869,0.000302334775778825,0.00282546592642162
"ENSG00000230910.7",60.8361278694796,-2.94991508934905,0.817294402840057,-3.60936656252416,0.000306945615579312,0.00285943339474703
"ENSG00000258636.3",13.9523131870981,-3.18140247673978,0.881961316687802,-3.60719049298842,0.000309530419403894,0.00288220332400429
"ENSG00000166295.9",3109.5582163907,-1.00810163952402,0.279531614353346,-3.60639579840054,0.000310479452544002,0.00288972795958339
"ENSG00000133561.15",2339.79279857378,-2.18673744947585,0.606675007831561,-3.60446272097463,0.000312799340699087,0.00290736068979786
"ENSG00000134198.10",328.570910513318,-2.47623917638667,0.687056561008706,-3.6041271081833,0.000313203759572276,0.00290980058281375
"ENSG00000110446.12",2410.69278810789,-1.06459668847026,0.295529625009581,-3.60233492136616,0.000315371673143041,0.00292596415661761
"ENSG00000179085.8",615.129810050416,-1.17087668135625,0.325161114382899,-3.60091237717147,0.000317102441479682,0.00293936187165434
"ENSG00000205221.13",30.3493953413301,-3.46028536271602,0.961264875650611,-3.59972100340606,0.000318558788944329,0.00295019395145191
"ENSG00000238078.1",23.0994614744574,-3.43595455304698,0.954868396887857,-3.59835403941064,0.000320237492052259,0.00296440159685757
"ENSG00000163701.19",568.3587880244,-1.57558963643954,0.438320931039596,-3.59460277815756,0.0003248868752686,0.00300472732995371
"ENSG00000032742.18",386.823244433838,-1.31652553028997,0.366685634122246,-3.59033844737715,0.000330248867840177,0.00304565404405815
"ENSG00000157570.12",1206.48636641194,-2.20023479716393,0.613265808828502,-3.58773433230682,0.000333563905860891,0.00307388509023447
"ENSG00000188921.14",774.821052682972,-1.44224814743319,0.402271570576377,-3.58525994110577,0.000336742631847163,0.00310178388292643
"ENSG00000205106.6",9.26867772043749,-2.69927422350415,0.753070938651971,-3.58435584878095,0.000337911126984519,0.00311026341329376
"ENSG00000101144.13",79.2881942014387,-2.45590911220334,0.685657775416288,-3.58182930356514,0.000341196708680313,0.00313858111923784
"ENSG00000185551.15",1745.11566665537,-1.55901337744667,0.435607257634908,-3.57894261429711,0.000344987203182223,0.00316918351883884
"ENSG00000157077.16",803.683573555213,-1.70014152369962,0.475416593476641,-3.5761089264192,0.000348746385839793,0.00320138670100585
"ENSG00000185614.7",93.8250483961929,-2.44215171053505,0.682915924528514,-3.57606496322532,0.000348805008293361,0.00320138670100585
"ENSG00000120129.6",26825.4282193779,-2.72495717798942,0.762336684442882,-3.57447992940394,0.000350924729073586,0.0032172487544701
"ENSG00000196683.12",2208.65835277124,-1.72331917747724,0.482141201690531,-3.57430389984255,0.000351160881413582,0.0032172487544701
"ENSG00000272537.2",26.9730731116571,-3.03331645080882,0.848632642395445,-3.57435750084588,0.000351088957289101,0.0032172487544701
"ENSG00000146278.11",5229.90493335368,-1.6109343406239,0.450986625337291,-3.57202242842365,0.000354235065639523,0.00324106907000124
"ENSG00000279108.1",47.9912944888447,-2.23863755997384,0.626703327783777,-3.57208500534116,0.000354150411286559,0.00324106907000124
"ENSG00000206535.8",110.337226865055,-1.35384423036947,0.379209495852863,-3.57017491696668,0.000356742931929432,0.00326255891002724
"ENSG00000186529.16",72.7330367271394,-3.70455328675197,1.03860244903188,-3.56686361581864,0.000361279385787143,0.00329376279509985
"ENSG00000243910.9",95.5905921401923,-3.97201730604823,1.11371475594361,-3.56645836364345,0.000361838267712932,0.00329739192941598
"ENSG00000197748.13",308.052988690031,-3.81082867997653,1.0686593059595,-3.56599026343103,0.000362484829333762,0.00330181649962659
"ENSG00000120645.12",130.682146012837,-2.38264986165411,0.668225550429611,-3.56563717164402,0.000362973250605934,0.00330479730480642
"ENSG00000106034.18",788.281345102385,-1.64625714558011,0.46192735600913,-3.56388753375232,0.000365402564699625,0.00332271347792753
"ENSG00000100490.10",319.157405627873,-1.52714969627925,0.428565050277097,-3.56340232431889,0.000366078949449134,0.00332670285250344
"ENSG00000227954.8",53.803574475752,-3.26948484886319,0.917824147399982,-3.56221271593802,0.000367742226967381,0.00333932091308201
"ENSG00000137393.10",1460.92451450532,-1.64363905787029,0.461492382096283,-3.56157354191683,0.000368638817744588,0.00334598066358346
"ENSG00000279453.1",235.269831297903,-1.76139230528154,0.49462572861376,-3.56106082515769,0.000369359499451845,0.00335103857378789
"ENSG00000117013.17",56.2023132360795,-1.52120053648548,0.427309066415512,-3.55995380403719,0.000370920038158661,0.00336364172998794
"ENSG00000188523.9",89.4476925729354,-4.72606274821108,1.32765531405797,-3.55970612113613,0.000371270033056996,0.00336364172998794
"ENSG00000196196.3",122.188299647557,-1.7005627495896,0.478294293251696,-3.5554736353392,0.000377298780301136,0.00341400449748212
"ENSG00000162630.6",89.8319967490346,-2.57953625496972,0.725562067707143,-3.5552247971305,0.000377656057823268,0.00341572995571605
"ENSG00000154258.17",477.351858156447,-2.93030494745808,0.824677469539354,-3.55327392307066,0.000380468066394738,0.00343813011606774
"ENSG00000143947.15",13078.055566126,-1.06915955170416,0.300909088949318,-3.55309823122104,0.00038072226856541,0.0034389116276058
"ENSG00000198626.19",268.622885324131,-2.28302445500605,0.642814312693,-3.55160799927053,0.000382884823695375,0.00345692224793042
"ENSG00000204632.13",36.2178398519662,-3.07430698724755,0.86593680284127,-3.55026715247611,0.00038484040464969,0.00346999457209202
"ENSG00000107954.11",49.1992416208548,-1.93443826387833,0.545073874088353,-3.54894695166543,0.000386774990960986,0.00348437364440424
"ENSG00000164972.14",158.646967646881,-4.50774709652464,1.27120197149598,-3.54605105844812,0.000391050430786508,0.0035182527568436
"ENSG00000278126.1",41.8823436119528,-1.48330213721444,0.418372760614464,-3.54540801135313,0.000392005785904384,0.00352530115534364
"ENSG00000234742.1",63.8176580584793,-2.3335182336806,0.659252823498324,-3.53964086387645,0.000400671876896637,0.00360007719714664
"ENSG00000179314.17",155.956528001816,-2.92653745088919,0.828301129623212,-3.53318056226779,0.000410591942900027,0.00367792800228141
"ENSG00000183833.16",113.095376059811,-2.11808576067876,0.599532693782328,-3.53289450708049,0.000411036452481162,0.0036803019308619
"ENSG00000118432.13",196.334149063349,-2.53593380568903,0.717831227162807,-3.53277164565852,0.000411227508414594,0.00368040542668391
"ENSG00000010379.16",18.287419538554,-2.29506137701017,0.650255150989396,-3.52947819562539,0.000416380014241727,0.00371702610979828
"ENSG00000246662.7",23.0200367890103,-2.76882434092645,0.784489274817454,-3.52946105167689,0.000416406992499349,0.00371702610979828
"ENSG00000100079.7",242.774674695283,-2.13607988327532,0.605416449668316,-3.52828187018307,0.000418266512228938,0.00373200024662408
"ENSG00000196628.20",3390.40210221889,-1.52473414031835,0.432193961440804,-3.52789320617842,0.000418881116370901,0.00373585837758545
"ENSG00000164330.18",312.530443161657,-2.06074208477063,0.584269192028018,-3.52704218002274,0.000420229811687585,0.0037446293171848
"ENSG00000187391.23",284.361621184561,-1.64528141171797,0.46665187859695,-3.52571475050036,0.000422341603121365,0.00376181243718526
"ENSG00000138434.17",4691.79651548856,-1.33256004361614,0.378205782886684,-3.52337299933723,0.000426091246674424,0.00379356271029631
"ENSG00000126351.13",1859.6424674966,-1.63060301487431,0.462818166127619,-3.52320443364939,0.00042636235209813,0.00379432884870662
"ENSG00000107186.17",998.973260481516,-1.85586469875133,0.526861131677875,-3.52249309574428,0.000427508176922951,0.00380287534040268
"ENSG00000185269.12",131.686967802855,-3.06558329730334,0.871388498103933,-3.51804425233267,0.000434739859331925,0.00385716403104362
"ENSG00000255363.4",24.3158068696959,-2.01596958190844,0.57341751714202,-3.51570979546678,0.00043858009511132,0.00388451242771598
"ENSG00000206557.6",42.5273419341491,-3.1321230572593,0.89116980775991,-3.51461980644561,0.00044038397587412,0.00389519888118536
"ENSG00000183801.8",610.746388125715,-1.53541094261136,0.437239511708588,-3.51160153987794,0.000445415271914122,0.00393315880074383
"ENSG00000171522.6",1185.87995911719,-1.5884003081866,0.452650583784053,-3.5091091563562,0.000449610337659969,0.00396849348402066
"ENSG00000085063.18",9386.52663529868,-1.22356984068015,0.348906583541953,-3.50686945559749,0.000453411527262592,0.00399344929338152
"ENSG00000300260.1",13.7288091835182,-2.88041724978406,0.821563521278458,-3.5060189202434,0.000454862885082658,0.00400451206343273
"ENSG00000122694.16",1922.51127316719,-1.29220884989112,0.368973754387976,-3.50217009888556,0.000461484893315917,0.00405758415632486
"ENSG00000129559.13",704.205698216515,-1.00068509831391,0.285779035224532,-3.50160429902666,0.000462465917889688,0.00406272544147821
"ENSG00000109756.10",1666.75928733581,-1.18616876469297,0.338798289469107,-3.50110611996207,0.000463331307196265,0.00406858463501166
"ENSG00000224957.8",13.0057270943279,-3.0039763901901,0.858283840180563,-3.49998013426203,0.000465292832247979,0.00408406003099852
"ENSG00000125995.16",702.472229026397,-1.65605867182208,0.473223274245098,-3.49952921158386,0.000466080533200391,0.0040874744451415
"ENSG00000287189.3",68.9781319145081,-3.665047283747,1.04748343065116,-3.49890716788584,0.000467169201497244,0.00409002446947032
"ENSG00000120051.15",59.1824595284082,-3.11060203022946,0.889343239537031,-3.49763948489535,0.000469395181708539,0.00410425535426519
"ENSG00000186350.12",3058.6050979425,-1.12081519436824,0.320690733166722,-3.49500337381295,0.000474055762920007,0.00413971012049055
"ENSG00000004838.14",340.329709468194,-3.08783742556245,0.883883162205131,-3.49349049466996,0.000476749955955311,0.00415969408379051
"ENSG00000119535.20",3571.47515661025,-2.19494940673611,0.628286295065275,-3.49354971447861,0.000476644227014276,0.00415969408379051
"ENSG00000163531.17",587.299796574733,-2.83550110447658,0.813504995793666,-3.48553619109644,0.000491151779278221,0.00426856285266757
"ENSG00000151702.18",1896.98844211259,-1.78930242472959,0.513418875871276,-3.48507331697364,0.000492002211363309,0.00426915503249822
"ENSG00000178175.12",147.909725326187,-1.94147248660509,0.557387666133768,-3.4831637019739,0.00049552525884091,0.00429762276742799
"ENSG00000106635.8",1431.94149007391,-1.17987003591795,0.338801673411993,-3.48247995364293,0.000496792414607147,0.00430381392579286
"ENSG00000258334.2",19.7774975155266,-3.49868650929795,1.00503639359312,-3.48115404735718,0.000499258263541538,0.00432036781870946
"ENSG00000225914.6",30.7337976310282,-2.46698438460082,0.709146193883216,-3.47880931446851,0.00050364682597838,0.00434811558730977
"ENSG00000301902.1",33.9863061465874,-2.34960648326223,0.675659982457707,-3.47749836347501,0.000506116140227874,0.00436208715394381
"ENSG00000122592.8",31.57315073166,-2.48936896695442,0.715881135805283,-3.47734958004469,0.000506397101533572,0.00436267486127914
"ENSG00000227888.5",493.288911030797,-1.91026825023727,0.549375978044503,-3.47716013546287,0.000506755057438261,0.00436392511453763
"ENSG00000183153.7",168.437817456091,-1.61818745888388,0.465449352421253,-3.4766134069499,0.000507789425151335,0.00437099679819604
"ENSG00000122733.12",20.2582593721185,-2.24597665436606,0.646135036832477,-3.47601743650433,0.000508919196689428,0.00437888342799834
"ENSG00000168646.14",451.158011355934,-1.87698252283961,0.54109312955787,-3.46887147573524,0.000522649419851105,0.00448197561883189
"ENSG00000116117.20",643.935622895213,-1.38393709589589,0.398992175456378,-3.4685820450311,0.000523212739484871,0.0044849306063536
"ENSG00000146250.7",38.8484408614803,-2.42667939009626,0.700174961112011,-3.46581858089045,0.000528619842402594,0.00452182780501576
"ENSG00000174951.12",341.88076927627,-1.37732264995022,0.397600184711622,-3.4640895626072,0.000532029342626695,0.00454341092928686
"ENSG00000280739.7",169.565478812975,-1.00888792514007,0.291339729914864,-3.46292599857524,0.000534335330607486,0.00456120383795833
"ENSG00000174839.13",823.910904753076,-1.18249855743549,0.341538252034816,-3.462272674848,0.000535634187442266,0.00457038842252028
"ENSG00000145283.8",21.6511066672746,-2.82433497843381,0.816092180874798,-3.46080387071753,0.00053856502975246,0.00459157479003927
"ENSG00000248896.4",44.1156935632586,-2.15200523307646,0.621864242942546,-3.46057078775517,0.000539031493360974,0.00459173316986847
"ENSG00000165966.16",44.116330528263,-2.78428900759202,0.805040923123047,-3.45856828841787,0.000543054586859155,0.00462216324157746
"ENSG00000198774.5",516.495572380637,-2.02800955269832,0.586511451114063,-3.45774928834923,0.00054470803355948,0.0046343126639434
"ENSG00000125868.16",10011.901516853,-1.06296844136843,0.307463769664061,-3.45721527622536,0.000545788654103505,0.00464158049097398
"ENSG00000287917.4",28.8811896043083,-1.97202945093453,0.571232084005415,-3.45223860170262,0.000555955865780652,0.00471435859055686
"ENSG00000184481.18",727.663209741529,-1.12082302820938,0.324999123923224,-3.44869553701984,0.000563301456377895,0.00477072823691547
"ENSG00000205707.11",492.31602454378,-1.12643425372618,0.326763831843812,-3.44724276052865,0.000566339445444935,0.00479249855113617
"ENSG00000163239.12",263.818282546381,-2.25513309224388,0.654526763549622,-3.44544061118887,0.000570129232837786,0.00481572537920789
"ENSG00000138613.14",604.339069425217,-1.14542013134238,0.332495212313362,-3.44492217909853,0.000571223823415958,0.00481990669766288
"ENSG00000157514.18",6080.89055740004,-1.58576613852311,0.460502942311907,-3.44355267430417,0.00057412474437894,0.00484239150915088
"ENSG00000082014.17",506.036809313928,-1.14794735188457,0.333693924490468,-3.44012062442377,0.000581454976660363,0.00489817290116848
"ENSG00000215187.13",146.736576135076,-3.43766707217008,1.00050657511389,-3.43592651730325,0.000590531119394509,0.00497054600659483
"ENSG00000182557.9",39.3942865848281,-1.51841593297206,0.441965313355826,-3.43559977918355,0.000591243696954139,0.00497450174901423
"ENSG00000269887.1",11.3611531018465,-2.61614756329878,0.761526756510041,-3.43539808803065,0.000591683961182018,0.00497616404432982
"ENSG00000125845.7",2058.0941043562,-3.22052586089098,0.937596901419123,-3.434872551324,0.000592832569990349,0.0049790284224375
"ENSG00000159588.15",304.352787946426,-2.76680771672425,0.805482151632914,-3.43497085703915,0.000592617556120048,0.0049790284224375
"ENSG00000260037.5",7.09162921886735,-3.2850940364415,0.95733329430477,-3.43150505261303,0.000600241948727414,0.00503368544650589
"ENSG00000162618.15",1248.42389091341,-1.83702948017089,0.535507856480038,-3.43044356481699,0.000602595307526005,0.00504722801695801
"ENSG00000142609.20",116.202133000112,-3.27726373076975,0.955874264177448,-3.4285510695174,0.000606812357522648,0.00507840023618138
"ENSG00000267275.2",37.433433641146,-3.41268180281221,0.995677686008129,-3.42749651897326,0.000609174113756588,0.00509400735255509
"ENSG00000106538.10",6171.76881129977,-1.74565709717046,0.509472520863475,-3.42640088657157,0.00061163693487838,0.0051125168009565
"ENSG00000278231.2",8.84825934817013,-2.86746385575046,0.837443927626033,-3.42406668811735,0.000616914799939941,0.00515033430699045
"ENSG00000129675.16",1684.21804360901,-1.12905422091574,0.329896314688387,-3.42245175421926,0.000620591101622614,0.00517681039368189
"ENSG00000272865.3",42.1550178709821,-4.1810454833094,1.22223537783013,-3.42081857484124,0.000624329660351006,0.00520587855056406
"ENSG00000269952.1",20.6479352487244,-2.84818867697723,0.833193171570889,-3.41840136736515,0.000629901433212971,0.0052502028400808
"ENSG00000196169.15",188.515327890905,-3.03928016857122,0.88941584079136,-3.41716442318703,0.000632770505157571,0.00527197335950867
"ENSG00000075035.10",25.1096289606425,-3.51659681738694,1.02931735527936,-3.41643595082735,0.000634465868040124,0.00528180599199947
"ENSG00000068831.19",673.148301946104,-2.20842252324871,0.646433084285852,-3.41632038479044,0.000634735211173173,0.00528190372154819
"ENSG00000079335.21",434.01584803899,-1.24925843083452,0.365901282809335,-3.41419527486457,0.000639707083235781,0.00531464912263633
"ENSG00000100024.15",26.8507773027945,-2.26634327366163,0.664092476764676,-3.41269228753019,0.000643245291252657,0.00533971718698157
"ENSG00000176720.6",1058.03923154787,-1.27750182715102,0.374356095849151,-3.41253112027806,0.000643625776450961,0.00534071344409167
"ENSG00000011523.15",812.977044272897,-1.08228461634272,0.317202680880425,-3.41196553994671,0.000644962660801539,0.00534964174638947
"ENSG00000125384.8",184.461921768993,-2.00787515357938,0.588804834652738,-3.41008605128654,0.000649423856183898,0.00538376107954406
"ENSG00000121552.4",273.293949489925,-1.44084583633026,0.422570922616996,-3.40971363435765,0.000650311232830531,0.00538529140466769
"ENSG00000109339.24",309.914105505242,-1.3498188365038,0.395933701157086,-3.40920419898346,0.000651526916625852,0.00539100399455064
"ENSG00000151067.23",452.210942107373,-1.36535188963381,0.400575585509862,-3.40847505195794,0.000653270583821862,0.00539889562703888
"ENSG00000004846.17",12.5290482361948,-3.1090795855032,0.912694625837296,-3.40648394050854,0.000658054217400521,0.00543320989512024
"ENSG00000165030.5",2074.93690319622,-2.12978667239828,0.625227969956709,-3.40641617895909,0.000658217585811484,0.00543320989512024
"ENSG00000046889.19",884.652224306134,-2.57931780850542,0.758434744785381,-3.40084341631172,0.000671782961497828,0.00552602802581552
"ENSG00000174640.15",4164.7893706026,-2.10447947843599,0.619034009817749,-3.39961851054932,0.000674799298544137,0.00554330321207892
"ENSG00000117594.10",433.833031156961,-2.67357647703593,0.786584715734871,-3.3989682529467,0.000676405672892232,0.00555427389546749
"ENSG00000291103.2",16.3265914486764,-3.15199971533813,0.92804510037815,-3.39638635455733,0.000682819051801986,0.00560020873525917
"ENSG00000124205.18",48.7414000979876,-4.40517804952617,1.29745429757234,-3.39524718347974,0.000685666660544614,0.00561682349492879
"ENSG00000116690.13",326.570260600247,-3.1778119090303,0.936349911526071,-3.39382945404573,0.000689226004374993,0.00564372603582462
"ENSG00000068383.19",874.648898854306,-1.10858826073845,0.326957242469774,-3.39062151480231,0.000697343326513031,0.00569338888523042
"ENSG00000165379.14",35.2037589197039,-2.07145157214391,0.610947622162263,-3.39055509343443,0.000697512333188588,0.00569338888523042
"ENSG00000164659.15",1481.79738098583,-2.30034722281198,0.678558571809711,-3.39004961160091,0.000698799760427512,0.00570162765133534
"ENSG00000309713.1",13.7007590940797,-2.79787022790284,0.825612328184845,-3.38884259886733,0.000701882875905901,0.00572450536498592
"ENSG00000149596.7",335.825584437801,-2.32025215461222,0.684907604147752,-3.38768636902399,0.000704848124822148,0.00573955756606566
"ENSG00000141161.12",26.6256965078799,-3.20783364223118,0.947170506732466,-3.38675414767455,0.000707247357031014,0.00575452373355711
"ENSG00000298322.1",52.2765709428797,-2.39545224415304,0.70756455486038,-3.38548932065389,0.000710514741456435,0.00577652428977904
"ENSG00000169252.6",679.504526802967,-2.46851578458841,0.729679403821689,-3.38301420001658,0.000716949251784878,0.00581960706991177
"ENSG00000164236.12",195.96808584029,-1.74417509834656,0.515751216019151,-3.38181480561317,0.000720086723794893,0.00583583327458122
"ENSG00000197168.14",118.753752627249,-3.13332926158156,0.927226051793896,-3.37925067519354,0.000726837013222006,0.00588124156239305
"ENSG00000274286.2",24.924712306286,-2.46171461910345,0.728680414135009,-3.37831863098127,0.000729305231165872,0.00589655932958401
"ENSG00000132938.22",8.50991316344915,-2.76760642954472,0.819680706428018,-3.37644452021485,0.000734291792619234,0.00592986172345994
"ENSG00000131634.14",1501.77327309531,-1.79366338772014,0.531515332337394,-3.374622101365,0.000739171169169832,0.0059598763872034
"ENSG00000141294.10",261.362731127976,-3.26606279113782,0.967825491124458,-3.37464018161288,0.00073912261324024,0.0059598763872034
"ENSG00000153789.14",163.39630605029,-3.93677517079145,1.16684388729658,-3.37386621608178,0.00074120381172163,0.0059715689412732
"ENSG00000172476.4",27.9305956333957,-1.83077684666435,0.54314561821959,-3.37069247224264,0.000749795078572198,0.00603604173185879
"ENSG00000153707.19",408.923741172831,-1.46817147024971,0.435599227865956,-3.37046389508637,0.000750417389044841,0.00603741835484411
"ENSG00000222046.3",57.9049845396536,-2.80427146447404,0.832025970853082,-3.37041337976362,0.000750554983734765,0.00603741835484411
"ENSG00000125910.6",315.101462992496,-1.44481835267114,0.428753711113151,-3.3698095555139,0.00075220150762239,0.00604591913457056
"ENSG00000205482.11",76.8588226567869,-1.76975330910749,0.525163523579391,-3.36990904670086,0.000751929981827705,0.00604591913457056
"ENSG00000135114.14",578.339706208185,-1.73689132575459,0.51546253448465,-3.36957821287847,0.00075283322707702,0.00604862558306709
"ENSG00000163735.7",301.299870860055,-2.90092083144306,0.861076900754731,-3.36894513010442,0.000754564484351855,0.00606016066868407
"ENSG00000297800.1",55.5917355655265,-2.32653888670192,0.69062645068516,-3.36873701317665,0.000755134417423939,0.00606236338874724
"ENSG00000189134.4",17.1582176163088,-2.23224992191163,0.662682030116891,-3.36850830483194,0.000755761201576745,0.00606502061727185
"ENSG00000168060.16",197.281745746355,-1.44815013909745,0.430587823735487,-3.3631934283099,0.000770463588185978,0.00617093180162707
"ENSG00000179820.17",6167.94792895198,-1.66546967751134,0.495279301091729,-3.36268782854482,0.000771875958406024,0.00617983000826127
"ENSG00000148057.16",151.116873070352,-1.57199130362653,0.467530296156258,-3.36233034853668,0.000772876012863766,0.00618542145501899
"ENSG00000157557.13",9954.69717180768,-1.51064168833791,0.450473453790125,-3.3534532959221,0.000798098816934901,0.00637235908973256
"ENSG00000232077.3",11.3473394225441,-2.49536955159819,0.744333106571729,-3.35249034278676,0.000800880354282923,0.00638959174483154
"ENSG00000005102.14",179.717124548263,-3.05332311871163,0.910933865260485,-3.35186036566828,0.000802704939189547,0.00640095208662211
"ENSG00000095794.21",1009.4038189881,-1.22255831253203,0.364768761405334,-3.35159816817076,0.000803465470622962,0.00640095208662211
"ENSG00000170624.14",392.01746782466,-1.29452998378582,0.386248590602917,-3.35154616814295,0.000803616381611297,0.00640095208662211
"ENSG00000179094.17",4526.30337982523,-1.9523868357165,0.582548074089997,-3.35146045889233,0.000803865178650602,0.00640095208662211
"ENSG00000143869.7",41.0672542570014,-2.34922350503639,0.701277673414793,-3.34991914628782,0.000808351523278168,0.00642918527280666
"ENSG00000251209.12",21.8331619537942,-2.27754783867102,0.679952292899557,-3.34957005433241,0.000809370857433919,0.00643479645631061
"ENSG00000289768.1",51.4536229862304,-3.02482581841958,0.903102609067566,-3.34937114348795,0.000809952202212346,0.00643692246285346
"ENSG00000198840.2",42919.6926908724,-1.63761337027453,0.48896543480967,-3.34913933315546,0.000810630189222311,0.0064373204491922
"ENSG00000226251.9",37.4861380294562,-1.67126526107503,0.499056054640149,-3.34885279025443,0.000811468983030603,0.00644027400356406
"ENSG00000179399.16",43.3795255443204,-2.78133277824784,0.830762495063535,-3.34792771071728,0.00081418245801797,0.00645802596487445
"ENSG00000188511.15",191.136568452038,-1.65536875721903,0.494771171104445,-3.34572597171306,0.000820674574155901,0.00650197506510533
"ENSG00000272274.6",162.680296351683,-3.9575181536845,1.1829499474477,-3.34546542922051,0.000821445987717987,0.00650557301358425
"ENSG00000272777.1",25.8500294597258,-2.27025483446437,0.678683142737814,-3.34508799689078,0.000822564681633574,0.0065119174641756
"ENSG00000153093.21",365.172066453193,-2.39916600022079,0.717382664820757,-3.34433227602488,0.000824808856754639,0.006527163565765
"ENSG00000013297.12",187.664446932472,-2.50932105084549,0.751214067355767,-3.34035418116991,0.000836716071877836,0.00660609408462963
"ENSG00000183741.12",1678.85788416323,-1.1542893859911,0.34568556392284,-3.33913100938385,0.000840409191650389,0.00663269825465726
"ENSG00000118137.10",15.3837929678016,-2.71506082258903,0.813163541460507,-3.3388865635965,0.000841149056600119,0.0066359831691146
"ENSG00000134954.14",5617.8681487917,-1.48591910857975,0.445167854362456,-3.33788501127917,0.000844186771731169,0.00665482720783387
"ENSG00000116667.15",1189.72905762975,-1.72339414504731,0.516642075507417,-3.33576033921489,0.000850664633728876,0.00669302672677547
"ENSG00000254003.2",57.0771565028905,-2.94847682431413,0.884092386034614,-3.33503248177357,0.000852894361427882,0.00670285396194607
"ENSG00000075340.23",116.331012911758,-1.82398105928805,0.546955867942548,-3.33478652701765,0.000853649046734994,0.00670364613337967
"ENSG00000102781.14",424.982306890633,-1.05083663248335,0.315486928322692,-3.33084048226719,0.000865842038047493,0.00679159340020115
"ENSG00000166317.12",20.2823015849734,-2.60995480659015,0.784520956146714,-3.32681337081079,0.000878451856386937,0.00687734893598998
"ENSG00000224238.2",8.42327227640886,-3.02486691304146,0.909381065997579,-3.32629194310662,0.000880096959567345,0.00688759849578964
"ENSG00000198420.10",678.329792507785,-1.05197497984738,0.316315776867189,-3.3257113833088,0.000881931984490594,0.00689932598626293
"ENSG00000138650.9",61.3200419921521,-2.8602315004385,0.86061885352994,-3.32345903033252,0.00088908481454081,0.00694733042581737
"ENSG00000230615.9",54.321445729767,-1.84469104381235,0.555046777580097,-3.32348752992471,0.000888993973026881,0.00694733042581737
"ENSG00000254401.2",12.1810415299235,-2.55510363819385,0.768797121082327,-3.32350833285735,0.000888927669794794,0.00694733042581737
"ENSG00000170703.16",42.1025418292417,-2.85004078239129,0.857625537766627,-3.32317620789742,0.000889986768272916,0.00694908175806088
"ENSG00000157404.17",1717.61781234928,-2.241488154439,0.674556148271176,-3.32290819701773,0.000890842268870858,0.00695046799122073
"ENSG00000305435.1",26.9646813549222,-3.47102582853998,1.0445466227144,-3.32299751208811,0.000890557087225963,0.00695046799122073
"ENSG00000049759.20",2641.33377992026,-1.52941530012629,0.460637747778534,-3.32021269968002,0.000899488882755188,0.00700997790486047
"ENSG00000171044.11",73.543366884843,-1.91824756965943,0.577748745598325,-3.32021070452149,0.000899495311533744,0.00700997790486047
"ENSG00000145335.17",183.782169482741,-1.34428010108949,0.405074271772975,-3.31860153745557,0.00090469424345115,0.00704246422464783
"ENSG00000168685.15",4152.20532810688,-1.94404375135408,0.585860640654626,-3.31826993733844,0.000905769039152342,0.00704548117556131
"ENSG00000171385.11",121.901569542058,-2.26142073636134,0.681675964042481,-3.31744238560303,0.000908456497256698,0.0070637057336941
"ENSG00000214870.12",92.3893498930068,-2.06572503522772,0.622884089288934,-3.31638754424743,0.000911892787011129,0.00708505104390913
"ENSG00000028137.19",2979.78958407652,-1.03352655087239,0.311756240049253,-3.31517518529575,0.000915857087894181,0.00711046335864532
"ENSG00000100060.18",989.365971899647,-1.45383919333848,0.438751392939446,-3.31358308311772,0.000921087372663695,0.00714565852784578
"ENSG00000173868.12",99.3145050538681,-1.97896729710865,0.597318891486563,-3.31308338864612,0.000922734638822008,0.00715573034584207
"ENSG00000289365.2",79.1935459684865,-2.99260217067417,0.903534511243371,-3.31210610489687,0.000925964193008889,0.00716992817728635
"ENSG00000163380.16",19.1287941860953,-2.21490462287662,0.66898298345789,-3.31085345613435,0.000930119040525756,0.00718581793780713
"ENSG00000036448.10",62.2207343687996,-2.32859547407826,0.703402559186537,-3.3104734176276,0.000931382982125939,0.00719287256704718
"ENSG00000241399.7",497.535591411576,-2.22321513346871,0.671756893841646,-3.30955313425156,0.000934450279057087,0.00721384356994974
"ENSG00000079156.17",263.869141064598,-2.02302330289786,0.61139440944549,-3.30886784642447,0.000936740414000157,0.00722880144849801
"ENSG00000179144.5",1613.68350859365,-2.37947014601166,0.719274436234909,-3.30815336419734,0.00093913364842933,0.00724454338878667
"ENSG00000144802.11",5916.6203853338,-2.17625034857432,0.658496813286543,-3.30487605203843,0.000950184110427654,0.00730505249351654
"ENSG00000210135.1",3911.16356927848,-1.92286441437795,0.582100575159154,-3.30331990112227,0.000955473213174566,0.00733746170896303
"ENSG00000113594.10",4681.66278516056,-2.43302385070758,0.736763692571224,-3.30231236316301,0.000958912199774322,0.00735835918569338
"ENSG00000241360.2",31.852625105972,-1.63445739758846,0.495039565592789,-3.30167023242126,0.000961109935209743,0.00737246468819325
"ENSG00000135773.13",53.6689405804988,-1.6910966973667,0.512363391328222,-3.30058065425556,0.000964849766261158,0.00739561854482945
"ENSG00000299712.1",26.6768136216344,-2.85439722293285,0.866286764232233,-3.29497960812391,0.000984288221397554,0.00753616343970703
"ENSG00000007237.19",1910.80107155005,-1.59622776441359,0.484608020978547,-3.29385337285668,0.000988240352248003,0.00756077618749741
"ENSG00000203876.11",20.671147863821,-2.77184693991346,0.841745300763406,-3.29297584126646,0.000991329922583468,0.00757315744306324
"ENSG00000019102.12",781.694872165181,-2.20425824532613,0.669780413198589,-3.29101628218646,0.000998261351284932,0.00761471381947405
"ENSG00000177369.12",14.5125877492757,-2.52373258340165,0.766984513854378,-3.29046093866873,0.00100023387805587,0.00762408752254925
"ENSG00000134245.18",190.561683473982,-1.49018900965333,0.452911690255784,-3.29024187653832,0.00100101295759382,0.00762719051746697
"ENSG00000123342.16",1695.12734421961,-2.1044923191848,0.639693088646028,-3.28984689148223,0.00100241911482849,0.00763506743329992
"ENSG00000214212.9",144.706438987385,-1.52077575651291,0.462494829435587,-3.28820055862856,0.00100829982072209,0.00767022015463826
"ENSG00000261618.2",200.598868041968,-3.0985650463846,0.942325032613054,-3.28821260090303,0.0010082566899806,0.00767022015463826
"ENSG00000119471.15",1150.66619400348,-1.28041007751724,0.389424693540219,-3.28795296948728,0.00100918696731082,0.00767236543483172
"ENSG00000137941.17",333.761978192575,-2.15399433900659,0.655765959839777,-3.28469983335652,0.00102091072240886,0.00774426690798046
"ENSG00000166405.16",128.870580322229,-2.00635411890109,0.611518194944374,-3.28093936613545,0.00103461983323174,0.00782221425537741
"ENSG00000145777.15",30.4236127675202,-2.64659818523568,0.8072698966767,-3.27845519340059,0.00104376933121158,0.00787686653189632
"ENSG00000273877.5",33.0062044974905,-3.34117157197837,1.01981200352158,-3.27626225269045,0.00105190834658782,0.00793244896595685
"ENSG00000174059.17",2859.06566675154,-1.8274009168173,0.557857154138966,-3.27575061690807,0.00105381569246476,0.00793807382744214
"ENSG00000213144.2",67.2013954946317,-2.87711566940111,0.878815697055287,-3.27385557522661,0.00106090819720602,0.00798856469904969
"ENSG00000147408.16",814.602652185627,-1.79502410553392,0.548321923218504,-3.27366831331054,0.00106161144799147,0.00799092552482273
"ENSG00000293956.1",7.58276940145964,-2.83668993436375,0.866594812844069,-3.27337516024825,0.00106271323263805,0.00799628334752681
"ENSG00000164591.14",45.164581022115,-2.19117436888237,0.669614207160965,-3.27229372592396,0.00106678684429803,0.00801810757165935
"ENSG00000250722.6",3630.3582103836,-1.68096700949795,0.513694779479425,-3.27230697419474,0.00106673685263898,0.00801810757165935
"ENSG00000272783.1",22.0974091032534,-2.88427175371531,0.881621986943136,-3.27155152257035,0.00106959097423422,0.00803623793906137
"ENSG00000171533.12",266.144789935393,-1.99263628519598,0.609748631873223,-3.26796351977758,0.00108324327038608,0.00812411376293116
"ENSG00000300027.1",22.1450120432408,-1.97027142943753,0.60294225556513,-3.26776140045256,0.00108401710614605,0.00812675932154246
"ENSG00000154134.15",393.978380274497,-1.41697577273294,0.434142367987133,-3.26385047214498,0.00109909154689572,0.00822173406696453
"ENSG00000260778.6",103.782956410036,-2.05230411243115,0.628897963201731,-3.26333401046942,0.00110109664438245,0.00823372924741715
"ENSG00000163576.18",82.0623838090197,-3.04748791408549,0.933927781655801,-3.26308733281547,0.00110205553254247,0.00823489309010601
"ENSG00000250305.9",141.466471596816,-2.30063217559218,0.705074174539959,-3.26296474706831,0.00110253233640926,0.0082354546541841
"ENSG00000180211.5",30.0853936755644,-1.53835610267811,0.471515548177163,-3.26257767877487,0.00110403911179305,0.0082401458962676
"ENSG00000179902.13",110.2530432672,-3.73214677045952,1.14464992275526,-3.26051371363915,0.00111210589207268,0.0082888474049648
"ENSG00000251600.10",45.0286623056166,-1.9013315583881,0.583122098702261,-3.26060624802166,0.00111174306783847,0.0082888474049648
"ENSG00000027075.18",1835.02706066671,-1.13090232958348,0.34687077603532,-3.26029866946278,0.00111294949604425,0.00828910877838403
"ENSG00000304816.1",39.51742806059,-3.18701132078365,0.977518862609826,-3.26030672418414,0.00111291788724581,0.00828910877838403
"ENSG00000113645.15",1358.30319102963,-1.58586436231956,0.486829098302348,-3.2575381542511,0.00112383149232923,0.00836711725443668
"ENSG00000157510.14",989.818645270029,-2.00433676482339,0.615629282751432,-3.25575280608065,0.00113092165837533,0.00841684852389389
"ENSG00000171223.6",29107.7882047513,-2.22726161387353,0.68440953052436,-3.25428199716493,0.00113679373406415,0.00845725241571185
"ENSG00000124731.14",1630.52805777554,-1.63626342809088,0.502866871471509,-3.25387000202018,0.00113844363454971,0.00846361431573864
"ENSG00000149090.13",216.365178731736,-1.90045031566054,0.584246451437857,-3.25282303552456,0.00114264634435712,0.00848532056065457
"ENSG00000267480.1",34.2977033577909,-2.20496936202568,0.677882596656702,-3.25273044757385,0.00114301869823098,0.00848532056065457
"ENSG00000129245.13",1307.61295184556,-1.07300245807534,0.330000871320425,-3.25151401504476,0.00114792115975898,0.00851105320829392
"ENSG00000286646.3",84.1698140295945,-1.80319490348185,0.554640701792878,-3.25110453966507,0.00114957579317654,0.00851857682084997
"ENSG00000185386.15",849.28445383531,-1.69029451762425,0.519945343598754,-3.25090807800112,0.00115037044991795,0.00852138573161762
"ENSG00000185345.25",78.2615725729943,-1.6750469691393,0.515301753318865,-3.25061375854235,0.00115156187624064,0.00852713062854388
"ENSG00000159708.18",391.356605797136,-2.84927264416796,0.878524430261259,-3.24324804868617,0.00118175278302028,0.00873491674947648
"ENSG00000120693.16",377.480590048298,-2.21716069183204,0.684100352196374,-3.24098750236514,0.00119116405987206,0.0087949686293182
"ENSG00000270091.1",27.1744069484917,-2.15306601698331,0.664322110182053,-3.24099707654361,0.00119112405432391,0.0087949686293182
"ENSG00000019991.18",608.783641470825,-2.08169781351019,0.642434290841055,-3.24032798869578,0.00119392281684599,0.00880382871811272
"ENSG00000216863.12",24.8742352457366,-2.73390218799278,0.843721430000535,-3.240290089575,0.00119408152872959,0.00880382871811272
"ENSG00000204020.6",30.8001635354408,-3.8884786826039,1.20039918844417,-3.23932131913863,0.00119814511618748,0.00882744069791881
"ENSG00000108622.11",506.331969995765,-1.46347735917307,0.451868274616731,-3.2387256228917,0.00120065015229631,0.00884271936878
"ENSG00000068001.14",3439.0767044706,-1.55107604299865,0.479005033564446,-3.23812055054318,0.00120319956949371,0.00885831381432639
"ENSG00000198939.8",53.0705907994469,-1.7870015883844,0.551884628874837,-3.23799847810161,0.00120371451643817,0.00885892406498504
"ENSG00000129353.15",6704.57142785322,-1.05261450196107,0.325192316938958,-3.23689843557606,0.00120836409687869,0.00888039334853072
"ENSG00000237781.3",50.1912143539796,-1.84653758441834,0.570622484967809,-3.23600564832721,0.00121214985575083,0.00890502351928165
"ENSG00000251867.4",40.5841540673059,-1.86658669483455,0.576952633755028,-3.23525118983528,0.00121535758568531,0.00892539109487524
"ENSG00000230960.4",45.6992193976861,-2.39662248700976,0.740898818249086,-3.23475004680602,0.00121749262656525,0.00893274312186465
"ENSG00000300853.1",10.6384871110981,-3.26453579799277,1.00922071508304,-3.23470946365202,0.00121766567623935,0.00893274312186465
"ENSG00000151023.17",136.340901873168,-3.48825724886389,1.07846162749286,-3.23447507072939,0.00121866559020827,0.00893575933912233
"ENSG00000181585.7",42.1977164375254,-2.60262012473031,0.80466641256084,-3.234408798607,0.00121894844281726,0.00893575933912233
"ENSG00000147883.12",884.356552162775,-1.44061917603362,0.445740411007345,-3.23196896771804,0.0012294040648061,0.00900596675412082
"ENSG00000154330.13",798.524062017481,-2.7743264371085,0.858555344353175,-3.23138916478197,0.00123190089565288,0.00902103427302379
"ENSG00000166025.18",1912.81286525903,-1.89291794173832,0.585827878482453,-3.23118446776858,0.00123278350933668,0.00902427457173839
"ENSG00000130958.13",201.167105133633,-1.26097742862834,0.390417934195915,-3.22981430457438,0.00123870644002458,0.00906116191447165
"ENSG00000155090.15",4503.38855564747,-1.80308839721899,0.558453188368235,-3.22871895939479,0.00124346027879346,0.00908945082223927
"ENSG00000196358.12",142.511600302674,-1.52377009786667,0.472081425396271,-3.22776965136385,0.00124759393247374,0.00911641696059928
"ENSG00000151617.17",1216.83439188748,-1.27195572800932,0.394177185975869,-3.22686287604475,0.00125155422755367,0.0091388418382338
"ENSG00000172232.10",19.5422766273256,-2.46899928775143,0.765355510937303,-3.22595088487406,0.00125554900793005,0.00915822727093478
"ENSG00000206384.11",883.478259112327,-2.62151237338218,0.812897625614009,-3.22489854906645,0.00126017316606697,0.00918215728395063
"ENSG00000187905.11",32.9258479155661,-3.68697161535751,1.14360295418978,-3.2239962321273,0.00126415062959214,0.00920132925422691
"ENSG00000303969.1",26.7098055479201,-2.48860204082504,0.772337014620223,-3.22217114254034,0.00127223118069599,0.00925357507236277
"ENSG00000115594.12",5674.6982461415,-1.33315430468345,0.413816733565353,-3.22160559626791,0.00127474478715417,0.00925904023755542
"ENSG00000127954.13",9645.74248208255,-2.8852439612017,0.895594679631769,-3.22159569146613,0.00127478885049839,0.00925904023755542
"ENSG00000258633.2",18.9670398288823,-2.63641962213754,0.818330440472612,-3.22170542820688,0.00127430074479015,0.00925904023755542
"ENSG00000107165.13",53.6956368961542,-2.26665877906294,0.704019806000077,-3.21959518715968,0.00128371734060247,0.00931728862007538
"ENSG00000034239.11",260.226492652038,-3.23715366485255,1.00589243404793,-3.2181906884671,0.00129002023691494,0.00935310287754739
"ENSG00000119139.21",107.783305680221,-1.29453984947597,0.40239857359675,-3.21705874328782,0.00129512078279838,0.00938204503934121
"ENSG00000129116.20",5921.54098497874,-1.17537303253712,0.365358874226118,-3.21703704344592,0.00129521874388527,0.00938204503934121
"ENSG00000130032.17",48.8668393720114,-2.26308727343201,0.70356636759677,-3.21659388177156,0.00129722083565824,0.00938871020626073
"ENSG00000139132.16",978.8191246767,-1.54079743271717,0.479157434487171,-3.21563920711415,0.0013015435209222,0.00941335038906131
"ENSG00000284791.2",109.447497796541,-3.73733275218898,1.16244472352369,-3.21506276948816,0.00130416001406801,0.00942562457823424
"ENSG00000178878.13",1952.6443595373,-2.46722771642755,0.767815081713329,-3.21330978667688,0.00131214679032814,0.0094800062681072
"ENSG00000123405.14",140.452070431485,-1.42297384481224,0.443027436580058,-3.21193164874134,0.0013184573981077,0.00951889101788741
"ENSG00000249669.13",747.823570933927,-2.74063719405376,0.853606983446268,-3.21065460709914,0.00132433006565712,0.00955456145891397
"ENSG00000298309.1",56.0750241670173,-2.5045599461592,0.780322921776365,-3.20964548940546,0.00132898770636214,0.00958408234681936
"ENSG00000162944.11",229.734088231173,-1.40788091905961,0.438972525928269,-3.20721875721595,0.00134025037319862,0.00965243893644693
"ENSG00000145506.14",818.380009187822,-1.93392155116399,0.603171976420042,-3.20625232399263,0.00134476013709025,0.00967133000733025
"ENSG00000174282.12",4122.89133041568,-1.07506496536626,0.335472529823508,-3.20462890339144,0.00135236718813549,0.00971241219808412
"ENSG00000065675.16",239.678677072636,-1.78990708986031,0.558602348807413,-3.20425987051731,0.00135410193675544,0.00972146572522185
"ENSG00000184897.7",2229.69587919766,-1.31344933248603,0.410133594834214,-3.20249145407598,0.00136244342624656,0.00977450665212015
"ENSG00000088926.15",112.722161791849,-4.03029285575082,1.26009581990425,-3.19840189300611,0.00138191544615346,0.009903807867155
"ENSG00000111678.11",594.979382053538,-1.14124750356935,0.357007109705547,-3.19670805578812,0.00139005538461724,0.00995866373381966
"ENSG00000005249.14",371.890198486286,-1.62227118035847,0.508050904613945,-3.19312723513639,0.00140740918407551,0.0100724320803784
"ENSG00000261730.1",10.4893111147744,-2.31958611216778,0.726767504275722,-3.19164808349462,0.0014146357502999,0.0101135604686713
"ENSG00000127955.17",777.490067750326,-1.63877373296001,0.513792081303256,-3.18956595983961,0.00142486618797003,0.0101796015045776
"ENSG00000226781.1",11.3026644284605,-2.16086421207447,0.678099644167125,-3.1866470225457,0.00143932313828593,0.0102685739830949
"ENSG00000137976.8",29.2258681149009,-2.96397866270191,0.93039527903511,-3.18571980048714,0.00144394371575935,0.010290796645092
"ENSG00000165092.13",4619.87833010032,-2.14903633098093,0.675015275660391,-3.18368547864114,0.0014541291895771,0.0103525919802392
"ENSG00000099860.10",9659.57657538978,-2.14247130345748,0.673179832359518,-3.18261362041707,0.00145952238275811,0.0103873817896815
"ENSG00000153162.9",461.463827996705,-2.27157923184759,0.714061559622047,-3.18120924062896,0.00146661660208921,0.0104233992406368
"ENSG00000259869.3",14.1988872421226,-2.66442375320698,0.837727151045209,-3.18053885430674,0.00147001424901616,0.0104403090273043
"ENSG00000168734.14",1444.00989575201,-1.73141839166245,0.544592928597436,-3.17928915478504,0.00147636733782293,0.0104781709569821
"ENSG00000118515.12",6360.28581822258,-1.2140534629504,0.382281837610953,-3.17580733245804,0.00149420153698195,0.0105842330062826
"ENSG00000189350.13",177.614166879929,-2.61726291406796,0.824135652862152,-3.17576712641715,0.0014944086301789,0.0105842330062826
"ENSG00000169871.13",2480.8739887775,-1.11267751222022,0.350470926280965,-3.17480689205076,0.00149936246796801,0.0106083257568033
"ENSG00000172348.16",615.857005074332,-1.34681232266829,0.42424207161083,-3.17463168505306,0.00150026798924659,0.0106110710077655
"ENSG00000245105.5",71.0680491020764,-1.87117543974236,0.59033007423641,-3.16971050841805,0.00152590881899925,0.0107849825662739
"ENSG00000189221.11",3465.85791190192,-2.10777832298816,0.666382351964972,-3.1630164225882,0.00156143523048382,0.0109848572922415
"ENSG00000250899.3",179.001961293419,-1.86769931608894,0.591492081628106,-3.15760662585376,0.00159070051371201,0.0111621229750688
"ENSG00000110900.16",237.371099328872,-1.50879541388576,0.477867500732795,-3.15735096354549,0.00159209598188614,0.0111642736021181
"ENSG00000157856.12",207.477363220588,-3.86193428378604,1.22346638801554,-3.15655119062984,0.00159646862066619,0.0111911085805605
"ENSG00000117400.18",25.9111596562805,-1.69339919404985,0.536628117628845,-3.15562889535557,0.00160152485605249,0.0112227155326385
"ENSG00000066468.24",1466.74593219652,-2.05770991054314,0.652251100736885,-3.154781813658,0.00160618173581851,0.0112515033519722
"ENSG00000188677.15",816.685056920211,-1.14651048797416,0.363450153957205,-3.15451919745,0.00160762801250013,0.0112577885137645
"ENSG00000167779.9",997.719565839148,-1.73358977643429,0.549610719892051,-3.15421390757223,0.00160931080775423,0.0112657250946374
"ENSG00000188396.4",60.5759273445818,-2.09428757237686,0.664102868673929,-3.1535589908815,0.00161292626009911,0.0112871809000246
"ENSG00000226807.7",22.311450898958,-3.48042953183655,1.10503294409227,-3.14961608198529,0.00163485145575484,0.0114094602616736
"ENSG00000136141.15",1120.31523339972,-1.02746772419871,0.326515405363027,-3.14676645365737,0.00165086766659013,0.011505571256208
"ENSG00000131044.19",60.4221871028919,-2.57695731737405,0.818949299935132,-3.14666282464392,0.00165145282041631,0.0115057385762202
"ENSG00000260633.1",30.2518281708322,-2.67717853307534,0.851338843201439,-3.14466860575499,0.00166275065913648,0.0115726542820551
"ENSG00000136098.18",376.944091820053,-1.42220872356423,0.452294119787711,-3.14443337055047,0.00166408801455176,0.0115780321175328
"ENSG00000272888.9",1862.61430153305,-1.55777450998651,0.495555747389159,-3.14348994677927,0.00166946150178366,0.0116114785049431
"ENSG00000103994.18",3111.54580865405,-1.41777787955196,0.451040217646746,-3.14335135555996,0.00167025222340267,0.0116130388567814
"ENSG00000265107.3",1361.78915003391,-1.87538888105069,0.596912068019378,-3.14181766717071,0.00167902559901607,0.0116700816549917
"ENSG00000214575.10",37.399491283541,-2.03709142951134,0.648478568449113,-3.14133963499088,0.0016817688084835,0.0116812288784369
"ENSG00000173482.17",3269.37435469803,-1.17543737818965,0.374218622019522,-3.14104459004803,0.00168346399441514,0.0116890435968466
"ENSG00000137857.18",2244.9163959135,-2.67054350718295,0.850273542314853,-3.1408051342071,0.00168484094756166,0.0116946441397442
"ENSG00000100034.14",2256.53959984926,-1.2462753480546,0.396836135159825,-3.14052889249277,0.00168643071905361,0.0116988503613741
"ENSG00000304731.1",10.339201874099,-3.28996240178657,1.04793902282796,-3.1394597682872,0.00169259654415898,0.011732589432534
"ENSG00000185904.13",119.0301200805,-1.98254935141192,0.631603738316139,-3.13891326339742,0.00169575633558798,0.011750519738052
"ENSG00000280304.1",13.0649041283403,-3.15778633994055,1.00703079358102,-3.13573960207453,0.00171421335912372,0.0118503812257157
"ENSG00000204882.4",26.8119922856118,-2.28065650101694,0.727899288201921,-3.13320336752999,0.00172909593412189,0.0119452099168582
"ENSG00000254703.5",65.163506643855,-2.44579178437704,0.780669613393271,-3.13294092970537,0.00173064267850474,0.0119518684675181
"ENSG00000229111.2",19.0244797872278,-2.37321924246848,0.757822176427496,-3.13163076548676,0.00173838351478324,0.0120012847094665
"ENSG00000114541.15",1667.23478200825,-1.34727531015392,0.43070725424993,-3.12805344432887,0.00175968181049607,0.0121238292481222
"ENSG00000116176.8",6.33291422701081,-2.75482026387633,0.881093891756621,-3.12659103604055,0.00176845742767861,0.0121679366097726
"ENSG00000099204.23",3931.4613762686,-1.30142797785495,0.416708312777356,-3.12311498942978,0.00178947819312607,0.0122837163949973
"ENSG00000102174.10",157.679842124439,-2.34057862700244,0.749562447814509,-3.12259323266105,0.00179265317323113,0.0122937959006239
"ENSG00000260695.1",26.8131385130949,-2.46224001016183,0.788783334593604,-3.12156697812387,0.00179891322228308,0.0123278464938811
"ENSG00000188817.8",319.95544858307,-5.24217629415693,1.67995860710571,-3.12041991510036,0.00180593396590626,0.0123718242689415
"ENSG00000141298.19",1311.94176000233,-1.02329326051529,0.328004022482718,-3.11975826628531,0.0018099951141979,0.0123913655497542
"ENSG00000304975.1",23.7601283371233,-1.63698227493985,0.524706749896654,-3.1198041101287,0.00180971345790489,0.0123913655497542
"ENSG00000106258.16",358.726764578197,-2.19312693482529,0.703176527125702,-3.11888530151867,0.00181536614542475,0.012419842324254
"ENSG00000149201.10",86.5209207512703,-2.76340346660922,0.886505969829648,-3.11718540050017,0.00182586706441681,0.0124791927629341
"ENSG00000197879.17",7669.19148679605,-1.01481241997101,0.325847343921101,-3.11437990489416,0.00184331979684858,0.012577513848447
"ENSG00000232354.8",79.7995726128385,-2.76308889860456,0.887480041008045,-3.11340962154608,0.00184939142519557,0.0126147444385263
"ENSG00000158104.11",21.6145623709973,-1.75042740209305,0.562681805693382,-3.11086547384633,0.00186539899803494,0.0126985860078713
"ENSG00000115137.12",276.389885378533,-1.12070037598007,0.360264938108383,-3.11076726440395,0.00186601946790994,0.0126985938168023
"ENSG00000163412.13",965.200950660279,-1.21092842504395,0.389368875607957,-3.10997745557659,0.00187101623783864,0.0127283732384351
"ENSG00000115380.20",5379.10913409309,-1.43117473866965,0.460283153484422,-3.10933547716315,0.00187508680282055,0.012743380777273
"ENSG00000133639.6",4613.53805465045,-1.19200859827251,0.383800163191745,-3.10580534505136,0.00189761587984519,0.0128794160875027
"ENSG00000183011.14",943.395061740095,-1.02091144174061,0.328833899789404,-3.10464171240992,0.00190509641647672,0.0129216331205553
"ENSG00000160188.10",367.637295340165,-3.17611218611444,1.02386714775992,-3.10207451529561,0.00192169579392833,0.0130151682849452
"ENSG00000177000.13",1412.58075923421,-1.12066471491138,0.361722737134867,-3.09813180058278,0.00194744797197923,0.0131696811403239
"ENSG00000250120.8",43.1053872325852,-1.6922848603626,0.546307034556202,-3.09768088880157,0.00195041324341014,0.0131853851443724
"ENSG00000162733.19",2330.37841192372,-1.18361963024192,0.382309034389898,-3.09597609203974,0.00196166177415226,0.013248324445724
"ENSG00000261655.1",48.7903044727714,-2.60226174470218,0.841026988167548,-3.09414772809141,0.00197379178427468,0.0133127061660421
"ENSG00000161544.10",851.238495508731,-1.79112909569463,0.579035253683639,-3.09329886962846,0.00197944678049871,0.0133420699498177
"ENSG00000120885.22",11333.4574335921,-2.28250743042396,0.738206520497648,-3.09196324747342,0.00198837465499106,0.0133838033702013
"ENSG00000133661.17",10512.8183128674,-3.30178251729222,1.067886754738,-3.09188451176388,0.00198890211027134,0.0133838033702013
"ENSG00000138670.19",1170.50787951839,-1.4756479721171,0.477228663303384,-3.09211932473343,0.00198732946347283,0.0133838033702013
"ENSG00000124785.9",554.911439951843,-1.91227288362723,0.618520296087511,-3.09168978887748,0.00199020712225275,0.0133881912187239
"ENSG00000134508.13",1162.29781053315,-1.40080017518175,0.45325589566123,-3.09052830551316,0.00199800759848253,0.0134274492950789
"ENSG00000233270.1",28.9647787478924,-1.4754216002991,0.477796621554818,-3.0879699305907,0.00201528861280074,0.013521425954472
"ENSG00000099864.18",959.713855623716,-1.99348727782991,0.645692860365978,-3.08736149986234,0.00201941850812091,0.0135402737379042
"ENSG00000210140.1",4385.45527219835,-1.59392421312875,0.516651266958597,-3.08510656039189,0.00203479236740925,0.0136344387912939
"ENSG00000236581.10",7.36981226143833,-2.51186874405803,0.814310307004947,-3.08465792763541,0.00203786386153107,0.0136505588424806
"ENSG00000165879.9",237.517525593587,-1.24687772764866,0.404297360716745,-3.08406101251359,0.00204195714328112,0.0136690464465674
"ENSG00000170909.14",594.24870820307,-1.19102673946293,0.386379737172296,-3.08252898606798,0.00205249740174763,0.0137351196884574
"ENSG00000169194.10",43.201646806615,-3.45382462264797,1.12056758961785,-3.0822099930856,0.00205469832504292,0.0137453619760783
"ENSG00000106852.16",286.379920896229,-2.38857364508186,0.775103082889912,-3.08162062286767,0.00205877043925554,0.0137675949947104
"ENSG00000107438.9",4983.99421693899,-1.22989335635361,0.399283517216819,-3.08025075747306,0.00206826381921906,0.0138140074510083
"ENSG00000250073.5",96.899562648678,-2.03608669891024,0.661036100791138,-3.0801444829918,0.00206900199385712,0.0138140074510083
"ENSG00000286214.1",128.831089833409,-2.03289619220199,0.659993201300109,-3.08017747485493,0.0020687728089671,0.0138140074510083
"ENSG00000289210.1",21.2423425203573,-2.40011922569543,0.779313161637949,-3.07978787455725,0.00207148073597005,0.0138260550163834
"ENSG00000007350.18",10.6598482131952,-3.49572194850685,1.13539928811047,-3.07884810666424,0.00207802600326626,0.0138607173620597
"ENSG00000156096.15",28.1229903304602,-3.05474651614537,0.992586574498866,-3.07756179120963,0.00208701564999439,0.0139071072107523
"ENSG00000150457.9",1306.09981182817,-1.41028023823952,0.458335779770377,-3.07695864142673,0.00209124314287763,0.0139307502929054
"ENSG00000170667.16",207.615684138516,-1.39387496147215,0.453134448111782,-3.07607370677831,0.00209745989023762,0.0139585581270471
"ENSG00000152931.10",7.49857582884328,-3.09943773943539,1.00999525838668,-3.0687646438918,0.00214945855223945,0.0142537186788867
"ENSG00000100448.4",104.434006077834,-2.77534535809696,0.904416860811067,-3.06865725126805,0.00215023130719205,0.0142542330173507
"ENSG00000173530.6",785.695054198755,-1.58698482978213,0.517539328357632,-3.06640431523975,0.00216650138036817,0.0143325607296416
"ENSG00000198400.14",59.6758722259425,-1.7623535346727,0.575106408018255,-3.06439557984677,0.00218110299750215,0.014407646862366
"ENSG00000259471.2",24.881383256708,-3.50860615422641,1.14516809678647,-3.06383505100441,0.00218519358304175,0.0144300190746177
"ENSG00000265666.1",108.447836568023,-1.41949756944538,0.463421222404454,-3.06308278693051,0.00219069445157755,0.0144570321966998
"ENSG00000197558.14",64.510843631183,-1.33189589342643,0.434861949517594,-3.06280164292126,0.002192753549933,0.0144659648609479
"ENSG00000151948.12",122.436673793143,-2.05025294900513,0.669972389647931,-3.06020513783043,0.00221185436711715,0.0145825922647492
"ENSG00000148468.17",764.006330730837,-2.04283281503548,0.667603704452913,-3.05994829179317,0.00221375208253051,0.0145904123112201
"ENSG00000108691.10",6705.83238902649,-2.06365960586641,0.674471051989072,-3.05967113011077,0.00221580157455059,0.014599227340805
"ENSG00000143772.11",1757.64170834478,-1.0337339918662,0.33788381863796,-3.05943621696142,0.00221754001808865,0.0146059879636652
"ENSG00000174326.15",131.155414250996,-2.09553931406887,0.685318351228392,-3.05776039750394,0.00222997800655631,0.0146784812348092
"ENSG00000225434.6",204.482244470579,-1.39703155353559,0.456941242972899,-3.05735491164331,0.00223299712626887,0.0146889230275961
"ENSG00000126524.12",2656.22635575173,-1.15564639975709,0.378024303728578,-3.05706905180057,0.00223512779897757,0.0146982233451687
"ENSG00000159335.19",5224.7214394777,-1.19977995346519,0.392507183341575,-3.05670827028176,0.00223781956398131,0.0147112062647877
"ENSG00000151276.24",1220.55551741192,-1.31351088533691,0.430033203629534,-3.05444062051654,0.002254806457314,0.0148133776356188
"ENSG00000136059.16",448.643669094232,-1.04655689145103,0.34287047455116,-3.05233891259094,0.00227065569235958,0.0149031767977403
"ENSG00000117020.19",1210.74255638562,-1.4559036051756,0.477382398924444,-3.04976389673309,0.00229021330448068,0.0149979347157687
"ENSG00000153179.14",1843.43487618739,-1.02313761120007,0.335552241649041,-3.04911570899348,0.00229516063238253,0.0150121464532027
"ENSG00000261786.1",80.5861690489408,-2.61877101671361,0.859142233737805,-3.04812278325595,0.00230275817769126,0.0150489346272664
"ENSG00000198947.18",534.080692580327,-1.47350109892874,0.483511192489402,-3.0475015300934,0.00230752351335147,0.0150727656162061
"ENSG00000112406.5",1320.11557149445,-1.12373998887862,0.368787405918147,-3.04712137899861,0.00231044392312056,0.0150822483921248
"ENSG00000136830.12",10620.3216092585,-1.15366069175851,0.378779732075433,-3.04572973172904,0.0023211637863152,0.015137767899048
"ENSG00000133665.13",93.541441755274,-4.30970056983888,1.41676871538888,-3.04192245567474,0.00235072444151174,0.0152867916107696
"ENSG00000183615.6",267.50156924055,-1.59133715235403,0.523177046194958,-3.04167998945624,0.00235261863609143,0.0152942588821873
"ENSG00000134463.15",494.286499469123,-1.06178315033597,0.349119779986233,-3.04131478994927,0.00235547428557217,0.0153079698102605
"ENSG00000279662.1",136.231805592139,-3.14266639885071,1.03347281778525,-3.04087959041389,0.00235888143937321,0.0153252550801357
"ENSG00000263400.9",49.0603320613031,-1.50985924498488,0.496613751984836,-3.04030897040278,0.00236335563003943,0.0153494595623467
"ENSG00000128284.21",2612.04535791175,-1.62864836060691,0.535944859152529,-3.03883568018963,0.00237494354627149,0.0154132124935441
"ENSG00000160111.15",1549.33960010473,-2.37361913530376,0.781284090648254,-3.03809992257016,0.00238074997837325,0.0154428654085938
"ENSG00000146006.8",25.9362438931979,-2.40113340691341,0.790655058431499,-3.03689122242104,0.00239031698410576,0.0154706627026845
"ENSG00000147852.17",613.861786777626,-1.75099608937201,0.576530546447921,-3.03712630694094,0.00238845350979096,0.0154706627026845
"ENSG00000198948.12",203.870526048112,-2.24214474456745,0.738256771533885,-3.03707982238878,0.00238882187927239,0.0154706627026845
"ENSG00000291237.1",20472.7831292076,-1.77149538617832,0.583426177984209,-3.03636595858452,0.00239448546979443,0.015487864376235
"ENSG00000266010.5",115.470166609023,-2.19970879495591,0.72448081854177,-3.03625539649686,0.00239536373614455,0.0154886591125537
"ENSG00000198695.2",38092.4800046498,-1.10916760950973,0.365359404572423,-3.03582608146567,0.00239877686018896,0.0155058388213476
"ENSG00000177453.7",105.293185004121,-2.79438542604976,0.920785076910795,-3.03478574546933,0.00240706617270941,0.0155545177451099
"ENSG00000277013.2",28.4919865989079,-2.25184054754906,0.742074083585951,-3.03452255961751,0.00240916736764903,0.0155631908337352
"ENSG00000308044.1",15.5850401540209,-2.54613865413786,0.839129696050576,-3.03426117097446,0.00241125587584287,0.0155717765285928
"ENSG00000223573.7",144.154000569159,-2.24135522552647,0.738754115010119,-3.03396648490516,0.00241361241936088,0.0155820872312895
"ENSG00000147576.17",94.9910845829523,-1.68079017619401,0.554029594516182,-3.0337552232418,0.00241530313230018,0.0155831892462816
"ENSG00000114113.6",19.4705977770586,-3.05145179115285,1.00611190870156,-3.03291489223193,0.0024220389820827,0.0156217323965472
"ENSG00000114861.24",1438.24336168078,-1.22666023374965,0.404484108217908,-3.03265371575194,0.00242413599665447,0.015630341030001
"ENSG00000112195.9",55.2078732579519,-1.95894284798385,0.646487580118729,-3.03013222253099,0.00244446697405324,0.0157515244613412
"ENSG00000100311.17",1206.48089951286,-1.51205141697567,0.499089497231196,-3.02961978836279,0.00244861779728277,0.0157733142681389
"ENSG00000130558.20",575.488335072464,-2.07872454243851,0.686344911772548,-3.02868791883371,0.00245618266774213,0.0158071467104158
"ENSG00000113361.13",238.169242627738,-2.10936447046004,0.696499473444422,-3.02852270659808,0.00245752608224638,0.0158108298683338
"ENSG00000250334.9",11.9972354331797,-2.43535250767168,0.80433014654534,-3.02780210107965,0.00246339351336088,0.015843607464853
"ENSG00000154240.18",498.975279313952,-1.08194224183994,0.357638013587603,-3.02524396382411,0.00248432646764878,0.0159444412345873
"ENSG00000169926.11",3919.72459353083,-1.39163366311059,0.460024963262479,-3.02512640453505,0.00248529234226204,0.0159444412345873
"ENSG00000225792.4",75.1481329099465,-2.68963709741985,0.889302876038398,-3.02443314858201,0.00249099516764821,0.0159660409244948
"ENSG00000188906.17",5889.17823114284,-2.89185279472362,0.957152259514308,-3.02130906130969,0.00251684320167055,0.0161132814891042
"ENSG00000230896.1",40.9746139672212,-1.32894072067224,0.439960906832875,-3.02058819325294,0.00252284224276679,0.0161449305073939
"ENSG00000204387.15",2657.76107276886,-1.07431466052964,0.355710518387542,-3.0201936827721,0.00252613088142727,0.0161609321662355
"ENSG00000165164.14",66.091404299654,-3.20248387584303,1.06060958236389,-3.01947477101359,0.00253213381372038,0.0161942831305435
"ENSG00000186431.19",113.78454193333,-2.42322660862283,0.802708141098437,-3.0188140428062,0.00253766241522671,0.0162245806553815
"ENSG00000180537.13",95.5849672240707,-3.10952706316657,1.03017902464308,-3.01843367879084,0.00254085009216545,0.0162393543665468
"ENSG00000168743.13",4457.58608521217,-2.08740476721679,0.692126077128856,-3.01593139775337,0.00256191215677798,0.0163490341931452
"ENSG00000147231.14",133.679533685903,-1.92747373320364,0.639255764135847,-3.01518397070572,0.00256823425700701,0.016379183578747
"ENSG00000065054.14",4842.79349238412,-1.45024712848988,0.482258356887121,-3.00719958043014,0.00263666593325301,0.0167717393561913
"ENSG00000172771.13",100.685371150137,-2.814538324127,0.935956033521956,-3.00712664198128,0.0026372986765833,0.0167717393561913
"ENSG00000275210.1",11.7832547961604,-2.59023883801635,0.861388765939204,-3.00704970907313,0.00263796622238183,0.0167717393561913
"ENSG00000006652.15",299.814946921538,-1.79835236310472,0.598195206981729,-3.006296844434,0.00264450697468681,0.016805378313633
"ENSG00000257017.10",1403.81882168199,-3.3401840568794,1.11119991277929,-3.00592541311946,0.00264773936078469,0.0168182304378963
"ENSG00000204815.10",145.323004770898,-2.4681522867014,0.821491135357077,-3.00447829620044,0.00266036738866931,0.0168775287553452
"ENSG00000226239.2",33.6871568518025,-2.76332659059073,0.920363237437212,-3.00243042984346,0.00267833183718108,0.0169547749273112
"ENSG00000232618.2",50.3397245472832,-2.42640452890164,0.80813454438791,-3.00247594382867,0.002677931374331,0.0169547749273112
"ENSG00000275764.1",194.399174007458,-1.5302011042314,0.509853150997768,-3.00125850205464,0.00268866211690464,0.0170149160632756
"ENSG00000182168.16",244.209519566447,-1.2062249862291,0.401993570630967,-3.00060765732103,0.00269441487968874,0.0170460606890274
"ENSG00000112769.20",3592.85841311381,-1.16822037405291,0.389372938860992,-3.00026082313328,0.0026974851103512,0.0170549598219676
"ENSG00000198963.11",60.6961792673573,-1.84794446027438,0.616159838717853,-2.99913162811733,0.00270750308186929,0.0171084166169424
"ENSG00000260943.2",99.6400679770215,-3.49526388677177,1.16585061529824,-2.99803751947897,0.00271724219057388,0.0171639968809386
"ENSG00000198142.5",555.096307495858,-1.27325426506388,0.424805368578074,-2.99726500473797,0.00272413792755683,0.0172022556410918
"ENSG00000170956.17",62.4430845148731,-2.61092065152756,0.871247960498837,-2.99675955629516,0.0027286583862448,0.0172201943833682
"ENSG00000155957.19",475.843086278634,-1.27374280533528,0.425087536618466,-2.99642472575835,0.00273165670284638,0.0172338120108191
"ENSG00000159388.6",11461.5982083307,-1.9304696328969,0.644319306629441,-2.99613811511493,0.00273422561404486,0.0172394102061427
"ENSG00000260912.1",81.3996198702573,-1.70150692238726,0.568442543289633,-2.99327863910479,0.00275997641943497,0.0173697226838842
"ENSG00000137077.9",2253.70770326615,-2.43787244128818,0.81454324288532,-2.99293188247761,0.00276311412652611,0.0173788012424207
"ENSG00000180592.17",17.9354524872696,-1.7945189345604,0.599576317814535,-2.99297834361013,0.00276269352332422,0.0173788012424207
"ENSG00000124126.14",2976.21594703128,-1.22254969150274,0.408585183702958,-2.99215375462939,0.00277016705860183,0.0174071423136904
"ENSG00000228643.2",13.6784058564547,-2.58668973792789,0.864589902440626,-2.99181118195574,0.00277327733924776,0.0174213475992451
"ENSG00000115183.15",2034.91655696798,-1.19975957128212,0.401041328765398,-2.99161080224716,0.00277509810187643,0.0174274460890886
"ENSG00000054803.4",122.33360337316,-3.12759061668499,1.04674723394338,-2.98791390630432,0.002808886669617,0.017605739241068
"ENSG00000155849.16",1105.34079205812,-1.05858497337661,0.354266494904181,-2.98810355651309,0.002807144220018,0.017605739241068
"ENSG00000224397.10",604.891054323624,-1.38597405578069,0.463844267313743,-2.98801592139376,0.00280794926266229,0.017605739241068
"ENSG00000105509.11",167.145697837891,-3.07087144547105,1.02826943630698,-2.98644629222868,0.00282240410239171,0.0176758013791813
"ENSG00000185652.12",25.373896807069,-2.65367852197917,0.888769894829036,-2.98578803964735,0.00282848620004843,0.017697675021603
"ENSG00000304491.1",15.6355355095507,-2.96467948543906,0.992914247814039,-2.98583638211053,0.00282803912030442,0.017697675021603
"ENSG00000053328.9",63.4823438103016,-1.63523561007964,0.548124386879789,-2.98332942160859,0.00285130922582752,0.0178302092259244
"ENSG00000107281.10",2313.26974097238,-1.84316696276034,0.617854289809327,-2.98317417740865,0.00285275596527324,0.0178332037536471
"ENSG00000073861.3",140.590440435758,-1.69967335297314,0.570164039319213,-2.98102517128681,0.00287285178214585,0.0179533535328005
"ENSG00000110841.14",2429.91214635282,-1.03765103209311,0.348167738696953,-2.98031930234721,0.00287948065578781,0.017978340854529
"ENSG00000172935.10",344.830757057115,-1.29610897167832,0.43512225930716,-2.9787236666359,0.00289451688914786,0.0180447474293365
"ENSG00000107779.16",953.420920529479,-1.05207185989116,0.353360737589033,-2.97733094816762,0.00290769950275257,0.0181049105995866
"ENSG00000089169.15",11.2604060889748,-2.94965701030576,0.990784363576694,-2.97709281528991,0.00290995899970062,0.0181134788493812
"ENSG00000073712.15",2645.27688599965,-1.13529091676707,0.38138182147111,-2.97678298453736,0.00291290119274781,0.0181262901535967
"ENSG00000218175.2",140.143219100547,-1.01830393220521,0.342172368018151,-2.97599697515959,0.00292037742471194,0.0181617891162553
"ENSG00000111432.5",51.2894067653613,-1.97918763004055,0.666123485613296,-2.9712022962504,0.00296636313875283,0.0183864298056191
"ENSG00000186469.9",865.37022257063,-1.16818036844698,0.393423847848183,-2.96926679670361,0.00298511295540199,0.018480300735979
"ENSG00000198523.6",422.607658556668,-2.42190182981417,0.815930336776681,-2.96827035428276,0.0029948079225466,0.0185235419740258
"ENSG00000188257.12",615.827565605665,-3.61815007576614,1.21922123305009,-2.9675910964204,0.00300143327271135,0.018558922745378
"ENSG00000227191.8",132.061999978945,-1.54011671284967,0.519124207259868,-2.96675957566877,0.00300956196767785,0.0185979682294354
"ENSG00000007264.15",307.646569200046,-1.46836972872099,0.495125612868436,-2.96565091879252,0.00302043109921585,0.0186370506344634
"ENSG00000261338.2",85.6293122564295,-1.64524067121677,0.555174357971037,-2.96346660755286,0.00304195064656897,0.0187585431751128
"ENSG00000273066.5",33.0246958716481,-1.88856776281769,0.637459726165456,-2.9626463999194,0.00305006727185816,0.018797288651091
"ENSG00000006534.17",2607.19597143297,-1.3389241523319,0.452125172187667,-2.96140147617382,0.00306242455729497,0.018856442379212
"ENSG00000272758.8",37.1508919581656,-1.27233728786929,0.429766989981424,-2.96052818743543,0.00307112017138055,0.0188986338517367
"ENSG00000109743.11",329.876637685387,-1.23618759069304,0.417742190897207,-2.95921172826238,0.00308427113573414,0.0189511223755148
"ENSG00000139714.12",104.926113851644,-1.92390925937491,0.650908043881361,-2.9557312702769,0.00311928740858264,0.0191433310462671
"ENSG00000226530.5",10.2564408601229,-2.82315712924543,0.956072290669305,-2.95286994173741,0.0031483457786639,0.0193158832572485
"ENSG00000214253.9",2262.05080035596,-1.03530981037565,0.350648958519694,-2.95255350178805,0.00315157450880183,0.0193299083842276
"ENSG00000289424.3",31.2093466315914,-2.03271065553817,0.688602843305644,-2.95193474046683,0.00315789663582423,0.0193628925301854
"ENSG00000089101.19",70.6567450624317,-3.04355540131238,1.03119987129741,-2.95146991968017,0.00316265349360593,0.0193862622519868
"ENSG00000164056.11",2860.34887096149,-1.69020594698742,0.573026838102518,-2.94961044509582,0.00318174827970787,0.0194858323557737
"ENSG00000136960.13",3783.08796540758,-1.87613450772233,0.636361739660894,-2.94822015654506,0.00319609361950329,0.0195503292286084
"ENSG00000063127.16",102.936642865691,-1.70483324981427,0.578528104962295,-2.94684603079981,0.00321033008362812,0.0196198533635502
"ENSG00000213280.2",10.5158559558289,-2.52691376721053,0.857926294252535,-2.94537396060589,0.00322564538275307,0.0196899770550667
"ENSG00000170271.11",1378.18251698986,-1.80174132548493,0.612072528616017,-2.94367291660503,0.00324342580345921,0.019763210304347
"ENSG00000259275.6",51.9556564914834,-2.01468235866642,0.684861690537005,-2.94173610015577,0.00326377936338124,0.0198754178992483
"ENSG00000161970.15",642.286407781363,-1.40325257707614,0.477147964984941,-2.94091703214207,0.00327242171740435,0.019922130312844
"ENSG00000148175.13",9988.34286396245,-1.10808783076557,0.376816922537143,-2.94065304526324,0.00327521160065174,0.0199331963964866
"ENSG00000204950.4",270.717498791087,-3.41428946439029,1.16178791982615,-2.93882334815565,0.00329460795441225,0.0200379670729645
"ENSG00000254910.2",51.436834629259,-1.50276211199779,0.511382215635318,-2.93862802821726,0.00329668468172657,0.0200400897462561
"ENSG00000084676.16",1555.39529584255,-1.04834691757036,0.357537269013805,-2.93213325833701,0.00336642264049019,0.0203854488542856
"ENSG00000162706.13",174.878326191739,-2.00405173151187,0.683694282606333,-2.93121031211809,0.00337644110813071,0.0204400792681169
"ENSG00000187824.9",211.530234319322,-1.6901826316512,0.576684475594606,-2.93086202798939,0.00338022873921168,0.020447233712619
"ENSG00000237943.8",103.734637339125,-1.87438882876541,0.639542732233031,-2.93082656450615,0.00338061462572076,0.020447233712619
"ENSG00000171051.10",1311.43907750957,-1.54998662732604,0.528974706057337,-2.93017153670487,0.00338774935365921,0.0204783056448787
"ENSG00000226284.1",15.991001966042,-2.40063340246737,0.819383269651456,-2.92980524668088,0.00339174505107806,0.0204964163063085
"ENSG00000163060.8",32.46492013068,-3.85198384119208,1.31487985479168,-2.92953293576952,0.00339471835167753,0.0205071783406889
"ENSG00000224738.3",31.9090200614349,-1.77883036510864,0.607266712706008,-2.92924069093478,0.0033979119460637,0.0205155437403092
"ENSG00000204136.12",540.481201790376,-1.22543975396315,0.418380101132382,-2.92901060697292,0.00340042818279376,0.0205246922166627
"ENSG00000112541.19",207.976979075205,-1.46439577384752,0.500463713277455,-2.92607782541801,0.00343265053499397,0.0206826525329169
"ENSG00000189227.6",82.3077891326703,-1.03400509565887,0.353418193897558,-2.92572684008052,0.00343652536156069,0.0206999165726911
"ENSG00000181826.10",617.706436587971,-1.08484363620512,0.37089077061926,-2.92496800174834,0.00344491643802743,0.0207382755858234
"ENSG00000164684.13",1216.82339768045,-1.5010603868831,0.513287967186738,-2.92440205662761,0.00345118667784194,0.0207577388214934
"ENSG00000165899.12",13.1102847838355,-1.79814572615344,0.615216150405295,-2.92278693426505,0.00346913816712447,0.0208473648823916
"ENSG00000072182.14",19.0512094386505,-2.06368306651408,0.706810465197809,-2.91971209840043,0.00350354891825149,0.0210085048469638
"ENSG00000107372.13",5880.92656648564,-1.02612224596697,0.351452812656394,-2.91965865406285,0.00350414975500468,0.0210085048469638
"ENSG00000149970.16",66.1788951503351,-2.00935065942188,0.688472493786207,-2.91856345396109,0.00351648297848963,0.0210578174623106
"ENSG00000182534.14",4422.42069216472,-1.2324569854751,0.422278070939862,-2.91859101925901,0.00351617207733115,0.0210578174623106
"ENSG00000188626.7",46.9852468789332,-1.92942883312883,0.661188502565544,-2.91812217792999,0.00352146341187865,0.0210773843888209
"ENSG00000175970.12",929.99446992851,-1.06067607247158,0.3635427402716,-2.91761037967409,0.00352724782805227,0.0211037903315973
"ENSG00000224043.10",71.3191623570729,-1.18045995275605,0.405019613596049,-2.91457478386069,0.0035617346250134,0.0212779195988944
"ENSG00000138593.9",2542.96796327841,-1.56727579094071,0.537826455423295,-2.91409203682104,0.00356724720028749,0.0212934022109737
"ENSG00000140848.17",1768.87982448964,-1.26933970596838,0.435682671719421,-2.91345005978532,0.00357459007523491,0.0213282923420051
"ENSG00000269893.11",804.833985353943,-1.19806539500694,0.411250330521559,-2.9132265826693,0.00357714941058417,0.0213338776947696
"ENSG00000134202.12",705.02429734697,-1.57381530686897,0.540287228721221,-2.91292339186687,0.00358062431875718,0.0213421863464527
"ENSG00000105559.13",663.622360572495,-1.40138813290014,0.481268447066342,-2.91186372479341,0.0035927934307112,0.0214084965136014
"ENSG00000129535.13",58.1339364871354,-1.12396950293523,0.386139341109655,-2.9107873331561,0.00360519310853249,0.0214649209959656
"ENSG00000260220.7",180.4278899096,-3.25654433842009,1.11947065113601,-2.90900376451625,0.00362582493947657,0.0215739740449877
"ENSG00000128923.11",954.098328730668,-1.2200467113673,0.419466986253477,-2.90856432413026,0.00363092472490775,0.0215854843875795
"ENSG00000282012.3",45.4507534090344,-2.85731686134824,0.982801088963269,-2.90731959237281,0.00364540549027247,0.0216314480136382
"ENSG00000176894.10",42.9430610606732,-1.03758157090079,0.35691709424238,-2.90706605998585,0.00364836142575553,0.0216389941202463
"ENSG00000107242.20",450.211994924132,-2.32224374602277,0.799060403866592,-2.90621802154832,0.00365826455562905,0.0216838212721891
"ENSG00000135424.19",570.179733396192,-1.63150990561203,0.561635888939318,-2.90492459214675,0.00367341590018074,0.0217624153762803
"ENSG00000280047.1",28.2567065149998,-1.33864708689067,0.461063509942055,-2.90338978909633,0.00369146872602473,0.0218630487459304
"ENSG00000114200.10",316.383874453941,-2.6888030786769,0.926668270077997,-2.90158103552049,0.00371284736254595,0.021947251959135
"ENSG00000237039.1",31.7622279818383,-2.20171716379619,0.758806442057618,-2.90155307304179,0.00371317874786576,0.021947251959135
"ENSG00000162571.14",102.340073924721,-2.50763447558705,0.864340129970753,-2.90121259980362,0.00371721587780427,0.0219516769897995
"ENSG00000118520.16",14.9294243016025,-2.17351913307008,0.749259627761585,-2.9008891611623,0.00372105471688712,0.0219558290403031
"ENSG00000183648.11",626.566615714505,-1.19112455490839,0.41081115652098,-2.89944548973699,0.00373823339176472,0.0220318302571842
"ENSG00000287238.3",42.0869069331348,-1.49557615069572,0.516571945171418,-2.89519429902339,0.00378923908818303,0.0222875956007185
"ENSG00000121361.5",399.111421968132,-1.83360444652333,0.633509410701514,-2.89436023451159,0.00379932008250491,0.0223276752570022
"ENSG00000278291.1",16.7093831476801,-2.0210062208194,0.698516782222991,-2.89328226930734,0.00381238510679669,0.0223916196590545
"ENSG00000118507.19",243.213494725111,-1.41144065027801,0.488027298183384,-2.89213463167309,0.0038263394226329,0.0224542826335618
"ENSG00000100321.15",277.787855632346,-1.6407283677135,0.567467259698249,-2.89131811513841,0.00383629582009351,0.0225062688112152
"ENSG00000070731.11",174.63077220262,-2.02333171043388,0.699936161429467,-2.89073750140537,0.00384338999180415,0.0225414383272175
"ENSG00000138036.18",602.232872356371,-1.01586907783406,0.351609927636389,-2.88919338729425,0.00386231463370228,0.0226330092167567
"ENSG00000227946.4",70.5236408771616,-1.7429169621666,0.603375110256384,-2.8886126267721,0.00386945430649723,0.0226554229298741
"ENSG00000168004.10",53.9676427139513,-2.22870265671856,0.772139890670846,-2.88639750859424,0.00389679642796599,0.0227959811580641
"ENSG00000149021.7",6333.83984599475,-5.45517500585291,1.89157734392747,-2.88392913108505,0.00392747127949886,0.022923105925091
"ENSG00000174132.10",371.155083911373,-1.11602172287361,0.387239382100828,-2.8819943798563,0.00395166781784087,0.0230119275595028
"ENSG00000198759.12",688.467475536702,-1.45723270870872,0.505630733418663,-2.88200976007947,0.00395147493587324,0.0230119275595028
"ENSG00000104903.5",424.394570870808,-1.14083689903997,0.396571719593502,-2.87674799456038,0.00401796334261855,0.0233053240104811
"ENSG00000267519.7",1261.42824380328,-1.91807637714284,0.666822625088667,-2.87644165776138,0.00402186536479624,0.0233081762124879
"ENSG00000271553.1",18.7632285444898,-2.04685443666904,0.712408238196269,-2.87314818516336,0.00406403442570615,0.0235193231342588
"ENSG00000128346.11",67.7235792176515,-1.41416351590258,0.492277183042398,-2.8726976683394,0.00406983386395154,0.0235462397140131
"ENSG00000116147.19",21.4285026305953,-2.76397973994308,0.962313336311059,-2.87222429083082,0.00407593567646857,0.0235483192759401
"ENSG00000179859.10",138.5346276811,-1.0975432724185,0.382112496806065,-2.87230405075065,0.00407490699378439,0.0235483192759401
"ENSG00000122735.16",136.259734402103,-3.51929455171559,1.22587435935172,-2.87084440984368,0.00409376968084036,0.0236380325361731
"ENSG00000113448.21",1433.05309737525,-1.85307453745518,0.645655197044254,-2.87006833668864,0.00410383097420341,0.0236894567272147
"ENSG00000178796.13",28.7632180578427,-2.73117580230163,0.951865390321858,-2.86928785316811,0.0041139720721644,0.0237240294432884
"ENSG00000224968.5",8.76443151519929,-2.23523620493923,0.779096227042629,-2.86901171813393,0.00411756543477497,0.0237286570192878
"ENSG00000181123.9",31.7345729808043,-3.64585423724087,1.27105968203987,-2.8683580234327,0.00412608335969262,0.0237710629972288
"ENSG00000068366.21",2638.59278211681,-1.21811677674342,0.424777803844245,-2.86765637403707,0.004135243944245,0.0238104582512776
"ENSG00000118503.18",5114.69491696852,-1.63327660958678,0.570161837970943,-2.8645842299779,0.00417557088211599,0.0240022162508849
"ENSG00000163492.16",134.790533684049,-3.0449296049613,1.06425914113845,-2.86107911810286,0.00422201674761824,0.0242420138317458
"ENSG00000105792.19",169.76537543408,-1.81778273683761,0.635571558359039,-2.86007564833594,0.00423539963066963,0.024312047600014
"ENSG00000088727.14",145.220412759149,-1.03478730865545,0.362199861442244,-2.85695114441797,0.00427731669255901,0.0245232475644957
"ENSG00000187323.13",89.4204900541386,-1.83703505745134,0.643336954873539,-2.8554788335025,0.00429719871163045,0.0246116654701873
"ENSG00000303740.1",25.3907260100533,-2.47939219669754,0.868345387865978,-2.85530646139646,0.00429953188806988,0.0246181518662342
"ENSG00000288919.2",22.3557813872982,-2.12856076165368,0.745891647667256,-2.85371309400053,0.00432115367115802,0.0247212429892366
"ENSG00000100249.5",8.53935716258635,-2.46828120415691,0.864993579511848,-2.85352546263969,0.00432370628113537,0.0247220506381483
"ENSG00000147119.4",306.00415791668,-1.2868469517281,0.451353263718603,-2.85108595676486,0.00435701893342351,0.0248639900392195
"ENSG00000197405.8",2249.74804081863,-1.52495981174211,0.534857246070122,-2.85115294398046,0.0043561010919796,0.0248639900392195
"ENSG00000139112.11",2553.36297248369,-1.44395995932403,0.506860207225597,-2.84883275258052,0.00438799406131696,0.0250268234306656
"ENSG00000160593.20",1551.19991930266,-1.56409685157535,0.549504128382529,-2.84637870907228,0.0044219571255049,0.0251995021960402
"ENSG00000133056.14",1353.23326660494,-1.2604896479534,0.4430638332198,-2.84493915649414,0.00444199069846139,0.0252785393508888
"ENSG00000106123.13",426.490362736719,-1.5916986894905,0.560129049505898,-2.84166423950797,0.00448787290295767,0.0255042533265643
"ENSG00000143416.21",6028.15037239605,-1.94816749519184,0.685950137550543,-2.84010074281572,0.00450992886084864,0.0256224941432088
"ENSG00000153902.14",297.390772074842,-2.36780774959658,0.833803639100624,-2.83976662916775,0.0045146548562621,0.0256422391060382
"ENSG00000178568.16",75.3107081982898,-2.76778122566004,0.974840767478114,-2.83921366237095,0.00452248636008867,0.0256724973220537
"ENSG00000124171.9",572.788843450171,-1.76231536215686,0.620986462823991,-2.83792879178488,0.00454073114184987,0.0257140381632487
"ENSG00000130518.18",782.210589838941,-2.05238756420786,0.723264427049625,-2.83767248526249,0.00454437858536713,0.0257140381632487
"ENSG00000137672.13",663.193456843351,-1.78794270592566,0.630015125203153,-2.8379361612138,0.00454062630830853,0.0257140381632487
"ENSG00000197815.4",31.7003957976686,-1.68105372714755,0.592585206746555,-2.83681352151358,0.00455662167484486,0.0257664012192551
"ENSG00000114378.17",816.133909523437,-2.4010172947714,0.846436768736156,-2.83661743375875,0.00455942076269379,0.0257751208487107
"ENSG00000133636.11",24.2094814351214,-2.67080249089756,0.94178617133779,-2.83589053670615,0.00456981057073696,0.0258267353755211
"ENSG00000198795.11",591.754304470945,-1.50839924861234,0.5319932648094,-2.83537282967815,0.00457722341868459,0.0258401401367591
"ENSG00000245281.10",36.3016210995196,-1.62667030772624,0.57413980792117,-2.83323031304177,0.00460801722910014,0.0259283164833889
"ENSG00000008441.19",3990.56394638979,-1.06780009761323,0.377331007683358,-2.82987635754888,0.00465659958723829,0.0261509852450308
"ENSG00000132510.11",4205.45817758155,-1.57678413273536,0.55715127900228,-2.83008258647273,0.0046535990132902,0.0261509852450308
"ENSG00000183775.11",112.077951053319,-2.74164682520414,0.968760241457673,-2.8300571264969,0.00465396935416845,0.0261509852450308
"ENSG00000236439.4",23.8308487727373,-1.5235892694792,0.538426562985768,-2.82970673109134,0.00465906891826461,0.0261509852450308
"ENSG00000133878.9",50.7580535544015,-2.52002210600328,0.890666796297959,-2.82936572518219,0.00466403668730522,0.0261717044982228
"ENSG00000138606.20",189.429809011488,-1.48726657997368,0.525739590174369,-2.82890352518517,0.00467077766543423,0.0261995413549952
"ENSG00000152270.9",591.596981722699,-1.68226423376466,0.594681229239534,-2.82885040093817,0.00467155302350089,0.0261995413549952
"ENSG00000231993.3",205.561865490074,-1.85881767413717,0.657843820284428,-2.82562154849077,0.00471889806672895,0.0264072832860836
"ENSG00000109610.6",2432.3390300897,-2.21822516039207,0.785691001039913,-2.8232793266769,0.0047535136981802,0.0265792323063776
"ENSG00000130988.13",270.61341644776,-1.75632385864929,0.622174701550018,-2.82287893460434,0.00475945403035469,0.0266051923223535
"ENSG00000239569.6",458.675916623516,-1.48500451153821,0.526249572263913,-2.82186359819687,0.00477454798692163,0.0266604934433119
"ENSG00000152932.8",50.5162311574615,-2.42736585359527,0.860334032730549,-2.82142256524624,0.00478111785303694,0.0266826457426972
"ENSG00000100012.12",60.5650402011364,-3.75547596597728,1.33133255929352,-2.82083987187254,0.00478981051460693,0.0267166144699403
"ENSG00000158856.19",784.901057519202,-1.61407772453445,0.5722337261621,-2.82066164705088,0.00479247214011496,0.026724190579526
"ENSG00000204482.11",872.740008698559,-1.0002849703422,0.354650204702411,-2.82048327360067,0.00479513732529723,0.0267245163680061
"ENSG00000133111.4",198.746771210448,-1.27601871474661,0.452621654661884,-2.8191729264474,0.00481475716475284,0.0268087600856224
"ENSG00000135409.11",15.8794705091635,-2.29806511298933,0.815169772702778,-2.81912454306281,0.00481548299821241,0.0268087600856224
"ENSG00000137193.14",2930.56759128184,-1.5438105667888,0.547755349945828,-2.81843083219813,0.00482590073915497,0.0268521760530891
"ENSG00000111666.11",1113.90526494506,-1.30502371222082,0.463061492127743,-2.81825142968443,0.00482859821712879,0.026852611294822
"ENSG00000213949.10",2851.12645344835,-1.31438711615512,0.466429839248706,-2.81797390636982,0.00483277371712642,0.0268685445487961
"ENSG00000134256.13",165.349069317034,-1.20590731692621,0.42802263504305,-2.81739146062899,0.0048415475778189,0.0269100275238814
"ENSG00000188687.18",37.6687710268796,-1.5570824624988,0.553076301442013,-2.81531220636119,0.00487298678198114,0.0270421311920749
"ENSG00000039537.16",230.266050467979,-2.99361342431785,1.06374906763776,-2.81421015105159,0.00488972510580034,0.027126332134559
"ENSG00000105404.11",279.707320265188,-1.00930272772489,0.358812710520671,-2.8128956921852,0.00490975747600371,0.0272153736923439
"ENSG00000160401.15",207.560303249981,-2.04162283713759,0.726012491619894,-2.81210428291981,0.00492185433672206,0.0272670442066395
"ENSG00000173826.15",11.350823104279,-3.05476632907525,1.08666934159601,-2.81112773881029,0.00493681817555029,0.0273358141699927
"ENSG00000159640.17",1739.2515162384,-1.43131048592589,0.5093347421885,-2.81015679349863,0.00495173700429413,0.0273857607314814
"ENSG00000111291.9",52.7471790290034,-2.34939804239116,0.836264490496741,-2.80939591372057,0.00496345660368039,0.0274314593536018
"ENSG00000168899.5",1715.90100156145,-1.6063423926286,0.572122595244663,-2.80768913163036,0.00498983694248987,0.0275401390763963
"ENSG00000171611.10",28.5210790661802,-1.84837198376966,0.658620633248945,-2.80642890680744,0.00500939650599825,0.0276332165614711
"ENSG00000112414.15",1640.11152223774,-2.07721113910921,0.740389304528312,-2.80556610745824,0.00502282770139164,0.0276924063429239
"ENSG00000302504.1",69.5991022422802,-1.88914436992312,0.673806455904179,-2.80368992218705,0.0050521467194788,0.0278465635312348
"ENSG00000130748.7",419.830299383562,-1.66223524128812,0.594012123839307,-2.79831871198944,0.00513693970393742,0.0282228863048051
"ENSG00000171496.5",8.80802004063731,-2.13210081901242,0.76216023564651,-2.7974443158975,0.00515086450987268,0.0282918097804526
"ENSG00000259687.5",13.9517961014138,-2.13936765548945,0.76499918347395,-2.79656201170612,0.00516494981978716,0.0283539842315705
"ENSG00000166592.13",2972.69453908512,-1.96887143044308,0.704474961729621,-2.79480682409085,0.00519307358267882,0.0284798715612141
"ENSG00000291152.2",385.956797713127,-1.146789732582,0.410395380455644,-2.79435341428252,0.00520036112278507,0.028508495477613
"ENSG00000304458.1",20.3922448549969,-1.8465427587433,0.660972149387539,-2.79367710190864,0.00521124849066075,0.0285317594265709
"ENSG00000172260.15",461.946166810375,-1.72833390310837,0.618877499567271,-2.79269145237442,0.00522715248937559,0.0285882994510955
"ENSG00000151689.13",834.996434379312,-1.16019625969934,0.415864263952827,-2.78984361068096,0.00527335066976511,0.0287795534024125
"ENSG00000171444.19",671.622089924763,-1.10073460555254,0.394728125859675,-2.78858924267242,0.00529381599701016,0.0288681923411426
"ENSG00000103740.10",33.8980650256979,-2.68112960865468,0.961631596532724,-2.78810473607753,0.00530174002998349,0.0288828166910552
"ENSG00000072952.21",706.780121968887,-1.69300244892755,0.607753365384196,-2.78567350730721,0.00534166439944628,0.0290672735791525
"ENSG00000226525.5",64.3902714058327,-1.9820380450464,0.711538779451332,-2.78556573764644,0.0053434404044979,0.0290692231503913
"ENSG00000181444.13",685.491853942023,-1.30003659692871,0.467162172534019,-2.78283789519376,0.00538857220589557,0.0292836693638173
"ENSG00000019485.14",413.932575894125,-1.05433053881477,0.379134606809935,-2.78088710415011,0.00542105857096766,0.029398357200455
"ENSG00000177076.6",59.09378163625,-1.0599222288821,0.381142615814017,-2.78090715890795,0.00542072370313563,0.029398357200455
"ENSG00000135929.9",2486.33418180507,-1.00452646062414,0.361366274969688,-2.77980135448002,0.00543921596620391,0.0294885468458607
"ENSG00000144724.20",1799.97499116107,-1.02215513838305,0.367788100980151,-2.77919578055685,0.005449367037521,0.0295201642634955
"ENSG00000160963.14",22.0199297834844,-1.38329998743157,0.497788492406288,-2.77889105219117,0.00545448158176609,0.0295322657387198
"ENSG00000018408.15",2847.53943793703,-1.20669468237229,0.434631682622,-2.77636152774845,0.00549710454414525,0.0297002981747442
"ENSG00000239474.7",18.7972763728588,-2.39608867204844,0.863602828673636,-2.77452619710437,0.00552821814976229,0.0298605334411818
"ENSG00000269918.1",65.5345663953204,-2.28969079086222,0.825431660253331,-2.77393138780199,0.00553833575403222,0.0298994303056021
"ENSG00000116678.20",2068.45627967442,-2.23447032877767,0.805785674952113,-2.77303307596088,0.00555364756205478,0.0299558397051524
"ENSG00000166450.13",233.320097133863,-1.09964502259738,0.396579421503681,-2.77282421369201,0.00555721310755969,0.0299618978589019
"ENSG00000302483.1",93.3509419701494,-1.75661680970244,0.633702396852063,-2.77199016198849,0.00557147203829444,0.0300229862478815
"ENSG00000185040.14",11.1583419985508,-2.08349176240953,0.751926857738046,-2.77087025282899,0.00559066990478582,0.0301027037100127
"ENSG00000130522.6",13464.3377820314,-2.09591537987657,0.756668938358299,-2.76992390413693,0.00560693904390384,0.0301728319737019
"ENSG00000135205.15",323.667240546277,-1.66189397536366,0.60078684084023,-2.76619569935889,0.00567144883916052,0.0304522896729876
"ENSG00000167261.14",369.552800053908,-1.6853867270307,0.609259751483519,-2.76628601007511,0.00566987829753629,0.0304522896729876
"ENSG00000184005.12",200.895521334344,-1.83960962551052,0.665039028437481,-2.76616791924635,0.00567193202600174,0.0304522896729876
"ENSG00000172985.11",425.910604081467,-1.11494738546613,0.40344946050229,-2.76353668704385,0.00571786641115585,0.0306748123742385
"ENSG00000185905.4",319.174216282212,-1.49509038425978,0.541676845421546,-2.76011499641684,0.00577810185419178,0.03093321159748
"ENSG00000186105.8",39.7773334475267,-2.16468330939467,0.784765159608727,-2.75838355320712,0.0058087996777489,0.0310408205870637
"ENSG00000187601.5",829.788356683424,-1.08027925650508,0.391647883930298,-2.75829208028438,0.00581042553935781,0.0310414187751414
"ENSG00000196456.13",133.104987388452,-1.10674039482693,0.401553624583091,-2.7561459468234,0.00584868935475417,0.0311970672554317
"ENSG00000226871.2",24.0113832921622,-2.83613928304682,1.02911598806745,-2.75589857307798,0.00585311439621383,0.0312105433155692
"ENSG00000204176.14",210.065826107715,-2.2114663864925,0.803243744083107,-2.75316976046525,0.00590212826558469,0.0314004250019586
"ENSG00000172426.16",118.873810573823,-2.3953939955798,0.870470035228767,-2.75183969422942,0.00592615223401091,0.0314873867339102
"ENSG00000259523.1",21.3015006552755,-2.19517759603459,0.798389210954991,-2.74950809193531,0.00596847891704433,0.0316958538500588
"ENSG00000205795.5",383.525578525373,-2.01027224025408,0.731522117529284,-2.74806761420116,0.00599476453597587,0.031827201461846
"ENSG00000153933.10",525.568515858092,-1.14125526152779,0.415438975568937,-2.74710686440736,0.00601235408807889,0.0318875603264277
"ENSG00000128011.5",101.885794640087,-1.07659767289628,0.39199809945621,-2.74643595055631,0.00602466483885496,0.0319115804329326
"ENSG00000246985.9",73.4627962997801,-1.57747117523559,0.57431115971381,-2.74671865338935,0.00601947469446653,0.0319115804329326
"ENSG00000251661.4",80.3122020600205,-1.49650480641377,0.54487705441769,-2.74649995678949,0.00602348939478244,0.0319115804329326
"ENSG00000296013.1",13.9847421219241,-2.49460061930482,0.908265939410461,-2.74655308655967,0.00602251384872339,0.0319115804329326
"ENSG00000140406.4",1747.07225709371,-1.19727402407505,0.436152848434611,-2.74507899781501,0.00604963331135181,0.0320355582169312
"ENSG00000158164.7",77.7596894283577,-2.48160726437281,0.904205805695936,-2.74451595946434,0.0060600207772638,0.0320762954640473
"ENSG00000129538.14",13664.4568303237,-1.20055308190457,0.43754627626976,-2.7438311031686,0.00607267731145927,0.032126443452492
"ENSG00000256948.2",58.725365451703,-2.54934934310518,0.929127430386117,-2.74381022422915,0.00607306353988778,0.032126443452492
"ENSG00000136895.19",173.769976813959,-1.12547844756508,0.410246277113847,-2.74342147717466,0.00608025880802594,0.0321479181536266
"ENSG00000148158.17",3018.97245990143,-1.52772320672233,0.556863944732138,-2.74344069350225,0.00607990295521988,0.0321479181536266
"ENSG00000119950.21",1170.59348626373,-1.08818942298587,0.396765168647728,-2.74265361219758,0.00609449368713901,0.0322148745968286
"ENSG00000176204.14",15.4880031022058,-3.15162385058193,1.14916413521084,-2.74253586064422,0.00609667924832623,0.0322181214710518
"ENSG00000145390.12",1974.24049482323,-1.40982207456123,0.514203071832842,-2.74176128418684,0.006111073598594,0.0322775510215279
"ENSG00000183378.13",36.4920117395817,-2.92237427694756,1.06631047343208,-2.74064107008296,0.00613194525637049,0.0323711136809013
"ENSG00000163885.12",109.292453600992,-3.08758575871628,1.12677037601854,-2.74020849716187,0.00614002205525668,0.0323834046054222
"ENSG00000197872.11",970.596845712671,-1.46928979431604,0.536203759789414,-2.74017063008489,0.00614072954742358,0.0323834046054222
"ENSG00000245812.6",39.7637601014561,-2.10691193701742,0.769082620184129,-2.7395131312589,0.00615302568232696,0.0323906645931789
"ENSG00000244513.8",81.5816861557789,-1.47432992134244,0.538486641081166,-2.73791364328425,0.00618303094151775,0.032540263456078
"ENSG00000153157.14",50.8066652296973,-2.38681461499719,0.872557510135466,-2.73542384000183,0.00623000011044018,0.0327454299575662
"ENSG00000267809.1",27.7940241093287,-1.55102078690672,0.567052882763323,-2.73523128803859,0.00623364587563095,0.0327561955494457
"ENSG00000173611.18",441.086059475478,-1.25404927246386,0.458732890597052,-2.7337243484584,0.00626224456515805,0.0328643620588689
"ENSG00000152818.20",4858.46042379998,-1.25360466497793,0.458652990607945,-2.73323120234379,0.00627162910696757,0.0329051901763723
"ENSG00000232415.3",89.3108701500275,-1.92787348470661,0.70545020077677,-2.73282718267545,0.00627932701007908,0.0329287266022152
"ENSG00000138135.7",469.218347411954,-2.00127356895878,0.7326836886417,-2.73142912826253,0.00630603022290909,0.0330349626189392
"ENSG00000151655.19",21.2168446311967,-2.19762734664681,0.804599310080064,-2.73133138335419,0.00630790099402631,0.0330363223452147
"ENSG00000228495.4",14.1913593823493,-1.82682290869156,0.668862624367376,-2.73123783889017,0.00630969183926792,0.0330372628887511
"ENSG00000181754.7",344.207699664219,-1.37497789661671,0.503545430525021,-2.73059353390039,0.00632203905655221,0.0330924279488962
"ENSG00000067798.16",261.645872876003,-1.79186917327425,0.656627386720427,-2.72889801661163,0.00635463528466884,0.0332386331318495
"ENSG00000229994.1",11.2478816294948,-1.99026683383459,0.730073146043907,-2.72611976569659,0.00640837407987904,0.0334684926474375
"ENSG00000133246.12",312.314805092064,-1.06663689744547,0.391747038727639,-2.72276952216363,0.00647372036945147,0.0337495963527162
"ENSG00000261754.2",39.1658456542845,-2.24510797051032,0.824799759638498,-2.72200366728324,0.00648874223914852,0.0338107168669635
"ENSG00000113558.19",318.210410925024,-1.17935545849509,0.43342492556512,-2.7210143878029,0.00650819288150623,0.0338994374445934
"ENSG00000173320.12",272.224940111535,-1.95454738283579,0.718353322596547,-2.72087191825176,0.00651099835164529,0.0339008405795163
"ENSG00000156052.11",3212.70856158862,-1.31298979204468,0.482732226223033,-2.71991327846019,0.00652990391703519,0.0339733950557954
"ENSG00000228929.1",38.6401076244203,-1.07164574089405,0.393983293425583,-2.72002838388494,0.00652763129002636,0.0339733950557954
"ENSG00000114948.13",138.326813531563,-1.61403466332602,0.593504196368807,-2.71950000219216,0.00653806945725712,0.0339986244361146
"ENSG00000136942.15",10433.9469946087,-1.03103088630653,0.379365027469061,-2.71778053234129,0.00657214153721392,0.0341498200909869
"ENSG00000122042.10",2402.62952899791,-1.28394655515252,0.472455403790561,-2.71760370365389,0.00657565451773229,0.0341594173376192
"ENSG00000113966.11",269.684083851384,-1.30222981961603,0.479319916955185,-2.71682810071458,0.00659108304770156,0.0342308933156213
"ENSG00000187720.15",611.76660716845,-1.45838032790705,0.536827553865627,-2.71666444355443,0.00659434272190795,0.034239149954419
"ENSG00000248079.5",9.62587549383083,-1.94773368892443,0.717161536910722,-2.71589256907806,0.0066097362364209,0.0343103877953352
"ENSG00000088002.12",159.162876088009,-1.14957963562886,0.423454315666815,-2.71476660668486,0.00663224928342841,0.0344098277599737
"ENSG00000305154.1",83.9720150920491,-1.52182693277291,0.561027072448179,-2.71257307803711,0.00667630586256615,0.0346208840177178
"ENSG00000197019.5",1866.17250883709,-1.75368990661309,0.646632492518838,-2.7120349300449,0.00668715456866899,0.0346683735211097
"ENSG00000267764.2",22.7180164670058,-1.68796218393117,0.622718965073839,-2.71063236966136,0.00671550376773749,0.0347966105532173
"ENSG00000048342.18",588.651108511475,-1.15496672844157,0.426265470674668,-2.70950102201231,0.00673844975441244,0.0348813869640173
"ENSG00000139155.9",20.1436772975996,-2.1957472850608,0.810815502358893,-2.70807264867624,0.00676752065444607,0.0349877063789113
"ENSG00000280355.1",26.0355533288857,-1.69937670485173,0.627586518258332,-2.70779670278421,0.00677314980395475,0.0350079817444639
"ENSG00000171943.12",386.949226501221,-1.11384339592533,0.411610108998493,-2.70606423791552,0.00680858741113809,0.0351556978791174
"ENSG00000180694.14",801.434966494909,-1.36003072645126,0.502705529600949,-2.70542225292581,0.00682176148008466,0.0352059897779149
"ENSG00000253288.3",126.001277750733,-3.27669287992227,1.21209213536598,-2.70333647444458,0.00686472164793427,0.0353742781274804
"ENSG00000137033.12",2968.47182312669,-2.65831039249622,0.983543126534903,-2.70278986327895,0.00687602016155584,0.0354146991691889
"ENSG00000139537.11",125.422345483373,-1.88159932878512,0.696252322098838,-2.70246758116809,0.00688268959524527,0.0354401475291082
"ENSG00000111716.14",295.755506042588,-1.1490903373035,0.425391000844674,-2.7012568084934,0.00690779776750454,0.0355443373523419
"ENSG00000143842.15",1525.7482897644,-1.29928853063532,0.480996879688432,-2.70124107972789,0.00690812448054441,0.0355443373523419
"ENSG00000170509.12",64.8377168570652,-2.63266243455164,0.974574638569412,-2.70134511033055,0.00690596384681963,0.0355443373523419
"ENSG00000119917.15",2425.15557631025,-1.2339239830174,0.456862143247885,-2.70086721181426,0.00691589443651471,0.0355664658957356
"ENSG00000125148.7",6294.59891935192,-1.73669679848625,0.643118806162363,-2.70042919262386,0.0069250076105673,0.0355954765723419
"ENSG00000171954.13",19.3312709655998,-1.67347053222368,0.620119902505752,-2.6986241297233,0.00696267663493293,0.0357353496176883
"ENSG00000137198.10",211.959664581899,-1.35203202737986,0.501112473098785,-2.69806101416544,0.00697446563941368,0.0357868977653999
"ENSG00000196935.10",316.931506940298,-1.18646341975544,0.439906169335375,-2.69708292918007,0.00699498478106857,0.0358742291023086
"ENSG00000253250.3",29.1245454157911,-1.20649088386798,0.447641776362404,-2.69521511971488,0.00703432004398839,0.036012908409972
"ENSG00000256139.3",17.2479300673448,-1.46262387340423,0.542971767458274,-2.69373835080041,0.00706556064589827,0.0361277831304687
"ENSG00000249679.4",120.041171652966,-2.40468602128509,0.893284346562377,-2.69196032656234,0.0071033394700713,0.0362937633925597
"ENSG00000196136.18",21.2713900955538,-2.6944387400549,1.00146077411945,-2.69050851484824,0.00713432143799967,0.0364248323617394
"ENSG00000176595.4",381.923731701211,-1.42788871338447,0.530749720912984,-2.69032400229669,0.00713826765076452,0.0364299689311797
"ENSG00000158955.11",41.4815610427574,-1.90252565365013,0.707864812644448,-2.68769632232836,0.00719467949879746,0.0366781970271863
"ENSG00000173175.16",227.489161362735,-1.92576853367224,0.716540705093814,-2.68759125613124,0.00719694338904429,0.0366806182572618
"ENSG00000162148.11",159.36441394936,-1.73257731297794,0.645334596416736,-2.68477363928447,0.00725789433335816,0.0369545233203814
"ENSG00000234779.2",13.6941785991836,-1.79788925620628,0.669657288360124,-2.6847900970495,0.00725753697664089,0.0369545233203814
"ENSG00000189320.9",70.8442949566676,-1.41043880262049,0.525371477311156,-2.6846505064171,0.00726056848768026,0.0369589613384796
"ENSG00000197182.17",163.766855134399,-1.38482117178893,0.515965797213129,-2.68393986436451,0.00727601923415357,0.0370192303665223
"ENSG00000101335.10",8291.59747340589,-1.68964623430001,0.630154058305544,-2.68132246714937,0.00733318133487783,0.0372638290186704
"ENSG00000267551.3",22.3263168166115,-2.60447141478227,0.971522045971717,-2.68081555697203,0.0073442983520484,0.0373110736893955
"ENSG00000297252.1",11.8052234104555,-2.71053287006901,1.01158270277807,-2.67949705211959,0.0073732852482543,0.0374305126838837
"ENSG00000274276.6",58.8791100604484,-2.13364229500327,0.797170324417546,-2.67651997277022,0.00743911317355442,0.0376993515844191
"ENSG00000162669.16",23.8617925169096,-1.97648799315653,0.738538218372234,-2.67621626611658,0.00744585814864115,0.0377067369615089
"ENSG00000254245.3",21.2932837926812,-1.77477131055996,0.663536078309715,-2.6747171232663,0.00747923281091142,0.0378465423383336
"ENSG00000308682.1",14.7251079196446,-1.74021646208508,0.65077940314691,-2.67404969129338,0.00749413462458858,0.0379125922384812
"ENSG00000185303.17",237937.565845898,-3.15452599791897,1.18122753937964,-2.67054897786728,0.00757273228860703,0.0382121664449162
"ENSG00000223914.6",141.438792455819,-3.48125578813342,1.30396171437983,-2.66975306847036,0.0075907047546463,0.038287776208922
"ENSG00000048740.19",2591.71282864438,-1.38583981971294,0.519511268024845,-2.66758375613647,0.00763988439873206,0.0384979576582949
"ENSG00000267530.6",79.7550803495393,-2.03587605505495,0.763415149796103,-2.66680069893648,0.00765770682130949,0.0385782851754619
"ENSG00000125347.15",4621.05320895274,-1.38787280177934,0.520799028356133,-2.66489130396435,0.00770132106667844,0.0387472533162897
"ENSG00000152217.20",514.235269854293,-1.89529606782892,0.711224251256245,-2.66483611108766,0.00770258508179852,0.0387472533162897
"ENSG00000210195.2",13.8499043700971,-3.05656415916777,1.14783043376315,-2.66290566033074,0.00774691298525052,0.0389034297941653
"ENSG00000069431.14",640.63209572828,-1.76991895584445,0.664821779407035,-2.66224574866225,0.00776211852862722,0.0389607046048892
"ENSG00000297071.1",7.6869069046591,-2.77269994781162,1.04174870351969,-2.6615823359738,0.00777743169227042,0.0390089186444014
"ENSG00000164742.16",142.777952242112,-1.23190912364686,0.462957407222492,-2.66095563960772,0.00779192221155189,0.0390529388965192
"ENSG00000253683.1",74.4406944292266,-1.3317395776365,0.500564863953677,-2.66047354406349,0.00780308571632665,0.0390745500380953
"ENSG00000237753.3",35.286508863056,-1.12839062068012,0.424883226430255,-2.65576645649331,0.00791283932415958,0.0395140909650677
"ENSG00000148841.17",2119.72847132718,-1.3657117491153,0.514361551753661,-2.65515908889196,0.00792710136730914,0.039566038567504
"ENSG00000188649.16",58.5980509238175,-2.00494214763831,0.755191916661013,-2.65487765878495,0.00793371763563244,0.0395797923116806
"ENSG00000163827.14",96.5673993709035,-2.62384535593418,0.988410040247636,-2.65461220454297,0.00793996285217965,0.0396013131406207
"ENSG00000240184.7",854.457061332526,-1.53793436857665,0.579444613575265,-2.65415249800555,0.00795078856575568,0.0396360244960502
"ENSG00000185483.13",449.632649551806,-1.27768942663162,0.481487789821609,-2.65362788764592,0.00796315885976154,0.0396783983622237
"ENSG00000248712.8",89.0772936117048,-1.81086813437288,0.682831779190137,-2.65199744587259,0.00800171471893089,0.0398317937841609
"ENSG00000123146.20",3955.89213330429,-1.07822579120274,0.406614961657146,-2.65171204426041,0.00800848091620911,0.0398557992004737
"ENSG00000306644.1",13.2529327314656,-1.62745762352743,0.613810969115832,-2.65139872927282,0.00801591477236446,0.0398831148974911
"ENSG00000233452.10",40.7870666552982,-1.51837934504246,0.572855001974254,-2.65054741568041,0.00803614464333999,0.0399643729728458
"ENSG00000106823.13",953.841977744327,-1.25823178605623,0.474855800818299,-2.64971341592116,0.00805600739744993,0.0400534373611332
"ENSG00000082438.18",1457.13275027296,-1.1382550420471,0.42965650882707,-2.64922099086652,0.00806775574683614,0.0401021245656068
"ENSG00000161940.11",1075.29978872888,-1.43731354989266,0.542723456511221,-2.64833504549834,0.00808893139048698,0.0401647298079349
"ENSG00000179348.13",1573.59322211331,-1.90370867342149,0.718819874629348,-2.64838068702972,0.00808783926363885,0.0401647298079349
"ENSG00000182327.8",42.1510349569309,-1.39679694852459,0.527562462144463,-2.6476427887739,0.00810551215054722,0.0402215443211085
"ENSG00000152128.13",560.343497971785,-1.87586387798519,0.709450855294538,-2.64410686657979,0.00819067918088702,0.0405558285256961
"ENSG00000148483.9",84.4605627325469,-1.93253780413525,0.731394897050403,-2.64226317674468,0.00823540362291091,0.0407486113086625
"ENSG00000199477.1",17.7410418266491,-1.68897279686619,0.63921616000237,-2.64225609824996,0.00823557575415028,0.0407486113086625
"ENSG00000060138.13",6525.047917855,-1.16754144750916,0.442159675662875,-2.64054257267764,0.00827733924023443,0.0409058963079698
"ENSG00000006740.18",1105.84008950617,-1.41764717069326,0.537012907192003,-2.63987541399334,0.00829365097737986,0.0409497800368078
"ENSG00000148400.13",3527.53060976194,-1.08545323938097,0.411280429187988,-2.63920469428616,0.00831007876447575,0.0410182607093912
"ENSG00000203867.9",34.3181842583098,-1.46840668822884,0.556634792119813,-2.63800737757832,0.00833947675587589,0.0411372571540433
"ENSG00000286913.2",7.100914835511,-2.06263477798094,0.782072513960078,-2.63739581837067,0.0083545283762928,0.0411781850546893
"ENSG00000169891.18",557.621357540763,-1.06888134839704,0.405338889489477,-2.63700665323106,0.00836411910893848,0.0412155487165764
"ENSG00000182885.17",161.292468608085,-1.94784842549628,0.738698688919838,-2.63686460354292,0.00836762228783051,0.0412229042262558
"ENSG00000188404.10",1042.58923973369,-1.89752987789501,0.719781392331175,-2.6362585892217,0.00838258234555051,0.0412783180440736
"ENSG00000164188.9",127.662961723168,-2.12591513890332,0.806617439905051,-2.63559282719397,0.00839904490829755,0.0413479031932132
"ENSG00000247746.5",103.142669637488,-1.04177759768938,0.395353758170412,-2.63505171295308,0.00841244655260619,0.0413940014673956
"ENSG00000164627.18",69.3043317881169,-1.86479226226914,0.708198323678621,-2.63314978293479,0.00845970307176021,0.0415866103532418
"ENSG00000115590.14",81.2870245453383,-1.35108546779756,0.51319763972231,-2.6326805955862,0.00847139723276114,0.0415958616232755
"ENSG00000253731.3",62.3395081280553,-1.73226381967316,0.65822269876052,-2.63172908338642,0.00849515739257811,0.0416809540984497
"ENSG00000024422.12",4832.70475338186,-1.12289161171257,0.426746428811368,-2.63128531582608,0.00850625905136916,0.0417107419766049
"ENSG00000233859.2",15.32325464123,-1.64434870699628,0.625439236785341,-2.62911024810016,0.00856086018850385,0.0419330810571149
"ENSG00000280399.1",88.5478188016337,-1.60915223469505,0.612172759806063,-2.628591698861,0.00857392359574254,0.0419770127524129
"ENSG00000279145.2",15.2951267984639,-1.707323511447,0.649604697896045,-2.62824994489221,0.0085825428774822,0.0420091809882777
"ENSG00000178385.15",591.230761816474,-1.03288160336064,0.393381597827615,-2.62564799437636,0.00864842034795216,0.0422912498961152
"ENSG00000214357.9",1232.91743103952,-1.45642436230529,0.554821733250484,-2.62503120375741,0.00866410267399449,0.0423434914048227
"ENSG00000290008.2",11.0069182634025,-2.00052039916884,0.762683539104022,-2.62300193540167,0.00871587774453114,0.0424893859424314
"ENSG00000187513.9",638.694742516969,-1.56204650590598,0.595638198944593,-2.6224753695679,0.00872935773043553,0.0425258663054767
"ENSG00000184497.13",565.469469095483,-1.5528768766046,0.592184985237323,-2.62228343392103,0.00873427587794083,0.0425386205703797
"ENSG00000272734.2",307.612761778203,-1.31762259120514,0.502759377235985,-2.62078173150945,0.00877284096329406,0.042677533788131
"ENSG00000258647.7",52.7315744303149,-2.12162590823428,0.809691338707976,-2.6202897410509,0.0087855087749021,0.0427272466604821
"ENSG00000100154.15",1148.40718742036,-1.0893749010615,0.415953650164703,-2.61898146735855,0.0088192738663396,0.0428212245330773
"ENSG00000175093.5",34.5874768997093,-1.26809019491104,0.484324787013605,-2.61826408417006,0.00883783790461085,0.0428800351150357
"ENSG00000135736.6",400.832215653768,-1.3334479723155,0.509722026169784,-2.6160297257222,0.00889588126481692,0.0431004606459844
"ENSG00000197992.7",34.1642056916632,-1.49427583589777,0.571881811797534,-2.61291022912755,0.00897748795955286,0.0434483421312761
"ENSG00000100312.11",37.2066402548617,-2.34408629753112,0.898747317816836,-2.60817056258391,0.00910275848142036,0.0439263261715799
"ENSG00000106991.15",7012.93579649419,-1.20104271370163,0.460770237694234,-2.60659785604173,0.00914466898022939,0.0440559898427216
"ENSG00000198300.14",40.5924671291275,-2.00949016975022,0.771070922104259,-2.60610290460222,0.00915789435360274,0.044098982110444
"ENSG00000166828.3",330.80408974557,-2.31703024325995,0.889145101828616,-2.60590789792886,0.00916310972530316,0.0441137360431125
"ENSG00000272463.3",64.0235212539552,-1.8851644332564,0.723530579049568,-2.6055076148029,0.00917382343650458,0.0441549473572981
"ENSG00000118307.20",50.364941719655,-2.16600808829812,0.832377321006794,-2.60219498253297,0.00926291716078367,0.0445106288879092
"ENSG00000124713.6",44.6344087563157,-1.25469637497627,0.482501316982779,-2.60039989698319,0.0093115181165365,0.0447127324265724
"ENSG00000096088.16",3171.7044545763,-4.40893895807846,1.69623235137725,-2.5992541378536,0.00934265774993663,0.0448412580769431
"ENSG00000168811.8",46.0069974063888,-2.17943750449812,0.838711445282322,-2.59855462418841,0.00936171489506099,0.0448906927521821
"ENSG00000257585.2",95.6856753724062,-2.22121682791355,0.855131296875171,-2.59751553478436,0.00939008726563393,0.044974153070441
"ENSG00000248275.5",271.577815720859,-1.0036050469142,0.38664968777462,-2.59564427089156,0.00944137569864015,0.0451459811858483
"ENSG00000295133.1",7.68650839245587,-2.13132350807458,0.821298798707321,-2.59506468465456,0.00945731185893519,0.0452011007821928
"ENSG00000287691.2",42.5136501392616,-1.53861106054593,0.593038926051189,-2.59445205526547,0.00947418264355704,0.0452500910606787
"ENSG00000162878.13",743.09238000662,-1.2855206300301,0.495507679041084,-2.59435057094951,0.00947697994120947,0.0452529102735349
"ENSG00000075426.12",9075.39114612556,-1.45975091068496,0.562926071872528,-2.59314852095803,0.00951016913527868,0.0453691270241401
"ENSG00000170891.11",118.462273143986,-1.89876962245835,0.73270297075938,-2.59145888338687,0.00955699610980296,0.0455395417697885
"ENSG00000134853.12",1432.08825458201,-1.06024007883241,0.409316291993805,-2.59027089703152,0.00959004320125952,0.0456651755222074
"ENSG00000117477.13",74.9863984413269,-2.31010081699557,0.891916581445391,-2.59004133912607,0.00959644071611345,0.0456756947227134
"ENSG00000116183.11",18.2391261485677,-2.23988467057112,0.86489115618091,-2.58978792251935,0.00960350756420831,0.0456825209707366
"ENSG00000197540.8",171.464015511121,-1.36369455664963,0.526575719588981,-2.5897406696117,0.00960482578544895,0.0456825209707366
"ENSG00000259863.2",42.9382227424708,-1.57566403745093,0.608465045991799,-2.58957198581981,0.00960953289772296,0.0456943094932541
"ENSG00000137821.12",200.81835220324,-1.20772435665539,0.466818863998539,-2.58713700279937,0.00967771046762478,0.0459226511058039
"ENSG00000221866.10",170.526014666325,-1.39964395928128,0.541036819976081,-2.58696618714999,0.00968250931413131,0.0459278976997928
"ENSG00000290885.2",24.3004824856946,-1.40661512824073,0.543741656823292,-2.58691808984916,0.0096838609287528,0.0459278976997928
"ENSG00000124920.14",1527.74921063255,-2.30217796943418,0.890620165476397,-2.58491561125021,0.00974028340591034,0.0461448176882591
"ENSG00000175318.12",548.096374316137,-1.20694986025486,0.467302773622718,-2.58280054898476,0.00980019607263461,0.0464179303010626
"ENSG00000236404.13",21.4792780767592,-2.22958711386026,0.864091729342859,-2.58026669871712,0.00987240383173739,0.0466844483777545
"ENSG00000154479.13",80.0353302895082,-2.75296339439134,1.06748279981208,-2.57892997889612,0.00991068734233226,0.0468007216184202
"ENSG00000205002.4",48.3526456953624,-2.39111350841704,0.927137315102544,-2.5790284453739,0.00990786276729376,0.0468007216184202
"ENSG00000258789.1",14.4560943039232,-1.89100490547584,0.733245189765607,-2.57895303217785,0.00991002597962414,0.0468007216184202
"ENSG00000137975.8",59.7618772337383,-3.13298592859572,1.21534805369045,-2.5778507803442,0.009941691906029,0.0469255181494518
"ENSG00000277449.2",50.1018201022472,-1.44856086174784,0.562041112517318,-2.57732188889154,0.00995691808541334,0.0469558289445742
"ENSG00000156042.19",100.166926931416,-1.66897019838536,0.647938976064977,-2.57581386525201,0.0100004464764888,0.0470944314547375
"ENSG00000145491.13",170.993455608624,-2.77868733528201,1.07910512929749,-2.57499224110904,0.0100242335286577,0.0471523019664136
"ENSG00000196581.11",45.3515296369792,-1.87112323367332,0.726632803206237,-2.57506023044524,0.0100222632411733,0.0471523019664136
"ENSG00000197258.5",75.4097928766532,-1.13630679643797,0.441749660913382,-2.57228674287715,0.010102917668527,0.0474104548787758
"ENSG00000176029.14",106.216441422138,-2.93796001976816,1.14236332189066,-2.5718262863217,0.0101163637785816,0.0474441726706398
"ENSG00000183346.9",112.316634298837,-2.12731513865493,0.827249231528143,-2.57155287376361,0.0101243554255965,0.047459941391502
"ENSG00000290418.2",136.262212167923,-1.93857253610462,0.754087417481262,-2.57075306014212,0.0101477656703038,0.0475479404259391
"ENSG00000162643.13",91.608959202446,-3.02992504200619,1.17874087468529,-2.57047592653911,0.0101558885029375,0.0475642617323507
"ENSG00000293738.1",15.1576594396318,-1.83670344423708,0.714792313081557,-2.56956238983436,0.010182705426405,0.0476680803796821
"ENSG00000167094.16",87.0849784825193,-1.97382423983928,0.768487033828263,-2.56845483782147,0.0102153022148531,0.047785124692579
"ENSG00000286873.2",26.7851886718312,-1.57034602823527,0.611411128664575,-2.56839621428739,0.0102170301722721,0.047785124692579
"ENSG00000074527.13",3427.50888654782,-1.52583324658319,0.594284248350586,-2.56751420017961,0.0102430593962669,0.0478959383947679
"ENSG00000170345.11",37255.9773222796,-2.14005751007792,0.834347729045967,-2.56494676688934,0.0103191635383782,0.0481748928030296
"ENSG00000145700.10",8.54670589344951,-1.91168160723807,0.745485714804037,-2.5643437148096,0.010337112094753,0.048214773974253
"ENSG00000284052.2",35.4687182656518,-1.28487465310288,0.501126149330348,-2.56397446994106,0.0103481155878632,0.048255119857527
"ENSG00000109501.15",2493.57347766069,-1.08268408821822,0.42234233801397,-2.56352250477527,0.0103615983319439,0.0482960245960848
"ENSG00000255398.3",70.2687560953422,-1.8327052721209,0.715478170000039,-2.56151109700635,0.0104217911802732,0.0485104214211856
"ENSG00000162772.18",6654.45349503597,-2.40595283154682,0.940742976620706,-2.55750283694849,0.0105426698039118,0.0490063254725476
"ENSG00000166839.18",215.68635395269,-1.01975103863988,0.398799861989477,-2.55704962773229,0.010556415581539,0.0490305035192802
"ENSG00000147647.13",20.1071410133876,-2.31186855990475,0.904388017212578,-2.55627951266999,0.0105798096348288,0.0491232827791055
"ENSG00000230202.1",604.425364563128,-1.00789356980717,0.394305106270907,-2.55612609062865,0.0105844756939082,0.0491338215141257
"ENSG00000255248.11",440.253236237199,-1.09382708723948,0.428066346197316,-2.5552746600063,0.0106104037240938,0.049220750669416
"ENSG00000266903.4",67.0709534637933,-1.63453459507454,0.640519732579003,-2.55188796212915,0.0107140965755237,0.0495806964647181
