"Geneid","baseMean","log2FoldChange","lfcSE","stat","pvalue","padj"
"ENSG00000166851.15",479.151099116919,3.68899035896572,0.294300213153769,12.5347865685651,4.8165640890439e-36,1.23448537602195e-32
"ENSG00000117724.15",1009.9071863164,4.44520096985048,0.35790711290704,12.4199849892479,2.03599692885702e-35,4.17460810292842e-32
"ENSG00000118785.15",19165.0879262269,7.36844768701695,0.616431935850375,11.9533840777605,6.23342878482825e-33,7.98813898775741e-30
"ENSG00000131747.15",2017.28462300255,4.52958200099079,0.404820833135312,11.1891030061607,4.61074301807161e-29,4.7435994560669e-26
"ENSG00000183317.17",238.709877508645,4.27888521674173,0.386400072536701,11.0737174262184,1.68272257548601e-28,1.64297827084596e-25
"ENSG00000174371.17",168.880256259371,4.07806925918099,0.369908955848412,11.024521560522,2.91062086652575e-28,2.59475522814105e-25
"ENSG00000179913.11",607.695319472978,5.61413667642107,0.509509340160495,11.0187119919188,3.10469666693038e-28,2.65244585244752e-25
"ENSG00000148773.14",1271.83559479262,4.51724712826421,0.417656356955241,10.815703036811,2.90060088964952e-27,2.20273780153236e-24
"ENSG00000080986.13",244.286900214963,3.22106541217939,0.303975737858446,10.5964556081754,3.0948824951187e-26,1.98304595874731e-23
"ENSG00000156970.13",323.302711980315,4.62157851393762,0.443478326023299,10.4212049219623,1.98423260605787e-25,1.13013070429474e-22
"ENSG00000166923.12",911.22057633026,4.3629984744168,0.42111773553443,10.3605194136025,3.74920492694052e-25,2.02299204794706e-22
"ENSG00000060718.22",3457.93264967222,9.43138949324605,0.914456597217959,10.3136546031152,6.11314852814343e-25,3.21394865182187e-22
"ENSG00000117399.14",689.294575380987,5.18181253294182,0.505314836821689,10.2546217829941,1.12816789480227e-24,5.64194012561603e-22
"ENSG00000109805.10",263.274368505266,4.05555967770238,0.4003971051098,10.1288436553262,4.11486671177096e-24,1.79513249059897e-21
"ENSG00000088325.16",818.203926662714,4.42363289872932,0.438374535068971,10.0909896557594,6.05558842811438e-24,2.58674552354286e-21
"ENSG00000135069.14",236.937099216192,3.24258587497514,0.323472158220428,10.0243121164249,1.19186630038494e-23,4.79176992609664e-21
"ENSG00000011426.11",899.129209347397,4.83880445910724,0.48907374624683,9.89381355315104,4.42829944870023e-23,1.56548020510602e-20
"ENSG00000090889.12",341.336446526009,4.21515909234527,0.427529061060686,9.85935103893897,6.2451720128193e-23,2.13418344918078e-20
"ENSG00000134057.15",580.116177869922,2.9184226749802,0.299963591374599,9.72925634609979,2.26240832884105e-22,7.48200328621884e-20
"ENSG00000157456.8",398.471102665631,3.80403787419687,0.400108161511496,9.50752381512611,1.9525481271115e-21,5.80218069540496e-19
"ENSG00000276043.5",790.70504298086,4.74454950564764,0.502487731708447,9.44212008821843,3.65311774535879e-21,1.04032675348384e-18
"ENSG00000149554.15",317.795275824426,3.17993491675564,0.336894828719613,9.43895437291558,3.76517834927001e-21,1.05755091607441e-18
"ENSG00000092853.14",206.314805183995,3.60338495047773,0.382548486684707,9.41942021965862,4.53585641471074e-21,1.25679999901661e-18
"ENSG00000183856.11",931.185537078065,4.89173439781273,0.526402938419509,9.29275663334982,1.50343097225908e-20,4.05609850726318e-18
"ENSG00000143228.13",272.20174765197,4.04574858298428,0.443581839008734,9.12063621005147,7.46845961006085e-20,1.89053451660108e-17
"ENSG00000078098.15",695.519672423045,2.79595875528743,0.30700237805001,9.10728696320386,8.44677473247336e-20,2.06181748945993e-17
"ENSG00000099953.10",7749.17227321893,7.99727144666851,0.88103825760787,9.07709895411593,1.11507218938593e-19,2.68981649072578e-17
"ENSG00000163808.17",194.251962511283,3.45281926524467,0.380503545619007,9.07434189510005,1.14366528024639e-19,2.72671080304325e-17
"ENSG00000134690.11",345.215895711176,4.21447891560383,0.466137969786048,9.04126929959864,1.54862999434369e-19,3.6497826901176e-17
"ENSG00000186193.9",208.439791668769,3.99948214956919,0.443182532829986,9.02445799032308,1.80587096723041e-19,4.20767935364686e-17
"ENSG00000137807.16",468.1278755326,3.32304085787421,0.369202166408502,9.00059956364787,2.24488325385853e-19,5.17180744237252e-17
"ENSG00000165304.8",350.525292919305,4.15911854933717,0.462966463091128,8.9836281478525,2.61982036867829e-19,5.96853298215329e-17
"ENSG00000237649.8",527.028546140711,3.80500579820253,0.424768200010081,8.9578405306994,3.31098883735363e-19,7.46027638693393e-17
"ENSG00000135476.12",259.301493043736,2.82284173029591,0.315967517758861,8.93396178923124,4.11019348347206e-19,9.06187174033453e-17
"ENSG00000093009.11",237.898250740972,3.93977286830009,0.445839306603567,8.83675532853649,9.8538620791083e-19,2.08292358835089e-16
"ENSG00000184661.14",105.456731888281,3.78692076004052,0.43065173112088,8.79346461741626,1.45017287336754e-18,3.03411679546205e-16
"ENSG00000112984.12",400.940099060958,3.96058427265436,0.451403923754902,8.77392522357612,1.72543830407951e-18,3.53783869868463e-16
"ENSG00000077152.12",313.959980577245,3.85862232794268,0.44343866330761,8.70159200634698,3.27260301078848e-18,6.45206270511606e-16
"ENSG00000170296.10",239.915442452866,2.67742601942123,0.310870865071496,8.61266307090393,7.13826537956122e-18,1.34277975543599e-15
"ENSG00000131153.9",165.887566932209,2.899188081447,0.336687703734799,8.61091168250868,7.24818150767155e-18,1.35106103302998e-15
"ENSG00000105219.10",175.728496575392,4.94673559162409,0.576513323049611,8.58043586132077,9.45143195271554e-18,1.73028714962928e-15
"ENSG00000146670.10",336.314795162005,3.24210576565823,0.378104214729883,8.5746353501359,9.94012255637718e-18,1.80364843270759e-15
"ENSG00000137745.13",821.580842481848,10.754734869243,1.25448055578767,8.57305824281207,1.00772506875311e-17,1.81249077278191e-15
"ENSG00000123473.17",310.212091476087,3.24993230710396,0.38072795510196,8.53610107572379,1.38826928915455e-17,2.47522378302826e-15
"ENSG00000088836.14",348.06226910046,3.46832175502804,0.415114967697609,8.35508720455136,6.53843916060426e-17,1.05562327991362e-14
"ENSG00000175063.17",674.001108838777,4.6752807045315,0.559899895296684,8.350208213656,6.81427336389417e-17,1.08309969808749e-14
"ENSG00000122952.17",560.181691829428,3.22438217383308,0.388923459380857,8.29053145563938,1.12743572295184e-16,1.75128348965187e-14
"ENSG00000094804.12",313.811988968499,3.29835042051519,0.399476630295823,8.25667929078274,1.49781170803896e-16,2.29187546728589e-14
"ENSG00000075218.19",310.221200898733,3.94448022922247,0.478461323085363,8.24409422225906,1.66415987108112e-16,2.52755066641832e-14
"ENSG00000170373.9",188.244203133292,10.4428665461393,1.26798893260456,8.23577105258221,1.78404828665065e-16,2.68971515216801e-14
"ENSG00000168496.4",625.133053270056,1.97275047700369,0.240110996450138,8.21599387853673,2.10414194065312e-16,3.14914790884319e-14
"ENSG00000243364.8",268.59518460382,2.45722563786968,0.300042292614545,8.18959759458446,2.62101019771464e-16,3.83865664956722e-14
"ENSG00000142583.18",292.2412764233,3.64358451415629,0.445495828841338,8.17871746102013,2.86880892937255e-16,4.14239847097569e-14
"ENSG00000234380.4",135.656941242369,4.42546966718957,0.542083446590065,8.16381628147412,3.24602485872368e-16,4.65430025896995e-14
"ENSG00000123485.12",335.541214405983,4.88983892556619,0.600987293970601,8.13634327151914,4.07395649213619e-16,5.72139752840825e-14
"ENSG00000272620.2",849.040337119171,6.88686443692866,0.852416799758048,8.0792218535386,6.51813507523506e-16,8.90985610550798e-14
"ENSG00000128165.9",224.01507289166,4.24184445464527,0.52609993929154,8.06281114640965,7.45596638748729e-16,1.00577062374368e-13
"ENSG00000111206.13",689.038666886869,4.23302410790357,0.529477223176047,7.99472370598295,1.29864760791643e-15,1.71790132598183e-13
"ENSG00000126787.13",390.3008375843,4.92297308339311,0.617799911118106,7.96855582980488,1.60539338725043e-15,2.07025069259012e-13
"ENSG00000089685.15",469.236182300218,4.05917990012265,0.509877150528101,7.96109395355016,1.70524837464771e-15,2.18527579211104e-13
"ENSG00000117650.13",289.246563370491,4.86158299585068,0.612141329960929,7.94192902505207,1.99060840288873e-15,2.53512016725656e-13
"ENSG00000162063.13",251.257639823523,2.7310337743892,0.344415124014858,7.92948272001952,2.20060576739079e-15,2.75129394235249e-13
"ENSG00000085999.13",142.781136856427,3.97861173087108,0.50241717120763,7.91894059135742,2.39542760154427e-15,2.97671803285234e-13
"ENSG00000143476.18",357.118960988739,2.40581885318649,0.305097780013678,7.88540268329265,3.13522841635201e-15,3.84938463765759e-13
"ENSG00000135744.9",1202.06665437113,4.2639341475132,0.545683940811311,7.81392639331419,5.54334748047684e-15,6.60818585695914e-13
"ENSG00000105699.17",5830.88602102211,2.43483318294244,0.311910840270392,7.80618326965397,5.89458471046875e-15,6.98627542794516e-13
"ENSG00000100985.7",2930.05177328242,4.95328897356353,0.635863752070164,7.78985900271442,6.70840126688214e-15,7.90511836644549e-13
"ENSG00000111344.12",108.640255514187,3.73470495830723,0.481288469661922,7.75980559212368,8.50596709533691e-15,9.79810951251619e-13
"ENSG00000142945.13",468.271647631397,3.92536516320677,0.506677893943568,7.74725957087829,9.38968912161291e-15,1.07556528351704e-12
"ENSG00000138160.7",407.285641449556,2.97143847885189,0.384132864889391,7.73544455694387,1.03042398815184e-14,1.16728251121907e-12
"ENSG00000079462.8",463.596665142654,2.23064962007923,0.288472673918229,7.73262018124993,1.05355278601671e-14,1.18043968986266e-12
"ENSG00000171877.21",299.570423001193,6.8498411577347,0.887827124072584,7.71528710039129,1.20710199259258e-14,1.33786050033071e-12
"ENSG00000168078.10",100.768962665552,3.23715625566909,0.419664214889429,7.71368189332512,1.22238930861895e-14,1.34751991311413e-12
"ENSG00000066279.19",439.270654587072,4.51489764422826,0.586463971317345,7.69850811821682,1.37663989767462e-14,1.49347219375241e-12
"ENSG00000143320.9",1341.9456181165,4.95835178964801,0.646566023820111,7.66874782617333,1.7368351821791e-14,1.8547952383021e-12
"ENSG00000087586.18",409.454209732348,2.91079881919974,0.38214750982373,7.61695090082461,2.59738076256108e-14,2.74519047193569e-12
"ENSG00000186185.14",320.261595865206,4.89597852510226,0.645172339779675,7.58863674591851,3.23288671974932e-14,3.39933893855077e-12
"ENSG00000186076.5",182.748334742259,3.0874081181551,0.40720413126465,7.58196658900923,3.40355937845189e-14,3.54246606577551e-12
"ENSG00000167513.9",369.770051893639,3.69157885519641,0.487728840543394,7.56891647228306,3.76350030604968e-14,3.87772915955993e-12
"ENSG00000101003.12",250.460017614403,3.35905172955695,0.444656141354705,7.55426815723977,4.21221546653613e-14,4.31836329629285e-12
"ENSG00000112742.10",180.346479046293,4.02496533548193,0.533097583963407,7.5501473962002,4.34765920084368e-14,4.43504498776611e-12
"ENSG00000129810.15",67.0626546738039,3.68881694960073,0.488768780575422,7.54716155409502,4.44846646031207e-14,4.50049742271299e-12
"ENSG00000211970.3",91.4893714255447,6.8972386139745,0.914631044223437,7.54100646105946,4.663580074694e-14,4.66449004153785e-12
"ENSG00000178999.13",219.063265988678,3.53825705177947,0.470019188178383,7.52789915980329,5.15631875303563e-14,5.13228930641954e-12
"ENSG00000247627.2",275.307782475218,3.8968268298501,0.51953888412068,7.50054894629395,6.35511206426847e-14,6.2346994146297e-12
"ENSG00000076382.17",563.843009535804,3.23342502200852,0.431777827608052,7.48863145641575,6.95954596469993e-14,6.73728154763631e-12
"ENSG00000154839.10",88.112750687553,3.72048150781089,0.496825322186951,7.48851023018288,6.96597584909724e-14,6.73728154763631e-12
"ENSG00000290931.2",150.356173961519,3.80834214252722,0.508639896698123,7.487305198136,7.03020957991017e-14,6.76748437682996e-12
"ENSG00000115163.15",114.592780189781,4.04424708578306,0.541130233952159,7.47370379999985,7.79685342873381e-14,7.4356596605934e-12
"ENSG00000162062.15",179.690294603498,4.21401659053208,0.568031499704449,7.41863187644465,1.18336313255579e-13,1.10793048721114e-11
"ENSG00000198826.11",197.359699688574,2.37394841527088,0.323207579678316,7.34496516954717,2.05812687684058e-13,1.87554815478842e-11
"ENSG00000138180.16",478.329393737355,4.26789786912297,0.581329113512039,7.34162072726569,2.11022681731253e-13,1.91451728593699e-11
"ENSG00000185842.16",256.484881242318,2.23360414920056,0.305130872153301,7.32015129586224,2.47691536460618e-13,2.20811620156022e-11
"ENSG00000127564.17",382.495434144067,4.46073363255113,0.610010469007842,7.3125525858701,2.62114646302495e-13,2.31655116714929e-11
"ENSG00000211959.2",1737.36444539539,6.87364596946854,0.940620891302381,7.30756251857356,2.72031769264016e-13,2.39387956952334e-11
"ENSG00000085840.13",147.627638572391,3.06740711101135,0.421470433028238,7.27787021493354,3.39131348244196e-13,2.92165931277269e-11
"ENSG00000142731.11",207.248626315993,2.4651678075582,0.339281786305283,7.26584186673686,3.7072207332639e-13,3.18045413869636e-11
"ENSG00000149503.14",672.052688984154,1.62532236402736,0.223971156781606,7.25683783297243,3.96244280870187e-13,3.37120030496361e-11
"ENSG00000140534.14",150.396761982668,3.44019174581002,0.475393330120984,7.23651664387997,4.60355193810773e-13,3.88441271353748e-11
"ENSG00000165548.11",256.211253914622,4.85401896209945,0.672008158174425,7.2231548130098,5.0795130248396e-13,4.26845635497177e-11
"ENSG00000073111.15",798.158306831811,2.92198138217371,0.405039475463606,7.21406568786716,5.43055382585936e-13,4.54481941409879e-11
"ENSG00000188095.6",173.768342498978,6.68672246924723,0.93057251808984,7.18560062677638,6.6912371558509e-13,5.46602098181541e-11
"ENSG00000035499.13",125.002729918513,3.61801480726892,0.503580109683377,7.18458639985548,6.74109417523371e-13,5.48489662575365e-11
"ENSG00000228288.10",50.8578589472661,4.45716546495634,0.620549391863003,7.18261192968882,6.83920274189821e-13,5.52090602440476e-11
"ENSG00000169679.15",393.79425276728,3.29573687914987,0.459327956848821,7.17512798863797,7.2239572066869e-13,5.78593822523079e-11
"ENSG00000169607.13",160.669230169347,3.56716756783719,0.498305392990579,7.15859715350228,8.15068150855119e-13,6.50278496697796e-11
"ENSG00000121152.10",266.352778448022,3.27866252472614,0.45838771911223,7.15259678220876,8.51514541867998e-13,6.74110199477275e-11
"ENSG00000065328.17",113.718742734274,3.55070862503461,0.496480251949036,7.15176205115022,8.56709820841957e-13,6.75614544867057e-11
"ENSG00000024526.17",174.67705595209,4.68399884018282,0.656117636386238,7.13896194892936,9.40383591961169e-13,7.3593989196839e-11
"ENSG00000051341.15",153.67846979489,3.33701818924296,0.467530448374831,7.13754195227856,9.501462823609e-13,7.40752827890794e-11
"ENSG00000230623.9",65.6602050051814,5.14155935920224,0.72174598030745,7.12377969463999,1.05006840416387e-12,8.12475568263244e-11
"ENSG00000198406.7",76.8075075664705,3.34850448497242,0.472896255700073,7.08084372547063,1.43279407010362e-12,1.08405939532858e-10
"ENSG00000305880.1",102.432241861399,5.35421683093726,0.757649919783751,7.06687441142403,1.58462239984834e-12,1.19015009840624e-10
"ENSG00000072571.20",195.145019796223,3.37419637912656,0.477940931197331,7.05986066243286,1.66669644720742e-12,1.24722423188106e-10
"ENSG00000180198.17",1008.99599190458,1.98099514284817,0.282165212251701,7.02069233496103,2.20771518855042e-12,1.62247283964293e-10
"ENSG00000197299.13",157.658325130047,2.42705074318463,0.347008277753594,6.99421569680261,2.66746905176532e-12,1.91908019078583e-10
"ENSG00000175832.13",540.267325672307,3.6288035674159,0.521057019673674,6.96431183229915,3.30012902130815e-12,2.34950852267022e-10
"ENSG00000138100.14",46.7592095786909,4.63229165253545,0.666779774329111,6.94725879649887,3.72452095277045e-12,2.6333647453657e-10
"ENSG00000118193.12",168.095528042856,3.68773781980998,0.531014787051789,6.94469892314002,3.79268309360519e-12,2.67234275433955e-10
"ENSG00000180581.7",56.895630158019,3.54459115187823,0.510880561047753,6.9381993016307,3.97129206000803e-12,2.76963851695254e-10
"ENSG00000230838.3",168.447135400854,4.97403553539686,0.718037461268187,6.92726466751719,4.29055436020851e-12,2.98215344412594e-10
"ENSG00000160957.15",761.886036737902,3.22405541432538,0.465600196292146,6.9245147231476,4.37472542458591e-12,3.02225025010361e-10
"ENSG00000185883.12",747.54987908569,3.29651785151193,0.47607148659813,6.92441774882989,4.37772300175951e-12,3.02225025010361e-10
"ENSG00000172927.9",415.933452311785,8.28974539420549,1.19751643527575,6.92244811846497,4.43904394582499e-12,3.05430057265757e-10
"ENSG00000051180.17",117.909123414926,2.7336051642255,0.395479255308536,6.91213288063076,4.77420317646458e-12,3.26300873100766e-10
"ENSG00000135451.13",309.584251049386,4.38099808360401,0.634274355762623,6.90710265014025,4.94652021339196e-12,3.36954984901624e-10
"ENSG00000069011.16",169.023918153483,5.69792057911002,0.825295271660264,6.90409938693504,5.05229202235967e-12,3.43020515319413e-10
"ENSG00000115255.12",493.553842421774,3.36110464717417,0.486861669263657,6.90361320137934,5.06962220134233e-12,3.43061167050571e-10
"ENSG00000258947.8",75.1290624663096,5.36550411510069,0.779531564584775,6.88298506290592,5.86111754214582e-12,3.91453922098234e-10
"ENSG00000137868.19",741.856662133878,7.05721471115462,1.02805220264932,6.86464626306715,6.66562151144249e-12,4.38050972662233e-10
"ENSG00000147689.17",730.138924765194,6.38797390719121,0.930889958852515,6.86222237810526,6.77974114585845e-12,4.44127196340836e-10
"ENSG00000104738.19",1766.19954513472,2.66162424194172,0.388456495368906,6.85179492085479,7.2929058622274e-12,4.76222107640479e-10
"ENSG00000099977.16",156.432603210026,2.81696803155542,0.411250449142685,6.84976280859468,7.39725349149681e-12,4.81502493935398e-10
"ENSG00000101057.16",652.06832261082,4.36603374691379,0.637703966872188,6.8464898663377,7.56840042280006e-12,4.91083804649027e-10
"ENSG00000164045.12",93.3441545717549,3.42601793724131,0.500723897991818,6.84212986634262,7.80243043348805e-12,5.03085011346663e-10
"ENSG00000128050.9",1039.10803842926,1.67075671266343,0.24486580087349,6.823152546021,8.90639912612129e-12,5.72466481761727e-10
"ENSG00000145386.11",363.924287982512,3.27203881562393,0.480946243074937,6.80333584623532,1.02223958183957e-11,6.52959513583758e-10
"ENSG00000175643.10",246.969890593242,2.47896650667014,0.364661412723644,6.79799512691739,1.06085042949208e-11,6.73426538894908e-10
"ENSG00000282849.2",28.7037711247191,3.49130117483033,0.513782855001513,6.79528548071159,1.08098255577359e-11,6.84088466777213e-10
"ENSG00000129173.13",172.541847358718,4.21851157146521,0.620984536156269,6.79326348056376,1.09624899185344e-11,6.89493537698249e-10
"ENSG00000062038.15",2166.39160595701,4.28371992277625,0.632903973212283,6.76835681886206,1.30253201701274e-11,8.14241356000892e-10
"ENSG00000172061.9",1515.13573181944,5.66003015898171,0.836303960245262,6.7679102671256,1.30655743680018e-11,8.14275187968114e-10
"ENSG00000080031.10",179.514203488118,5.52618782396807,0.816842627133293,6.76530293645694,1.3303055212018e-11,8.24104175358203e-10
"ENSG00000100526.21",277.042937432624,4.09087070974013,0.604723677910029,6.76485948735873,1.33438639396666e-11,8.24104175358203e-10
"ENSG00000142273.13",206.63540434737,3.81338992865684,0.564446088892102,6.75598609628386,1.41867023761335e-11,8.73525962523245e-10
"ENSG00000178222.14",331.481432610661,2.65236742724417,0.393458534636329,6.7411612501829,1.571257063211e-11,9.61703129076965e-10
"ENSG00000169136.13",1130.40384009083,1.49919364444566,0.223346626863073,6.71240781874342,1.91438744468287e-11,1.15448824016993e-09
"ENSG00000164109.14",287.624176506963,2.10563992487529,0.313875382366639,6.70852205419436,1.96605460066352e-11,1.18216960504413e-09
"ENSG00000164855.16",2936.07720631003,5.10151310527353,0.762688219313744,6.68885787938851,2.24919028175194e-11,1.34062202142563e-09
"ENSG00000196611.6",758.421145085935,5.1601032360866,0.771803874348013,6.68577006100887,2.29713471917483e-11,1.35736167959541e-09
"ENSG00000280411.1",484.634450691254,7.78164929127962,1.16435771232613,6.6832118763001,2.33761215729268e-11,1.37731033543474e-09
"ENSG00000123500.10",2531.91465143614,6.3662959193559,0.953884150638815,6.67407663193941,2.4879359654647e-11,1.46168020160138e-09
"ENSG00000171848.16",853.393732835281,3.57272338948151,0.535376589519258,6.67329027720401,2.5013094381574e-11,1.46533853485655e-09
"ENSG00000176890.16",253.85412417985,2.71366522398283,0.408071392261962,6.64997663507071,2.9313955076285e-11,1.70270066539419e-09
"ENSG00000228232.1",100.483778604442,2.8778908207525,0.433282429867475,6.642066749932,3.09314815487367e-11,1.78653266950788e-09
"ENSG00000168528.12",2780.41904492342,2.74549760153418,0.415170647551418,6.61293763835786,3.76767204490898e-11,2.15187597796139e-09
"ENSG00000148848.15",844.425153326149,3.82685842006627,0.578972875711952,6.60973696800642,3.85003474825546e-11,2.19280867995083e-09
"ENSG00000115507.10",50.2775062904811,5.01822654963593,0.761861210202234,6.5867988584218,4.49410447786734e-11,2.52457858121074e-09
"ENSG00000140297.13",200.885752071954,5.54551338940653,0.843304386222171,6.57593329289947,4.83489288035413e-11,2.69619792284248e-09
"ENSG00000237523.3",84.4856907905483,2.46448794089646,0.374781170308599,6.57580512614115,4.83905986932322e-11,2.69619792284248e-09
"ENSG00000164932.13",2961.26128916718,4.91079777669089,0.747505288303133,6.56958265517907,5.04564805063053e-11,2.80368475962408e-09
"ENSG00000132646.11",1743.23158944692,1.78793046047889,0.272620234508346,6.55831898796255,5.44177082302987e-11,3.00749512009177e-09
"ENSG00000008300.17",543.17160422328,3.86057701454606,0.590145357118582,6.54173919692522,6.08074788192222e-11,3.31594825986524e-09
"ENSG00000105173.14",154.982187023064,3.25544527940843,0.499640393035863,6.51557665229593,7.24109338736718e-11,3.92781425435388e-09
"ENSG00000159259.8",248.599141905292,2.02229443313087,0.311611925255456,6.48978511163531,8.59588900370976e-11,4.62249013424794e-09
"ENSG00000189057.11",337.943748075464,4.18502428945936,0.645784442680168,6.48052819620499,9.14020705604689e-11,4.88048972596837e-09
"ENSG00000186871.7",70.1552078527781,3.55239938622078,0.550811193020855,6.44939578431239,1.12296948756526e-10,5.93437277655623e-09
"ENSG00000158402.21",64.6459659368201,3.96990485744265,0.61819454211869,6.42177273813661,1.34696414646088e-10,6.99193743266681e-09
"ENSG00000165480.16",99.9098841748753,3.58688458686865,0.560589173868767,6.39841929538998,1.56993684380134e-10,8.02742769209542e-09
"ENSG00000150551.11",60.434250086675,3.77438365324703,0.590433386595212,6.39256474809522,1.63126114149013e-10,8.32024339430688e-09
"ENSG00000091651.9",198.082420732076,3.06670329866966,0.480257998647443,6.38553299956785,1.70801504585632e-10,8.66859913372229e-09
"ENSG00000003147.19",1327.53042963791,1.56330073145897,0.245365602730603,6.37131168371378,1.87418318109464e-10,9.46508668600112e-09
"ENSG00000187583.11",355.171734919606,4.58609312643391,0.721395465831737,6.35725249693155,2.05394229277349e-10,1.02968295283686e-08
"ENSG00000105011.9",423.586608333143,3.47654462916459,0.547349836608158,6.35159526256224,2.13093385330585e-10,1.06308193985847e-08
"ENSG00000111012.12",196.754613766063,2.99677013974676,0.472206607219076,6.34631132629712,2.20538719653334e-10,1.09225263472753e-08
"ENSG00000205426.11",629.780431699087,7.2100337481372,1.1360677139195,6.34648239695343,2.20293740128365e-10,1.09225263472753e-08
"ENSG00000232216.1",718.904153975141,7.77840174242933,1.22904716650618,6.32880653762137,2.47064638680098e-10,1.21482334568267e-08
"ENSG00000114631.11",859.902003344654,2.9405895411491,0.464912782548916,6.32503482702093,2.53175474733094e-10,1.24189232869076e-08
"ENSG00000124143.11",894.872164794138,6.81982062245755,1.08140429268882,6.30644863217685,2.85510675830643e-10,1.3839505667214e-08
"ENSG00000204949.12",31.7225238019352,4.60841885151686,0.732607750621726,6.29043147251164,3.16584782637251e-10,1.52376863455263e-08
"ENSG00000144554.13",275.776852408955,1.59395329963576,0.25358021839837,6.28579512117816,3.2617988015053e-10,1.56627453456826e-08
"ENSG00000211956.2",750.509034929909,6.41847443300812,1.0226300312541,6.27643843505829,3.46416461767455e-10,1.65956147945792e-08
"ENSG00000133195.12",1129.21380117233,1.64857248227564,0.263208412456415,6.26337306961503,3.76737832341143e-10,1.79642616612158e-08
"ENSG00000075702.19",780.787595828153,4.31105935592573,0.689660126664978,6.25099116107078,4.07855961909551e-10,1.93133455958278e-08
"ENSG00000164362.21",49.5235897375112,7.8486537156245,1.2617887419788,6.22025974278059,4.96332537779701e-10,2.33412898042087e-08
"ENSG00000140525.20",571.913874873091,2.13120424816574,0.342685296361194,6.21912953603773,4.99920471102154e-10,2.34562227448022e-08
"ENSG00000120334.16",182.756514654408,1.84675077158509,0.297616319692071,6.20513946780821,5.46484165521846e-10,2.55824459585843e-08
"ENSG00000262406.3",595.411920720891,6.07871490182297,0.980858193482872,6.19734324718073,5.74241808753151e-10,2.67596682878968e-08
"ENSG00000137812.21",199.074183597267,3.25639625100414,0.527131361266028,6.17758018263826,6.50915198255283e-10,2.99918319663513e-08
"ENSG00000085552.18",571.598655418357,4.13680566507276,0.670451547732306,6.17017841045313,6.82129796666714e-10,3.12894616350208e-08
"ENSG00000111247.15",287.157196993536,2.78191679568382,0.451068579533879,6.16739210378734,6.94254532375588e-10,3.1774542258547e-08
"ENSG00000256663.1",53.8670294634803,4.31824541054956,0.702526908939265,6.14673310815896,7.90950492935402e-10,3.58797542193528e-08
"ENSG00000211966.2",799.701775034396,5.02809304478474,0.823314315103943,6.10713667009416,1.01434377286392e-09,4.54107089930171e-08
"ENSG00000125508.4",323.797127291817,3.75548336688328,0.615890360713689,6.09764920258122,1.07639636830232e-09,4.78751217693508e-08
"ENSG00000178458.5",140.376516869621,2.0801025982262,0.341666687707152,6.088104790623,1.14255083361705e-09,5.05979747137884e-08
"ENSG00000189127.8",74.3463652597331,5.28266013772741,0.867678635922187,6.08826807417345,1.14138643995433e-09,5.05979747137884e-08
"ENSG00000165891.16",90.7445155588328,2.88456264955324,0.474743062677055,6.0760501339131,1.23178913191775e-09,5.43152781953583e-08
"ENSG00000162298.19",2617.1667841673,1.44503791102293,0.238616204438247,6.05590854328127,1.3962731930012e-09,6.13044658443182e-08
"ENSG00000127252.7",34.3999747968808,3.42458980468265,0.566900775335761,6.04089807895279,1.53258770293846e-09,6.70025122836891e-08
"ENSG00000100558.9",467.905727725439,3.36655900404382,0.557938907928028,6.03392048162751,1.60028834231841e-09,6.95176105315608e-08
"ENSG00000156234.8",252.699683982527,4.71386401027508,0.783787749545952,6.01420985847995,1.80766211227867e-09,7.78661847692474e-08
"ENSG00000029559.7",48.1891245267467,6.10408456662659,1.01622557053494,6.00662367058271,1.89426499305353e-09,8.12552498275514e-08
"ENSG00000123213.23",589.6031073359,1.70381682483004,0.284304609649358,5.99292718796015,2.06097144215341e-09,8.80378301039864e-08
"ENSG00000101213.7",589.825317470064,2.07695143665654,0.346883587856938,5.98745950907634,2.13143981164107e-09,9.06702114064075e-08
"ENSG00000227066.3",246.702300181776,5.89289584583703,0.985467667437992,5.97979623335316,2.23416916844328e-09,9.46475302267788e-08
"ENSG00000160161.9",560.077881760827,5.76806444403747,0.966963008082272,5.96513454581575,2.44432543623106e-09,1.03124380132678e-07
"ENSG00000117394.24",2927.30160908152,3.91022735434914,0.656038857323147,5.9603593761262,2.51683809599207e-09,1.05776661108509e-07
"ENSG00000155066.16",1382.86503774402,3.25228248271477,0.54665620639544,5.94941106433196,2.69109015480019e-09,1.12379047930801e-07
"ENSG00000184368.16",182.085703891255,4.06785439538692,0.684428858021756,5.94342910546536,2.79120499058896e-09,1.16086951576138e-07
"ENSG00000254726.3",533.635713397742,3.67111454741435,0.61833818173088,5.9370659226283,2.90168015752394e-09,1.20194040302769e-07
"ENSG00000158125.10",417.079521817616,4.52096626308761,0.761964304125117,5.93330453751184,2.96897408989749e-09,1.22733557942053e-07
"ENSG00000243479.4",27.2152343608364,5.9555830338945,1.00460327078994,5.92829349362111,3.06099041545653e-09,1.26282791707285e-07
"ENSG00000267751.7",95.5363816517599,3.39349929215393,0.572562769702121,5.92685985140009,3.0878228933979e-09,1.27133977120945e-07
"ENSG00000114346.14",728.799811459106,2.12116420217618,0.360526809682244,5.88351308477087,4.01648325998044e-09,1.62114119611494e-07
"ENSG00000303230.1",24.3497321962873,3.80533183452201,0.647693182036142,5.87520749031085,4.22314050230465e-09,1.69681180184152e-07
"ENSG00000117139.18",2341.25922266346,1.41270841707872,0.240663034937426,5.87006815336654,4.35616029271393e-09,1.74110547060051e-07
"ENSG00000139973.18",36.7674803906659,5.57651698409254,0.951937358663504,5.85807136713473,4.68273424225789e-09,1.86799188527735e-07
"ENSG00000164485.15",74.6638608338001,5.23465318301287,0.894163718816344,5.85424466779113,4.79182760752185e-09,1.90041843838739e-07
"ENSG00000198554.12",459.375458226687,2.70884154355774,0.46475866676273,5.82849064962282,5.593093016803e-09,2.18024295088458e-07
"ENSG00000165905.18",480.644882015941,2.46334454939742,0.422738943203118,5.82710580372018,5.63968599767657e-09,2.19423380828008e-07
"ENSG00000243649.10",541.108722538456,2.41001315622764,0.413934010856184,5.82221584363833,5.80724818908939e-09,2.24240709734631e-07
"ENSG00000171241.9",245.510950142339,2.48052219424256,0.427312297682667,5.80493987113064,6.43891068255717e-09,2.47234877593918e-07
"ENSG00000185090.15",283.509261654959,2.54999148751102,0.439935753658856,5.79628153952767,6.78014050956678e-09,2.58882683441634e-07
"ENSG00000129195.16",93.6461410050654,3.26949278921626,0.564099200663795,5.79595359356819,6.79340484339282e-09,2.58907012841871e-07
"ENSG00000183010.17",1410.05930317482,3.26409421864132,0.563565849444109,5.79185949940182,6.96113662809268e-09,2.6382836492128e-07
"ENSG00000122861.16",8200.65761571267,4.012860906944,0.693236170300485,5.78859136159127,7.09791392558798e-09,2.68515917214494e-07
"ENSG00000286042.2",1139.69666808575,10.2335621845519,1.77416014648647,5.76811637033914,8.01624472998393e-09,2.99936280918961e-07
"ENSG00000147536.12",99.9891218164148,1.97621388727273,0.342861340194338,5.76388660836649,8.21986516646069e-09,3.0699474567051e-07
"ENSG00000160949.18",790.144615107891,2.46634011753569,0.428651561385767,5.75371779718329,8.73018464691521e-09,3.23695670886708e-07
"ENSG00000169436.18",39.6244326388259,3.00195754637741,0.52250588708411,5.74530856126827,9.17535127326251e-09,3.37153051087768e-07
"ENSG00000169330.9",58.5869966029988,3.07384128966501,0.535446835059726,5.7407030696561,9.42842839493153e-09,3.45215171088707e-07
"ENSG00000138092.11",201.121056222091,1.6276258463917,0.283683187358335,5.73747729482381,9.60971576473282e-09,3.49977996518795e-07
"ENSG00000108379.11",253.245721463292,2.31608371634961,0.403838318569109,5.73517571229007,9.74113041496582e-09,3.5413499650436e-07
"ENSG00000186340.17",2719.76100154889,3.67610221966237,0.64325072432706,5.71488236333995,1.09779940340219e-08,3.9698904704336e-07
"ENSG00000211662.2",1059.47886752091,6.93151612023847,1.21326479700774,5.71311072185854,1.1092945141602e-08,4.00439695745434e-07
"ENSG00000297052.1",25.4898556788964,4.74151927088219,0.830062344842246,5.71224474925835,1.11495576528275e-08,4.01071105462412e-07
"ENSG00000302231.1",40.288975620264,5.76765613763015,1.01389409849422,5.68861791995433,1.28071660402016e-08,4.57488035693891e-07
"ENSG00000224373.3",1915.65824851327,5.99453330578521,1.05402008506249,5.68730462610666,1.29060120699762e-08,4.6021716779616e-07
"ENSG00000255571.10",308.296492004468,4.59721115807522,0.809335566265231,5.68022875763333,1.34514713064893e-08,4.78835013312947e-07
"ENSG00000182272.12",215.758968376521,3.31796214790267,0.584849503066095,5.67318965051372,1.40162910190622e-08,4.9721458660009e-07
"ENSG00000110427.17",130.81382464051,4.19725306805288,0.740467169690436,5.66838509505777,1.44149690933643e-08,5.08716912720036e-07
"ENSG00000112118.20",2343.55538755418,1.3550233766364,0.239120044461947,5.66670761409982,1.45567425674444e-08,5.12837542272989e-07
"ENSG00000164611.13",449.554569898274,2.61892189627944,0.463103635042939,5.65515296816146,1.55707534387677e-08,5.45748253860671e-07
"ENSG00000251546.1",628.041138860483,5.5390988847366,0.981209106078993,5.64517680321107,1.65011583163196e-08,5.76334820064733e-07
"ENSG00000104783.15",681.203762166635,2.81320188967662,0.498878327764893,5.6390541202311,1.70986794174229e-08,5.95231447835041e-07
"ENSG00000164171.11",3089.93640155738,2.60932780524778,0.462826058448142,5.63781523883264,1.72221141469211e-08,5.96490250791335e-07
"ENSG00000253341.1",18.6551175207139,4.57979155079377,0.812305585890634,5.63801558224219,1.72020946406761e-08,5.96490250791335e-07
"ENSG00000068489.13",415.232308035905,2.38963723828736,0.424013636726503,5.63575562506903,1.74292393367823e-08,6.02646076494747e-07
"ENSG00000169612.4",293.774741578844,1.39471599738961,0.247505384361311,5.63509355963583,1.74963322881494e-08,6.02932432329775e-07
"ENSG00000189325.7",39.1841051351159,5.87210059050846,1.04334560955477,5.62814520589614,1.82157719020044e-08,6.2667145483003e-07
"ENSG00000071564.19",2670.7923520973,1.41892019248903,0.252311120600335,5.62369264229389,1.86918100310125e-08,6.3982783451733e-07
"ENSG00000156802.13",1001.33751600066,1.97546947402801,0.351919856646442,5.61340724803906,1.98380959199512e-08,6.75681592595814e-07
"ENSG00000211935.3",623.888149209172,5.16671424550458,0.920518730520218,5.61282902150691,1.99045251883753e-08,6.76819874730426e-07
"ENSG00000169894.18",289.824736044182,5.04129850485143,0.899034896524409,5.60745586666396,2.0532234544666e-08,6.95856094386498e-07
"ENSG00000262772.3",48.3393263944489,5.0875921901588,0.908374020688437,5.60076804739861,2.1340413559648e-08,7.20862997738092e-07
"ENSG00000144481.17",49.0351446565905,5.4012847471666,0.964486604008337,5.60016564742242,2.14147073109252e-08,7.2218282681449e-07
"ENSG00000173227.14",103.820900432174,4.57520670195041,0.818410657966096,5.59035571863232,2.26604908555208e-08,7.57961997555625e-07
"ENSG00000286909.2",82.2859899516525,3.22281153039844,0.576730567381522,5.5880712982332,2.29605379895185e-08,7.66747346803073e-07
"ENSG00000170312.17",525.393604173133,2.15533915300619,0.386259779032239,5.58002481751096,2.40484269535394e-08,7.95304752024795e-07
"ENSG00000109674.4",70.259752908526,3.99278091074328,0.716153017619529,5.57531814082857,2.47077903268752e-08,8.13175815188201e-07
"ENSG00000111602.12",842.288299721268,1.7114806931759,0.307190385695052,5.57140058046896,2.52699553990645e-08,8.29016264803868e-07
"ENSG00000137573.14",4977.63255757219,2.64685645166703,0.47536854062861,5.56800929267831,2.57666086304029e-08,8.4261330679072e-07
"ENSG00000144452.15",115.22637599303,6.38694771813581,1.14890530944026,5.5591593716696,2.71077086339216e-08,8.82931217658554e-07
"ENSG00000277150.2",76.0450649648448,2.97235802715991,0.53573887420522,5.54814699898241,2.88713093424997e-08,9.33718181007278e-07
"ENSG00000007968.7",136.709843411154,2.86601706570358,0.516604432727969,5.54779805231125,2.89289736785416e-08,9.34109726464279e-07
"ENSG00000164418.22",118.518456727643,3.80599299195314,0.687703729116765,5.53434979455655,3.12385000711774e-08,1.00080344603035e-06
"ENSG00000164694.17",1447.1767957142,4.78416049825475,0.865035983846595,5.53059131364779,3.19153107303225e-08,1.02089162435964e-06
"ENSG00000111665.12",315.025213040005,4.01865089514472,0.726900056052981,5.52847789965202,3.23021108808803e-08,1.03165495560992e-06
"ENSG00000224041.3",244.084717747363,5.48854617197843,0.993507255967916,5.52441478309211,3.30585639751778e-08,1.05417231064859e-06
"ENSG00000138778.14",220.0003911644,2.80792638627879,0.508414939504958,5.52290298356074,3.3344387406982e-08,1.06163558911919e-06
"ENSG00000211945.2",538.44821327015,5.37529642233221,0.973795952499575,5.5199412243753,3.39113070936331e-08,1.07801153588814e-06
"ENSG00000124602.11",413.461550763799,3.56248354714367,0.647344683794234,5.50322515396766,3.72905684255285e-08,1.17450970045628e-06
"ENSG00000274576.2",281.560579936851,5.3686978744409,0.977089462015914,5.49458169711942,3.91637593943056e-08,1.23161613898902e-06
"ENSG00000265681.8",361.920273612924,1.66605065502968,0.303394605931247,5.49136544440489,3.98838122803394e-08,1.24661232773793e-06
"ENSG00000182481.10",1640.70034245301,2.09281004558905,0.382362814440906,5.47336186090474,4.41577124366412e-08,1.36975754281527e-06
"ENSG00000237686.9",89.9604493699279,4.14784446969364,0.758289383356141,5.47000203449446,4.50030412978787e-08,1.39387063258566e-06
"ENSG00000141934.10",2233.21718633252,3.49983508243987,0.640301307493046,5.46591900013867,4.60514605926294e-08,1.42204690962541e-06
"ENSG00000203805.11",102.388364624635,6.0118017786325,1.10105110951338,5.46005696437606,4.75981837487863e-08,1.46100772392981e-06
"ENSG00000066248.15",178.137007699745,3.86167781146326,0.707621326298816,5.45726600929568,4.83521707112191e-08,1.48193259830021e-06
"ENSG00000096080.12",311.790618046613,1.65750644864611,0.304192372868213,5.44887576574512,5.06892032711323e-08,1.54432603844175e-06
"ENSG00000211965.4",262.404615546302,5.06124694231923,0.929887108582709,5.44286171472293,5.24313494567415e-08,1.58796512446237e-06
"ENSG00000108821.14",120321.72973057,4.69427042709414,0.863605013093769,5.4356683390216,5.45914167608136e-08,1.65094750628868e-06
"ENSG00000231439.5",43.6326756433983,3.93820591299782,0.724738351920369,5.43396924222734,5.5114085086262e-08,1.66429926451946e-06
"ENSG00000211947.2",1522.76844182743,5.38585532641044,0.992126057955727,5.42859980666971,5.67978805337496e-08,1.71262315068235e-06
"ENSG00000105613.10",55.5475237407522,3.11797508853087,0.57568069222732,5.41615366057764,6.08947732845422e-08,1.83346025172725e-06
"ENSG00000125319.15",109.708565229746,2.51233743428838,0.464399646872601,5.40986077661164,6.30737639951913e-08,1.88522515591458e-06
"ENSG00000173898.16",1448.8653613753,3.55175170406711,0.656892552823995,5.40689902602496,6.41252700351553e-08,1.91386395458635e-06
"ENSG00000229140.13",41.3335735385765,4.44935761068324,0.82321824214045,5.40483359444813,6.48685876425253e-08,1.93042891294969e-06
"ENSG00000122691.13",108.959417511332,4.17191586264457,0.772677071445846,5.3993007128295,6.69011538868524e-08,1.97942461658878e-06
"ENSG00000151725.12",267.542381711985,2.5706712971303,0.476098667343863,5.39945073039582,6.68452383357679e-08,1.97942461658878e-06
"ENSG00000127423.11",62.4599344398485,3.62678858295174,0.672995180985792,5.38902608134471,7.08405258416528e-08,2.08096581927973e-06
"ENSG00000171320.15",86.7828816606857,3.01380170986774,0.560185420649078,5.38000740250557,7.44827759535881e-08,2.17549122243927e-06
"ENSG00000290871.2",198.114047697458,1.78216156145864,0.331339454238251,5.37865786480461,7.50431636743426e-08,2.18874114932962e-06
"ENSG00000171631.16",702.978606618354,3.03928400610253,0.565755150971233,5.37208366708635,7.78319780574615e-08,2.25723745132983e-06
"ENSG00000137648.20",682.9885913911,5.27860908068294,0.983279442776212,5.36837123918629,7.94508827842481e-08,2.29768815318508e-06
"ENSG00000104321.11",19.690011333049,3.60136214416702,0.671626043101277,5.36215380740374,8.22354707430283e-08,2.37152755571737e-06
"ENSG00000136492.10",160.104484031155,2.79488747462784,0.521311582863695,5.36126103178992,8.26429957009129e-08,2.37993256158921e-06
"ENSG00000089505.18",35.7718959613309,2.40280065932317,0.449094491317336,5.35032316311651,8.77973078110961e-08,2.51424022256804e-06
"ENSG00000291084.2",43.6598017349706,2.91591363093333,0.546512463188581,5.33549338275047,9.5285104230573e-08,2.72106654198283e-06
"ENSG00000178919.9",30.3039798818235,5.12529738762577,0.960707664006148,5.33491881000855,9.55873178887872e-08,2.72590036994672e-06
"ENSG00000185760.18",222.018732766772,4.59198820740555,0.860902311164997,5.33392482265675,9.61123276001984e-08,2.73706550710343e-06
"ENSG00000272141.1",205.062854595035,3.3855866297195,0.63481208236691,5.33321076230349,9.64912057227875e-08,2.7440439419418e-06
"ENSG00000137825.11",133.180976617306,4.92000324619088,0.923158189750214,5.32953431038957,9.84649180948675e-08,2.78857000085244e-06
"ENSG00000143217.9",886.995337811425,3.23684479451242,0.608888130005793,5.31599260192774,1.06077459432948e-07,2.96347913040177e-06
"ENSG00000146410.12",73.4585298498766,2.37432054307144,0.447188780750084,5.30943674188094,1.09964541170318e-07,3.05516660183766e-06
"ENSG00000125534.11",7037.38910347998,1.73951314924839,0.327758084857855,5.30730813246849,1.11256015270196e-07,3.07853351835371e-06
"ENSG00000211659.2",1592.95376004227,5.38960210418861,1.01614932949309,5.3039469177992,1.13325278642925e-07,3.12735062354582e-06
"ENSG00000221829.11",460.559182021398,1.55670438594203,0.293809639939193,5.29834346573586,1.16857995906042e-07,3.22050584416328e-06
"ENSG00000167996.16",7307.13994450482,2.971168325308,0.56080334762605,5.29805739906032,1.17041177925722e-07,3.22122458011947e-06
"ENSG00000136295.16",7382.09442999586,2.37241199930693,0.448224479367486,5.29291037976053,1.20384924856581e-07,3.29555740889098e-06
"ENSG00000278259.5",1197.82041491671,1.87461707942194,0.354310311233142,5.29089055550633,1.217221932497e-07,3.32772246718912e-06
"ENSG00000114270.18",5225.06110335246,5.1849881197067,0.980078525339732,5.29038029673121,1.22062288556112e-07,3.33257678369443e-06
"ENSG00000167670.16",643.470132757888,1.56361713349668,0.295790289776412,5.28623551056601,1.24859126475275e-07,3.40440362932054e-06
"ENSG00000161800.13",674.083712681355,1.73046819739347,0.327425051349098,5.28508185388802,1.25648562457095e-07,3.41684101408526e-06
"ENSG00000144120.13",189.04353858145,1.713647734701,0.325044556976865,5.27203947249288,1.34916050985259e-07,3.6591517320129e-06
"ENSG00000224650.2",976.269423196609,5.10116785390531,0.970049152039113,5.25866946348264,1.45101432114234e-07,3.90953976881769e-06
"ENSG00000163362.11",895.081378068846,2.69429488597749,0.512788681027177,5.25420116641518,1.48668316934698e-07,4.00038736276779e-06
"ENSG00000132026.15",17.8941780637205,5.70204650657575,1.08534685003792,5.25366292478441,1.49103656416094e-07,4.00684321252372e-06
"ENSG00000171124.14",1141.79345659098,3.73591581829089,0.711508850256921,5.25069479731963,1.51526565310015e-07,4.04018295853907e-06
"ENSG00000273162.2",41.7692611150619,2.33212727387736,0.444559718810892,5.24592574449915,1.55499526569294e-07,4.1407302503595e-06
"ENSG00000011009.12",1626.81731147674,1.16634303946432,0.222479148787957,5.24248247900281,1.58430440240631e-07,4.21330447042011e-06
"ENSG00000156413.15",229.792475313677,5.73015890462729,1.09320222877631,5.24162753586902,1.59166406752714e-07,4.22739378763944e-06
"ENSG00000230316.8",59.2486396746322,4.9037077441958,0.935758446265306,5.24035638018222,1.60266779640831e-07,4.25111261287918e-06
"ENSG00000186832.9",49.916938994729,7.24620508621207,1.38306795844727,5.23922562297457,1.61251796273696e-07,4.26620236231725e-06
"ENSG00000096063.16",751.162549071675,1.43388801654835,0.274011020557449,5.2329574687589,1.66819134374258e-07,4.4021358188028e-06
"ENSG00000259706.1",24.8732808382197,2.72737629130946,0.52249846678514,5.21987424784348,1.79044660634179e-07,4.69454184353351e-06
"ENSG00000261327.6",27.3608931098516,5.68095845502117,1.08859872073129,5.21859740125805,1.80283163303024e-07,4.7209782635571e-06
"ENSG00000003249.15",501.615821134387,3.08066356280827,0.591388536683096,5.20920405404997,1.89652448117319e-07,4.94737124198157e-06
"ENSG00000204382.12",232.002045796949,6.19513865347036,1.189645855629,5.20754863656025,1.91351691950526e-07,4.98535589803506e-06
"ENSG00000169962.5",380.872238291518,4.35747673555581,0.837198826827304,5.20482900348672,1.94175321713162e-07,5.04609733384877e-06
"ENSG00000106305.10",550.017837149109,2.10293811052193,0.404177638566408,5.20300459466514,1.96092019490531e-07,5.08945666789095e-06
"ENSG00000137310.13",705.549906587519,1.66695830188792,0.320607354422214,5.19937636768204,1.99958274647483e-07,5.17669755476263e-06
"ENSG00000243004.8",38.3497911339488,3.89567691176137,0.751827554377164,5.1816096511502,2.19979207585459e-07,5.65928942576191e-06
"ENSG00000162073.14",439.623481985393,2.4313629899125,0.469292362361603,5.18091318954616,2.20802241525618e-07,5.67334481233243e-06
"ENSG00000100297.16",1879.62975478774,1.62726413621126,0.314150998204863,5.17987892927239,2.22029957056541e-07,5.6977499868427e-06
"ENSG00000162873.15",215.184679114312,5.20978374485966,1.00617157428828,5.17782839228473,2.24483572954247e-07,5.75351397481735e-06
"ENSG00000128944.14",365.57137998464,1.95674113636918,0.37835125055635,5.17175807795498,2.31901700396234e-07,5.93622030577326e-06
"ENSG00000170775.3",267.166456439327,4.62815370979742,0.895706671299962,5.16704168685097,2.37828233377929e-07,6.08033677952749e-06
"ENSG00000184445.12",703.363202958263,2.08719609155635,0.404303472068271,5.16244909023166,2.43739675886847e-07,6.20824635327194e-06
"ENSG00000187566.6",127.573882004394,2.17299316678663,0.421577814742815,5.15442959946143,2.54404112416872e-07,6.4638189851246e-06
"ENSG00000049768.18",117.895015612189,2.63295963844745,0.511495866373527,5.14756777433015,2.63885673943768e-07,6.67076551793396e-06
"ENSG00000196584.4",83.3873899773526,2.51223188913375,0.48806206136574,5.14736155091382,2.64175848642332e-07,6.67076551793396e-06
"ENSG00000167964.13",125.542055464295,3.79075319459863,0.736569913215625,5.14649475438038,2.65398882194293e-07,6.69340551108461e-06
"ENSG00000107159.14",1300.52726505833,8.3436089551684,1.62436972664794,5.13652084146282,2.79871325622312e-07,7.04108179209801e-06
"ENSG00000253497.1",24.4496461751332,4.2924883417733,0.835717801600356,5.13628922771946,2.80216297192112e-07,7.04112127160181e-06
"ENSG00000148702.15",796.953073932872,6.21813694791596,1.21327103304093,5.12510129936167,2.97377817810807e-07,7.37295619878208e-06
"ENSG00000187741.16",399.390825351702,2.06005023864679,0.402301246825799,5.12066580678238,3.04458785837439e-07,7.5303051203991e-06
"ENSG00000181392.17",475.42884895536,2.37759713495369,0.464972653863394,5.11341283234306,3.1638978946406e-07,7.77848470404206e-06
"ENSG00000100350.16",972.85139816611,2.00279437504909,0.392191067720542,5.10668023800122,3.27867872529139e-07,8.02219911496117e-06
"ENSG00000167900.12",731.65367020325,2.70291203896434,0.530127357034745,5.09860885897874,3.42158741821848e-07,8.32220977736082e-06
"ENSG00000093217.11",146.862808075644,1.7476875808039,0.343483081605143,5.08813293696072,3.61605865710258e-07,8.73305850473867e-06
"ENSG00000145247.12",1214.7432089213,1.80686871449352,0.355284683070598,5.08569268699513,3.66286739867811e-07,8.82531529289025e-06
"ENSG00000101842.14",174.174805990285,4.51784580501628,0.889686814493326,5.0780181648406,3.81392239242428e-07,9.15698650284162e-06
"ENSG00000138316.11",288.218705424814,3.23549614267253,0.639649363633883,5.05823397414405,4.23157044540815e-07,1.00888512107731e-05
"ENSG00000217801.13",50.1448439335297,3.46760824493256,0.686008240547582,5.05476179435493,4.30928276445121e-07,1.02621990478871e-05
"ENSG00000228065.14",65.6532178257334,1.84222230713463,0.364802209755252,5.04992091021211,4.41993021817682e-07,1.05013034986672e-05
"ENSG00000154920.15",110.395969971948,2.83313075649684,0.56171274814546,5.04373590567536,4.56529299861634e-07,1.07841898206946e-05
"ENSG00000225526.6",42.4977841752036,2.49999596799857,0.496328379852396,5.03697968820974,4.72934944293258e-07,1.10823521117588e-05
"ENSG00000167767.14",823.023694632313,3.85566176691007,0.766647166997582,5.02925195955526,4.92397011213678e-07,1.14859025232369e-05
"ENSG00000243290.3",532.751381108311,4.71089058123825,0.937560498450587,5.02462570577949,5.04415320435759e-07,1.17395365836717e-05
"ENSG00000113296.14",400.247536303185,3.83014037321503,0.762641557691555,5.02220254664393,5.10822713624999e-07,1.18751801815952e-05
"ENSG00000117632.23",3906.06685557012,1.97463058932948,0.394479803186565,5.00565700291529,5.56718138844657e-07,1.28402122821944e-05
"ENSG00000162849.16",611.380157945167,2.72317030236185,0.544207252389491,5.00392137444885,5.61756769694852e-07,1.29418660739587e-05
"ENSG00000126249.8",98.1042522935289,1.74601875762033,0.34972241531271,4.99258463618668,5.95765922971938e-07,1.36792659402202e-05
"ENSG00000272913.3",87.0353818244092,2.26986039164798,0.455047775555899,4.98818039243254,6.09506431145005e-07,1.39791049935091e-05
"ENSG00000213937.4",182.047845085875,3.5612096599784,0.715161681874667,4.97958678468809,6.372017495467e-07,1.45330196581819e-05
"ENSG00000211962.2",248.797371697358,4.65238027471476,0.934677254674009,4.97752593363084,6.44021553570721e-07,1.4672242149349e-05
"ENSG00000112312.10",487.846973028257,1.76316485291253,0.354671499844954,4.97126172721322,6.65185793226202e-07,1.51055240726103e-05
"ENSG00000144354.15",704.053212196113,4.18969939752287,0.842798335988362,4.97117663694667,6.65477842281808e-07,1.51055240726103e-05
"ENSG00000048028.12",1072.22784602201,1.61634368752145,0.325483038643086,4.96598438511533,6.8353454842835e-07,1.54013103087636e-05
"ENSG00000185275.6",22.5377877160153,4.0361007371264,0.813694365173201,4.96021714033535,7.04144248142002e-07,1.58308921753329e-05
"ENSG00000036828.17",280.54738603598,6.3205507134377,1.27762245705627,4.94711929845118,7.53198188497084e-07,1.67500820574232e-05
"ENSG00000160207.9",58.2231135183257,4.04310704701004,0.81740884174226,4.94624824266934,7.56574657614273e-07,1.68069412564714e-05
"ENSG00000143369.15",3460.56331082024,3.5391737816905,0.715905514638205,4.94363251759428,7.66801844384659e-07,1.69789471028759e-05
"ENSG00000120708.17",9347.34501923473,2.2882066701707,0.463561441975103,4.93614538004134,7.96817197107918e-07,1.75299783363742e-05
"ENSG00000120659.16",29.7374569765704,3.83134602100613,0.777020898847787,4.93081463663008,8.18874087631618e-07,1.7883148604829e-05
"ENSG00000143799.14",4152.53466578848,1.39690588193795,0.283574030609691,4.92607125883345,8.38994112706832e-07,1.82509818003198e-05
"ENSG00000149380.12",163.237220092646,2.87422617170805,0.583482995530612,4.92598103753524,8.39381381081818e-07,1.82509818003198e-05
"ENSG00000304119.1",61.8808375839651,3.05083287181226,0.61952259415011,4.92449008417123,8.45806174333549e-07,1.83711968204821e-05
"ENSG00000196335.13",113.792199971291,3.62744742691077,0.737819553274652,4.91644252420681,8.81310567804609e-07,1.91018941672999e-05
"ENSG00000158315.11",111.344756765358,2.55186149129907,0.519707153870053,4.91019119574624,9.09876350617927e-07,1.96794353302426e-05
"ENSG00000267374.4",28.9074960065041,4.79672491580233,0.976861177139942,4.91034450754426,9.09165240152675e-07,1.96794353302426e-05
"ENSG00000130675.15",46.0779356848486,3.47253993027577,0.707645680258663,4.90717321839154,9.23984242122569e-07,1.99635120131519e-05
"ENSG00000137168.8",740.620279993448,1.33313989367614,0.271767004962798,4.90545161602172,9.32126168066723e-07,2.00970714511463e-05
"ENSG00000161888.12",112.894400636923,3.46513197771198,0.707569310460491,4.89723328370029,9.71954256331861e-07,2.09118049022334e-05
"ENSG00000136235.17",17783.0586539164,1.83856543728713,0.375815119140345,4.89220721479417,9.97113826804249e-07,2.13857969715422e-05
"ENSG00000165474.8",629.397507285027,4.53065638767528,0.926244417941527,4.89142638801986,1.00107833584817e-06,2.14483910117355e-05
"ENSG00000106327.13",58.6780717071171,2.78287335653015,0.569339505115329,4.88789787381157,1.01918373320869e-06,2.18135107157736e-05
"ENSG00000104415.14",421.218496682013,2.57479792073998,0.526953138642503,4.88619904110066,1.0280127355126e-06,2.19795340239316e-05
"ENSG00000172269.20",935.228909146515,1.51076998462324,0.309259699378401,4.88511754897203,1.0336716581091e-06,2.20545303619864e-05
"ENSG00000289929.2",57.9649549806263,3.13777778825186,0.642295637079997,4.88525471310504,1.03295228819057e-06,2.20545303619864e-05
"ENSG00000139629.16",1217.76256182585,2.47840398752465,0.507588271746169,4.88270538442234,1.0464015591164e-06,2.22797690219343e-05
"ENSG00000104835.15",97.0190300441534,1.59870462906485,0.327632360881217,4.87956874823014,1.06318059061056e-06,2.26135423546461e-05
"ENSG00000174607.12",183.820414998543,3.0039190496856,0.615938487777379,4.87697896672325,1.0772291685145e-06,2.2888608156706e-05
"ENSG00000059573.9",1932.99476820274,1.76886393205198,0.363089603737067,4.87170085247859,1.1064160612467e-06,2.34601395240975e-05
"ENSG00000100196.11",1178.26019249557,2.80928824582103,0.577737606115096,4.86256774024395,1.15872704943096e-06,2.44429417917e-05
"ENSG00000111845.5",577.948408206037,1.1736198425765,0.241445521890829,4.8608060045411,1.1690877724919e-06,2.45856160894091e-05
"ENSG00000150753.12",5880.51476530797,1.9702711888696,0.406610829007241,4.84559448079655,1.26233120453004e-06,2.64110602221264e-05
"ENSG00000178401.16",138.981927119599,3.33854805953702,0.689058461749128,4.84508680303024,1.26556335639557e-06,2.64516932309222e-05
"ENSG00000153404.15",1180.72525827231,3.82437857693058,0.789571184905469,4.84361467343626,1.27498080546445e-06,2.65672829626454e-05
"ENSG00000291096.2",16.101972045479,3.24241543440887,0.669397433498483,4.84378229157972,1.2739051342044e-06,2.65672829626454e-05
"ENSG00000151651.16",6402.32337226898,3.27963301370018,0.677159322887025,4.84322212344014,1.27750337259884e-06,2.65928214738747e-05
"ENSG00000177788.7",238.663814695968,1.91081226701678,0.394669068112087,4.841555676398,1.28826568581136e-06,2.67448099010637e-05
"ENSG00000275004.4",68.8917155083653,2.56975175526885,0.530889897982923,4.84046082819136,1.29538389094775e-06,2.68559669362918e-05
"ENSG00000149948.14",178.435752662927,5.80150262248079,1.1985965397165,4.84024643008981,1.29678223248224e-06,2.68578009038543e-05
"ENSG00000103269.14",211.138736837986,3.05979947074101,0.632358164848172,4.83871268029829,1.3068280441829e-06,2.70242109536352e-05
"ENSG00000132182.13",2096.95202789098,1.4876359831089,0.308100245929289,4.82841543544345,1.37623753573923e-06,2.81339725152514e-05
"ENSG00000137571.11",105.155495899512,4.05192578681492,0.839966901568258,4.82391125084783,1.40770073597544e-06,2.87485018829088e-05
"ENSG00000305512.1",31.7962308068737,2.50930062008,0.521439896402941,4.81225283563832,1.49238382902694e-06,3.04476000302174e-05
"ENSG00000197472.15",13.0689116199665,5.32788884147103,1.10753277354188,4.81059248877349,1.50483549301463e-06,3.06711202274074e-05
"ENSG00000211892.4",2360.59827447722,4.20204803706913,0.874443766662135,4.80539538077891,1.54445983291074e-06,3.13540637762394e-05
"ENSG00000203724.11",110.683889889062,2.05947811516722,0.42868765534358,4.804146071145,1.55413343636756e-06,3.15192403355889e-05
"ENSG00000255240.7",84.8828718224007,3.37190842410547,0.702155732723827,4.802223021131,1.56913784682824e-06,3.17607131405393e-05
"ENSG00000211937.3",901.27518505353,5.02151356986228,1.04649453386372,4.79841356774462,1.59927294005787e-06,3.23068890275335e-05
"ENSG00000138615.6",2345.99117111626,4.09502732839127,0.854341018289195,4.79319995262724,1.64141879658748e-06,3.30930688350342e-05
"ENSG00000159055.4",259.012699237289,1.25597837150874,0.26210681004725,4.79185707262745,1.65244608146523e-06,3.32826664581169e-05
"ENSG00000291208.2",234.628381353387,1.78500274494141,0.373802957930068,4.77525045501472,1.79483733814413e-06,3.60091436216314e-05
"ENSG00000086232.13",5252.45281349622,1.75885253343644,0.368367115830469,4.7747273245908,1.79950909656143e-06,3.60675801719409e-05
"ENSG00000131746.13",500.177022259729,4.37638119126101,0.916726689407294,4.77392143354148,1.80672889067704e-06,3.61769230219161e-05
"ENSG00000181938.14",184.5623578767,1.89226307615406,0.396708469193121,4.76990844184094,1.84309672642366e-06,3.67616648833497e-05
"ENSG00000132000.14",681.657070389709,3.45250864848465,0.724675219723382,4.7642151332324,1.89590147173354e-06,3.76317171117372e-05
"ENSG00000138363.15",1322.40541524602,1.31836015187439,0.277222439646332,4.75560403247404,1.97853939162093e-06,3.9158273827988e-05
"ENSG00000151503.14",1016.69807507425,1.43574919898402,0.302403136061066,4.74779864284903,2.05642612643424e-06,4.05042855873272e-05
"ENSG00000136261.16",1437.72245085319,1.96619368675169,0.414846642497638,4.73956755420259,2.14174822750695e-06,4.1943080856545e-05
"ENSG00000136231.14",104.470290103163,2.98447265435683,0.630473260615019,4.73370218975745,2.20461134320163e-06,4.29992184238295e-05
"ENSG00000185101.13",1239.62883328772,1.80443295040284,0.381583042268748,4.72880801954501,2.25841803593091e-06,4.38925150793625e-05
"ENSG00000289074.3",53.2868911015679,2.86862141106441,0.607222737548509,4.72416665859,2.31060875632685e-06,4.47795103400055e-05
"ENSG00000281406.2",114.557948228129,3.02380935318019,0.640304770535023,4.72245326339451,2.33016647869753e-06,4.51158956366517e-05
"ENSG00000162433.15",549.990518361653,2.65024642751675,0.562393532711908,4.71244115261611,2.44766777142419e-06,4.70355951127289e-05
"ENSG00000284753.2",44.6899617165297,2.3290171000108,0.494209984257679,4.71260632969417,2.44568391618166e-06,4.70355951127289e-05
"ENSG00000223485.6",94.3745253209407,3.62914832090553,0.770240719950023,4.71170664820345,2.45650824268103e-06,4.71612780973145e-05
"ENSG00000211949.3",1965.90673335677,4.94132778323364,1.04932636608769,4.70904757845443,2.48876977322995e-06,4.77359545653012e-05
"ENSG00000130768.15",677.995161311305,2.47415449474677,0.525478646573878,4.70838255917393,2.49690156712325e-06,4.78471679741075e-05
"ENSG00000013810.21",1592.31484837592,2.01827054261307,0.429292032741967,4.70139296488221,2.58392699200001e-06,4.9238697996253e-05
"ENSG00000245614.6",41.0288072214939,3.16932082775982,0.674086045073205,4.70165619200087,2.5805975173293e-06,4.9238697996253e-05
"ENSG00000111640.15",32376.0027303325,2.00592360237424,0.426971662673894,4.69802513312528,2.62689112881427e-06,5.00109338024213e-05
"ENSG00000042980.14",920.371893001139,2.2711370352071,0.483613137156886,4.69618556799116,2.65064753056557e-06,5.03696728143803e-05
"ENSG00000179041.4",393.241707435713,1.44640862370736,0.308232696656149,4.69258660550509,2.69772270588271e-06,5.11693860882692e-05
"ENSG00000037897.17",287.650506727407,1.46978263043396,0.313227230812132,4.6923845880932,2.70038878078074e-06,5.11726169696194e-05
"ENSG00000170779.11",469.319642351418,1.72391246222378,0.36743271769599,4.69177724028956,2.70841934035926e-06,5.12774054983622e-05
"ENSG00000149256.16",716.382572997607,3.26729621976457,0.696787210435688,4.68908753035462,2.74425992540732e-06,5.18124360133994e-05
"ENSG00000139572.4",145.579079078053,2.73170905995976,0.583385622978596,4.68251007971786,2.83383248247295e-06,5.33561994679755e-05
"ENSG00000132329.11",570.068082575185,1.93499717860989,0.41387853105601,4.67527797026039,2.93555725366451e-06,5.51530812267568e-05
"ENSG00000147697.10",116.899747678465,3.48201544002528,0.744791671325071,4.67515356855477,2.93733733416009e-06,5.51530812267568e-05
"ENSG00000142675.18",1015.31526820916,1.79446279744038,0.384042766473062,4.67255981389836,2.97468847156193e-06,5.58033050511489e-05
"ENSG00000108846.16",3226.23266731347,3.02420895314957,0.647959127398695,4.66728351414787,3.05208053340906e-06,5.70984117308571e-05
"ENSG00000077463.15",792.496305201612,1.17254290278212,0.251296360821795,4.66597645484256,3.07154874162089e-06,5.73579557360608e-05
"ENSG00000132744.8",52.9763055842323,3.2643619855679,0.699750015381496,4.66504024839243,3.0855663827043e-06,5.75149573736081e-05
"ENSG00000183763.9",108.267821704821,2.11511171201894,0.453893942673245,4.65992495859676,3.16324685124689e-06,5.86961207583405e-05
"ENSG00000293352.2",45.3100492477033,2.2142790755303,0.476057931578525,4.65128071322776,3.298799282943e-06,6.07714110489338e-05
"ENSG00000143630.10",227.379085375754,2.05981246817145,0.443916212163266,4.6400929088255,3.48252571424584e-06,6.36982223415671e-05
"ENSG00000132436.13",513.084687565162,2.43102527246309,0.525192971011704,4.62882294060426,3.67750024856028e-06,6.69330632058485e-05
"ENSG00000110628.16",941.22720198256,2.41082448864659,0.520975667165419,4.62751840554026,3.70073352239628e-06,6.72693618290899e-05
"ENSG00000125871.14",588.968622775387,1.07520621276496,0.2325182728077,4.62417942375734,3.76084227684197e-06,6.83014260800423e-05
"ENSG00000105220.17",5624.72742703481,1.44389505197453,0.312535552500921,4.6199385651342,3.83853686038986e-06,6.95277029906658e-05
"ENSG00000130695.16",435.784464575352,1.50933029549635,0.326869976603162,4.61752502074779,3.88343870244641e-06,7.00316861521206e-05
"ENSG00000171004.19",592.997072765264,4.87205149933643,1.0550928590587,4.61765185642808,3.88106655690208e-06,7.00316861521206e-05
"ENSG00000303521.1",31.2382217157875,2.69732551817549,0.584125595726532,4.61771498785389,3.87988635855676e-06,7.00316861521206e-05
"ENSG00000284946.1",54.9606375793456,2.63164705278882,0.57023943186282,4.61498610187642,3.93121622578362e-06,7.08275976605946e-05
"ENSG00000135549.16",440.755650375813,3.36455942118933,0.730677272282812,4.60471339238134,4.13034300749849e-06,7.40284554420884e-05
"ENSG00000258227.7",628.979655089951,2.87056329453479,0.623679039015486,4.60262910080503,4.17190796369906e-06,7.47081230460136e-05
"ENSG00000156509.14",47.9800728212066,3.23892421536856,0.704090682473824,4.60015207698616,4.22182610317324e-06,7.55360579576477e-05
"ENSG00000112812.16",587.912737039309,1.82472122927452,0.396918853112682,4.59721480842961,4.28176117452108e-06,7.63419401064177e-05
"ENSG00000091844.8",285.253479962281,3.92185908627653,0.853572272925417,4.59464208324773,4.33492676195996e-06,7.71556756312735e-05
"ENSG00000239975.3",319.440985674611,5.65111492375797,1.2313999212287,4.58917921492087,4.44992266046785e-06,7.8928386012312e-05
"ENSG00000242371.1",1047.11744347582,5.20122794678797,1.13349400359317,4.58866825082453,4.46082691413331e-06,7.90534097211663e-05
"ENSG00000139618.19",282.703931564769,1.80509718455452,0.393685050640441,4.58513012271614,4.53703788199136e-06,8.01960558037508e-05
"ENSG00000079616.14",919.459189947295,1.58378076931164,0.345788525462528,4.58020047713606,4.64530439784731e-06,8.18275956816678e-05
"ENSG00000000460.17",173.853170198198,1.48501141001087,0.32485386149664,4.5713214033204,4.84658256307333e-06,8.5007980216643e-05
"ENSG00000211938.2",2202.63722169553,5.24114095735598,1.14703757734393,4.56928444270529,4.89392215773769e-06,8.57649401044902e-05
"ENSG00000211967.3",167.070503529163,5.26030947733339,1.15148971583459,4.56826440132014,4.91779432922097e-06,8.61096967774097e-05
"ENSG00000273151.1",304.944607256011,2.27132241074679,0.497406268921149,4.56633249852918,4.96331288889595e-06,8.68325661040294e-05
"ENSG00000249936.3",50.7404106272676,1.93872714517558,0.424863001283731,4.5631818711389,5.03841321764229e-06,8.80712912314899e-05
"ENSG00000102384.14",126.909170520964,2.27721276482808,0.499214887699459,4.56158824774276,5.07681304162844e-06,8.86669289655448e-05
"ENSG00000221955.11",462.31075507321,2.3623363119897,0.519110626574291,4.5507377253654,5.34581503085433e-06,9.32062851978207e-05
"ENSG00000284543.2",50.0713628113627,3.91795489751778,0.862285640990017,4.54368565504518,5.52790741023613e-06,9.59730851308058e-05
"ENSG00000178814.17",719.152611572289,1.6672631449491,0.366997040583459,4.54298798240567,5.54624145306215e-06,9.6141371493413e-05
"ENSG00000211941.3",776.589726781071,4.73889870401933,1.04538323917973,4.53316881925308,5.81053384458965e-06,0.000100454625589769
"ENSG00000145113.22",1471.19259177046,3.23363172406503,0.713382335571607,4.53281720449952,5.82021796361873e-06,0.000100537278117977
"ENSG00000249859.15",270.91929940441,1.95615310381404,0.431699628713623,4.53128280337646,5.86265929397903e-06,0.00010118515670349
"ENSG00000114405.11",388.679598803558,1.97495674795382,0.436146735570108,4.52819335073611,5.94901348861569e-06,0.000102503002160148
"ENSG00000182195.9",949.989675960582,2.07934462315067,0.459388168457555,4.52633473372267,6.00154928785432e-06,0.000103321382534144
"ENSG00000272398.6",6208.65439610707,2.80863390417295,0.621517476835072,4.51899425012992,6.21340820206142e-06,0.000106699934484981
"ENSG00000254709.8",631.476502924449,5.38487371856643,1.19222177037159,4.51667118684478,6.28193357127363e-06,0.000107786415017067
"ENSG00000149418.11",4108.5436339231,1.75797694821053,0.389263597510975,4.51616066709388,6.29708942816109e-06,0.000107956121768407
"ENSG00000203995.11",19.44993733021,3.92374148048378,0.869225047667419,4.51406858443991,6.35956357082704e-06,0.000108933115212208
"ENSG00000244437.1",5099.43862203515,5.48881694484901,1.21645536562234,4.51214002582077,6.41767950420138e-06,0.000109563128053314
"ENSG00000115257.15",290.521997890461,2.28251226522187,0.506046297145026,4.51048111229975,6.46807605729587e-06,0.000110223329166337
"ENSG00000176619.13",2430.40061642838,1.45211853855012,0.322048932875715,4.50899969015119,6.51340040060146e-06,0.000110830507729404
"ENSG00000225138.8",2406.81886480238,4.12069796657955,0.914633149440454,4.50530135399146,6.6278815677357e-06,0.000112498413629845
"ENSG00000270550.1",202.462437867489,4.31277940454687,0.957587352047853,4.50379737715181,6.67498525841149e-06,0.000113204216491703
"ENSG00000092607.15",102.650288660621,2.43585946530861,0.54109299358026,4.50173906187773,6.73996981226381e-06,0.000114117540074861
"ENSG00000147804.10",833.148402956986,1.58847288257708,0.353093274665627,4.49873446069268,6.83591776018511e-06,0.000115524753100638
"ENSG00000211955.2",434.560901852211,3.2478564466275,0.721997306705722,4.49843291167746,6.84561914832593e-06,0.000115524753100638
"ENSG00000124787.14",101.079214181342,1.27328085187302,0.283080449126193,4.49794698222133,6.86128011124147e-06,0.000115693821875736
"ENSG00000144852.20",68.6538625092518,3.99283173387977,0.887886573324161,4.4970065477294,6.89168665994383e-06,0.000116111046241157
"ENSG00000143633.13",422.202607427392,1.20164650294985,0.267252707787348,4.49629308865972,6.91484047605975e-06,0.000116405491889269
"ENSG00000170421.13",14195.5025892675,1.97600499809229,0.43970683582765,4.4939146656042,6.99256586698279e-06,0.000117424709694197
"ENSG00000101412.13",578.537689633159,2.21737017268074,0.4935474811329,4.4927190542862,7.03195262875168e-06,0.000117989489934472
"ENSG00000242612.7",636.395017989099,1.73115772218175,0.386093556010053,4.48377781818424,7.33330185397153e-06,0.000122844788573392
"ENSG00000135722.9",353.270922537662,1.33766657681136,0.298381560013068,4.48307387612281,7.35754433990424e-06,0.000123150276853385
"ENSG00000116985.12",371.301824777273,2.71576518070586,0.606651065377926,4.4766511355486,7.5822997743846e-06,0.000126088787164624
"ENSG00000160688.19",1065.72888349387,1.51191144018633,0.33772061698834,4.47681119876233,7.57661965757156e-06,0.000126088787164624
"ENSG00000227496.4",24.0260518147493,3.74227135058022,0.836142490877699,4.47563829300429,7.61833673319903e-06,0.000126546506396489
"ENSG00000293271.2",154.574500538574,1.85065592863814,0.413505342465167,4.47553087852554,7.6221681330308e-06,0.000126546506396489
"ENSG00000101294.20",1562.71678030857,1.40279453757089,0.313621158956163,4.47289507582927,7.71676473849376e-06,0.000128013385273524
"ENSG00000137203.15",415.874623904485,4.5236309250057,1.01172030153893,4.47122679867627,7.77721665885542e-06,0.000128807795131803
"ENSG00000178752.16",264.628882010325,5.22003670735124,1.16770430543899,4.4703412353942,7.80948974390803e-06,0.000129237915826546
"ENSG00000175928.6",1282.72568098244,4.79562907606014,1.07334789687583,4.46791677704748,7.89850207860983e-06,0.000130605553725658
"ENSG00000146166.17",211.488227547736,4.48810179378383,1.00603185168377,4.46119254203751,8.15048186829841e-06,0.00013433881047234
"ENSG00000233834.8",205.829484401593,3.18948359837644,0.715207237724896,4.45952365991474,8.21420057691396e-06,0.000135280296087585
"ENSG00000128059.8",316.608452769004,1.46967096732862,0.329668488659175,4.45802682963743,8.27175507835324e-06,0.000136118833167379
"ENSG00000288859.1",29.7413315876815,3.88893640273343,0.872449953855005,4.45748937867414,8.29251445478069e-06,0.000136195201735404
"ENSG00000137809.17",1008.68332768234,3.4513047864556,0.775034787611507,4.45309661143313,8.4640646494933e-06,0.00013872676384749
"ENSG00000119969.16",346.481557535402,2.47391314212335,0.556070453781583,4.44892032169555,8.63030222136796e-06,0.000140898346965465
"ENSG00000290792.1",98.3091115372049,2.05237548841464,0.461325278897579,4.44886847154608,8.63238560031578e-06,0.000140898346965465
"ENSG00000029993.15",1914.83800444768,2.62203447810189,0.590374346557477,4.44130828751486,8.94135865175589e-06,0.000145618441457985
"ENSG00000211933.2",248.020804259112,4.06536542198033,0.915586601851839,4.44017574498998,8.98854433406081e-06,0.000146154728806965
"ENSG00000124641.16",350.212574579987,1.3066285551036,0.294380590803063,4.43856896794435,9.05589670434255e-06,0.000147133206042662
"ENSG00000198796.7",35.4777981406261,3.36893339356047,0.759348168520354,4.43661225933432,9.13856868530121e-06,0.000148358837944114
"ENSG00000171812.13",938.223119786258,2.23073644453275,0.502880966593313,4.43591345213265,9.16826803434424e-06,0.000148723234000154
"ENSG00000163507.15",276.053271094742,2.4061914743419,0.542502543566414,4.43535519395649,9.19206028158991e-06,0.000148991307520727
"ENSG00000143621.17",4556.45624558357,1.09270360767565,0.246420297300308,4.43430845448576,9.23683006658644e-06,0.000149480634321459
"ENSG00000242534.3",407.893966447326,4.61998232274929,1.04240953222451,4.43202232896911,9.33533474489948e-06,0.000150480899064009
"ENSG00000179889.21",4368.24031259216,1.26783362326105,0.286217827393914,4.42961095332528,9.44032347972306e-06,0.000151934374119499
"ENSG00000128965.13",94.7594367990329,1.49072926992649,0.336935091436139,4.42438115772526,9.67191278275487e-06,0.000154879391520839
"ENSG00000164087.8",150.767342272966,1.81930568482639,0.41120889664633,4.42428580622644,9.67618516085613e-06,0.000154879391520839
"ENSG00000183742.13",2175.42273929847,3.05657573793675,0.690817021560319,4.4245808116207,9.66297280313086e-06,0.000154879391520839
"ENSG00000211964.3",2601.63478323515,7.1249721409889,1.61037510735897,4.42441770766932,9.67027558120364e-06,0.000154879391520839
"ENSG00000228716.7",639.284805017608,1.35826508627383,0.306953575459518,4.42498538823165,9.64488111836358e-06,0.000154879391520839
"ENSG00000130487.9",532.983106691286,3.47103458098031,0.786378501037343,4.41394897800682,1.01501890398379e-05,0.000160958604851381
"ENSG00000284719.4",31.4821246735123,2.76421062418371,0.626345769333479,4.413234286112,1.0183768692427e-05,0.000161227344508974
"ENSG00000170442.12",191.822960338677,4.15458673479128,0.941806921648587,4.41129348202164,1.02754930695273e-05,0.000162317958318634
"ENSG00000211640.4",1753.63430736302,5.35004055822062,1.21377445439456,4.40777159121319,1.04439597770286e-05,0.000164598732719597
"ENSG00000130762.15",1031.60331497883,2.18632554702722,0.496144587986554,4.40662984131245,1.04991382676916e-05,0.000165228738471062
"ENSG00000173110.8",3379.4017813566,4.18911866509395,0.950675356815365,4.40646602971485,1.05070777539111e-05,0.000165228738471062
"ENSG00000306316.1",19.5937196726171,4.11118248044623,0.932993084174393,4.40644475310793,1.05081093916438e-05,0.000165228738471062
"ENSG00000108010.12",1595.41880368015,1.03314823554955,0.234545883341042,4.4048875249168,1.05838778009154e-05,0.000166292590367793
"ENSG00000289911.2",123.121172998696,4.10663780564232,0.93307471132157,4.4011886248914,1.07659481284843e-05,0.000168894415016406
"ENSG00000196155.13",1619.71599744782,2.46314872671611,0.559699015042595,4.40084520521919,1.07830031095675e-05,0.000169032642017257
"ENSG00000241472.9",64.0191809602286,2.75091079408223,0.625596103090193,4.3972633149309,1.09624322732521e-05,0.000171452106278231
"ENSG00000136240.10",8665.13956809415,1.57368889656729,0.358479931575257,4.38989398835264,1.13405933623595e-05,0.000176692649165516
"ENSG00000169750.9",180.575729454742,2.09450750769417,0.478037662917884,4.38146964176327,1.17881470710447e-05,0.000183248042111221
"ENSG00000225523.2",90.366385996443,4.78703372213111,1.09288207758548,4.38019235589185,1.1857459049152e-05,0.00018365982193847
"ENSG00000147255.19",50.3956249355065,3.91909782712303,0.895145969200034,4.37816620078781,1.19682069769769e-05,0.000185204615740328
"ENSG00000066230.12",385.018609706672,4.1443510038313,0.948142340222246,4.37102197425321,1.23666345026887e-05,0.000190507493495966
"ENSG00000293329.2",385.927953190394,4.23125855513693,0.968600214268931,4.36842620185724,1.25145090265774e-05,0.000192496243871675
"ENSG00000173207.13",855.689769218812,1.70655290760665,0.390686028092047,4.3680930079347,1.25336119750327e-05,0.000192645562170967
"ENSG00000109255.11",77.384716252089,5.43965000718892,1.24658343189671,4.36364696337441,1.27911940876109e-05,0.000196016923447215
"ENSG00000067225.21",21201.7613273984,1.86250536483517,0.426920015013503,4.36265646804181,1.28492625889071e-05,0.000196612895614143
"ENSG00000006047.13",101.403019002996,4.42263204621561,1.01521817382554,4.35633655921494,1.32257366030972e-05,0.000201471399190122
"ENSG00000204262.14",6150.05026452592,2.45562100651037,0.563771925468561,4.35569934503116,1.32642737976866e-05,0.000201908440941177
"ENSG00000211668.2",2517.55444822083,4.94770186549018,1.13601637223365,4.3553085909862,1.32879586323107e-05,0.000202118919730636
"ENSG00000291156.2",89.3809615578445,2.81885457107864,0.648382302056262,4.3475192986283,1.37685959176805e-05,0.000208655795045175
"ENSG00000222033.1",51.9944447885954,2.27821594696219,0.524355370666902,4.3447937685174,1.39406569719495e-05,0.000210951461662621
"ENSG00000049247.14",124.789316246676,1.63651346468462,0.376787106842656,4.34333721872288,1.40334469615472e-05,0.000212198964970179
"ENSG00000144867.13",1242.24235135622,1.44947892429136,0.333745112918672,4.34307160819632,1.40504311486415e-05,0.000212299219065398
"ENSG00000138829.14",266.526766096082,4.02349239968644,0.926926091206704,4.34068307910992,1.42040464980409e-05,0.00021414688926164
"ENSG00000012048.26",327.607756432485,1.45434299967011,0.335176182410074,4.33904040917436,1.43106209860813e-05,0.000215554541299699
"ENSG00000211666.2",1589.43345716185,4.03447404324167,0.92997769414558,4.33824818448829,1.43622917574707e-05,0.000216056074978121
"ENSG00000294107.1",239.372877005896,5.18205182861141,1.19481455110183,4.33711811078352,1.44363058463041e-05,0.000216851293093494
"ENSG00000083093.12",379.243987015724,1.51228645150118,0.348697738195969,4.33695515011132,1.44470089041002e-05,0.000216853199538559
"ENSG00000162836.12",845.639717964993,2.01109108380401,0.463950432070948,4.33471109149969,1.45951676966061e-05,0.000218916838662188
"ENSG00000159208.16",145.820920767723,2.96369427699627,0.683830814226553,4.33395836417281,1.46451884819685e-05,0.000219346197687569
"ENSG00000106089.12",434.412828674758,2.84327907911431,0.656755714071659,4.32927954518578,1.49597940685288e-05,0.000223405402462574
"ENSG00000133466.14",1033.77518185551,2.64805845649179,0.611873036241928,4.32779073377043,1.50612465686996e-05,0.000224747612461374
"ENSG00000146143.19",371.759600043292,1.18067008311206,0.272997824897533,4.32483329695104,1.52647251583246e-05,0.000227132020788307
"ENSG00000263513.6",20.1102186954515,3.25718120567831,0.753199559283977,4.32445978695835,1.52906091560989e-05,0.00022735217558858
"ENSG00000142632.17",1333.55409525071,2.30759353684245,0.53364055518102,4.32424693820295,1.53053781474298e-05,0.000227406864880362
"ENSG00000211976.2",141.357426386765,2.97100800500296,0.687255506542346,4.32300356522483,1.5391924532761e-05,0.000228361809420934
"ENSG00000149257.16",17790.7164972541,2.57835008196793,0.597043633706284,4.31852872454604,1.57072781666687e-05,0.000232200455320386
"ENSG00000105464.4",206.965465849439,3.25839477050126,0.755152840372628,4.31488116881533,1.59688778640977e-05,0.000235558181097453
"ENSG00000257167.4",67.1329123676207,2.18612010743034,0.506715886211946,4.31429163149613,1.60115469341805e-05,0.000235848245932786
"ENSG00000272031.3",75.7570602411408,2.18814053873661,0.507625298151581,4.3105427304437,1.62854354872279e-05,0.000239024029513329
"ENSG00000289353.1",163.259182884013,1.46764583830682,0.340572017823409,4.30935532427627,1.63731126238496e-05,0.000240138985149794
"ENSG00000100253.13",275.637504217289,7.44615652320092,1.72929382198493,4.30589436481884,1.66312412255614e-05,0.000243576407206365
"ENSG00000145545.13",705.297686336482,1.73675928763276,0.403367752764237,4.30564732983966,1.66498133657552e-05,0.000243674356353636
"ENSG00000197753.11",81.9174607259858,2.4473884990024,0.568444274463601,4.30541498779598,1.6667298924018e-05,0.00024375627470618
"ENSG00000170439.8",101.371275463442,2.59316638980222,0.602339948694316,4.30515424956188,1.66869423577584e-05,0.000243869612333199
"ENSG00000211651.3",2152.72978336539,4.56504177769436,1.06064495547862,4.30402440902986,1.67723172445105e-05,0.000244770277569642
"ENSG00000197506.8",152.870321585338,2.81217100179687,0.653652719822836,4.30224019041651,1.69079876292204e-05,0.000246397568123337
"ENSG00000263325.2",74.8094607979508,2.32950353513012,0.541860899318662,4.29908033234959,1.71508304128864e-05,0.000249227942442115
"ENSG00000074800.16",35516.368662445,2.2020410799206,0.512884930500187,4.29344078753313,1.75925248377739e-05,0.000255284592550401
"ENSG00000228801.9",205.350326288659,1.20878980330687,0.281842971865733,4.28887687106395,1.79578885755817e-05,0.000259850774420415
"ENSG00000165300.8",121.561035602904,3.52586424666792,0.822304590756407,4.28778373160316,1.8046466749218e-05,0.000260948345716478
"ENSG00000174469.23",109.026006664682,4.78095058987131,1.11636214828172,4.28261617184894,1.84708639398027e-05,0.000266697545034907
"ENSG00000128203.7",66.4433773310027,2.13259430315399,0.498353220200895,4.27928267884836,1.87496609457526e-05,0.00026995034383742
"ENSG00000035141.10",910.933832270271,1.16003025704151,0.271566456732119,4.27162570444329,1.94053089484708e-05,0.000277853669468887
"ENSG00000158477.7",454.785070897205,5.14133581804175,1.2042076370353,4.26947617663302,1.95932574600828e-05,0.00028015352228838
"ENSG00000183765.24",394.303810430211,1.7404026785688,0.407661149183375,4.26923851354285,1.96141441472865e-05,0.000280256732819486
"ENSG00000157064.11",504.939425174651,3.5638111663397,0.834854841429062,4.26877942067072,1.96545509365685e-05,0.000280638518386769
"ENSG00000129910.8",39.8868782695348,2.99619835368974,0.702287635109273,4.26634074687012,1.98705217559963e-05,0.000283130770038185
"ENSG00000167476.10",193.085880481663,3.66832206748572,0.860499733036562,4.26301360320103,2.01688235209426e-05,0.000286594904410492
"ENSG00000253729.9",4299.3925187695,1.50593687441089,0.353257074818472,4.26300556099195,2.01695497007579e-05,0.000286594904410492
"ENSG00000164749.13",144.083427113432,4.02687754249056,0.946871901393594,4.25282188283742,2.11093475989708e-05,0.00029870673786701
"ENSG00000134910.14",4371.43123903087,1.31389493872423,0.309561967981986,4.24436808981872,2.19210270658757e-05,0.000308913222652038
"ENSG00000135052.16",4136.41421720121,2.28600678656437,0.538698322933514,4.24357509434182,2.19986710795333e-05,0.000309581847504976
"ENSG00000215784.6",42.2176320918483,2.14826890459212,0.506465447878623,4.2416889712622,2.21843988280886e-05,0.00031198142220242
"ENSG00000146574.16",1382.68317474149,1.87712633561737,0.442702290578126,4.24015501064163,2.23365484262834e-05,0.000313690814337339
"ENSG00000125885.13",175.483716228641,1.58554035627391,0.373950410522245,4.23997490485332,2.23544776666017e-05,0.000313727727635866
"ENSG00000259153.5",134.254821469573,3.01866508772494,0.712980034856326,4.23387043135539,2.2970332047272e-05,0.000321930067188834
"ENSG00000251003.10",97.2489550848014,5.25549041298521,1.24138897125288,4.23355655212649,2.30024304837571e-05,0.000322159723114041
"ENSG00000061656.11",286.663879798119,2.21587743850963,0.52377281596787,4.23060794862931,2.33060565538878e-05,0.000325744637751135
"ENSG00000164078.15",1629.35413137415,2.33090005660628,0.551145207299284,4.22919409574137,2.34529941243658e-05,0.000327575062347409
"ENSG00000144395.18",70.4646936862422,2.26375083828452,0.535337649860252,4.22864119285365,2.35106951123686e-05,0.00032800768859055
"ENSG00000278023.7",13.3155087036112,3.28401621212277,0.776621901354612,4.22859078065487,2.35159628476447e-05,0.00032800768859055
"ENSG00000211660.3",885.327832313699,3.79427671603034,0.897603592208766,4.22711846182971,2.36703065532849e-05,0.000329936074485761
"ENSG00000038427.16",7785.27527543259,2.61488682395108,0.618761078949709,4.22600404729659,2.37877714154293e-05,0.000331348142052964
"ENSG00000174938.15",1827.33520602651,2.82681934069515,0.669200736055097,4.22417249173858,2.39820322483429e-05,0.00033382728392398
"ENSG00000135119.15",121.800590954325,2.89512801876448,0.685577215753049,4.22290582627432,2.41172608437797e-05,0.000335481897110488
"ENSG00000137474.23",472.919159690095,1.82158888203023,0.431460876844183,4.2219097484662,2.42241108709188e-05,0.000336739775794792
"ENSG00000243466.1",564.637944212186,3.39861130415803,0.805081018920312,4.22145252997751,2.42733077221604e-05,0.000337020791747522
"ENSG00000270276.3",49.6605865513089,4.33092565164244,1.02594135417144,4.22141639386409,2.42772000298035e-05,0.000337020791747522
"ENSG00000293475.2",110.969179343057,4.572687671767,1.08439151386394,4.2168235487877,2.47767696560465e-05,0.000343723196906344
"ENSG00000211896.7",80420.8138371098,4.35112858073563,1.03254300389827,4.21399260302803,2.50895505820208e-05,0.000346888836907454
"ENSG00000183161.6",328.184714556548,1.43362059149945,0.340250647845393,4.21342501646278,2.5152711546532e-05,0.000347527761152353
"ENSG00000009830.13",825.478862781797,1.31340794974239,0.311886714499548,4.21116991741657,2.54051561097731e-05,0.000350779340656422
"ENSG00000124571.18",1115.70027880856,1.41968315893107,0.338035274093388,4.19980773526867,2.67141725315769e-05,0.000367688670883982
"ENSG00000155265.12",390.253598929542,2.63429619235742,0.627248804577594,4.19976279449655,2.67194752056737e-05,0.000367688670883982
"ENSG00000106105.15",2675.15878723699,1.72300123484861,0.410400915484614,4.19833672352811,2.68882616484405e-05,0.000369515359812081
"ENSG00000166670.10",98.2746835347627,4.9006685135505,1.16801383521969,4.19572813761125,2.71996346591285e-05,0.000373044353880114
"ENSG00000132746.16",217.130394118521,4.19787022360659,1.0005827402754,4.19542538026508,2.7235994448143e-05,0.000373293335671608
"ENSG00000203814.7",112.182774326607,4.21852958981597,1.00585083830149,4.19399122531878,2.74088588603884e-05,0.000375161042772633
"ENSG00000114268.12",436.831607199145,1.50328684150968,0.358607962633225,4.19200630814549,2.76498306293496e-05,0.000377702949516445
"ENSG00000164934.15",1012.56153582503,1.26230934673312,0.301274341967149,4.18989993801317,2.79077493185588e-05,0.000379708355691924
"ENSG00000101104.13",1335.35202583322,2.21080209642273,0.527670953324746,4.18973620301235,2.79278937014553e-05,0.000379730459187427
"ENSG00000164877.19",5017.29885511818,2.88962773799654,0.689818287332753,4.18896945914489,2.80224105929961e-05,0.000380763092643335
"ENSG00000101463.6",155.410453869916,3.57885427738297,0.854754348879266,4.18699744795155,2.82669002765441e-05,0.000383069744395414
"ENSG00000099958.15",365.851607125174,2.96488054515104,0.708239718414157,4.18626697721754,2.83579775968547e-05,0.000383796681614462
"ENSG00000134575.13",1380.42405441204,1.09796960461854,0.262816179642959,4.17770932562124,2.94459628531003e-05,0.000397472035773514
"ENSG00000095585.18",394.318509448447,1.58879272782905,0.380429400531146,4.17631425334324,2.96270454059651e-05,0.000399390492441754
"ENSG00000123975.5",329.769617062102,2.30605754610222,0.552679448279069,4.17250461055284,3.01269501230737e-05,0.000405330042863191
"ENSG00000198691.14",280.808274988472,4.13537665972339,0.991232482132762,4.17195434397549,3.0199815790577e-05,0.000405794675822148
"ENSG00000172828.13",331.306419730751,2.93723397644326,0.704738790935322,4.16783354942758,3.07508346483959e-05,0.000412370904925252
"ENSG00000243264.3",123.865330937332,3.61999861581811,0.868734393133521,4.16697974021817,3.08661918150663e-05,0.000413377137149653
"ENSG00000261740.7",29.5460090194172,2.68753786647604,0.645392306920462,4.16419259674759,3.1245628467903e-05,0.000417640395114657
"ENSG00000240809.1",45.560875369833,3.99963990248576,0.960825227209181,4.16271324817641,3.14488206847971e-05,0.000419316034049073
"ENSG00000211639.2",214.34453442875,4.87450626660878,1.17179166019051,4.15987451712729,3.1842248824752e-05,0.000423681680663669
"ENSG00000077935.17",60.3757139748297,3.67034271252782,0.883097771911462,4.15621330872954,3.23565746513516e-05,0.00042931865352162
"ENSG00000158055.17",38.7274383822249,3.63361188054332,0.876672515126351,4.14477677564652,3.40144894967469e-05,0.000450538173540891
"ENSG00000119042.18",204.931196494363,2.04878199226486,0.494377603143987,4.14416425670513,3.41055228643395e-05,0.00045087017460375
"ENSG00000171492.14",581.644357500702,1.0260035525168,0.24757407138979,4.14422862118472,3.40959460616424e-05,0.00045087017460375
"ENSG00000213024.13",1792.61080359159,1.25919837693172,0.303842767532295,4.14424337679152,3.40937509321218e-05,0.00045087017460375
"ENSG00000248329.6",18.2866064159374,3.85492348645363,0.931046923935536,4.14041804698615,3.46673449622307e-05,0.000457118483026096
"ENSG00000086205.18",230.90525495381,1.47849364471708,0.357226689202177,4.13881070313956,3.49110845487835e-05,0.00045974109029432
"ENSG00000290846.2",91.1281603874236,2.32047817312015,0.560962342823026,4.1366023990887,3.5248609538933e-05,0.000463590436168237
"ENSG00000213551.7",423.428221356367,1.18546032592347,0.286603056433649,4.13624453512386,3.53035976714983e-05,0.000464016004266924
"ENSG00000163348.4",1699.27823182347,1.29156290477049,0.312474468662548,4.13333899021778,3.57530790181305e-05,0.000469322107674614
"ENSG00000196230.14",13530.3797664444,1.27586899253615,0.308958710797461,4.12957766830064,3.634302158257e-05,0.000476760917804872
"ENSG00000161082.13",66.796198358716,4.26634482229312,1.03369129394348,4.12729104645664,3.67061705505485e-05,0.000480909470267378
"ENSG00000172818.10",58.2075415251536,2.86880459432496,0.695568924692688,4.12440017442188,3.71702157605188e-05,0.000485438282773043
"ENSG00000196793.14",122.73016663473,1.65755505494676,0.401870026259266,4.12460483897195,3.71371804902024e-05,0.000485438282773043
"ENSG00000197670.6",40.4389230055277,2.69599465185138,0.65451421842445,4.11907728810107,3.80392553606581e-05,0.000496155783660899
"ENSG00000175482.9",604.441436211588,2.45700307816222,0.596604307717774,4.11831266784034,3.81656639551533e-05,0.000497488095191649
"ENSG00000166803.14",77.9396782678063,2.42928417937862,0.589932089294833,4.11790479524929,3.82332572725674e-05,0.000498052545817485
"ENSG00000047457.14",12427.5513860628,5.24798286675266,1.27449319800264,4.11770174605655,3.82669492700014e-05,0.0004981749383061
"ENSG00000184992.13",526.204001150826,1.35879923314155,0.330293874909491,4.11390987348433,3.89013367927834e-05,0.000505488885351773
"ENSG00000235027.1",36.9632350797655,2.24843114456052,0.546544701148881,4.11390164397192,3.89027243993903e-05,0.000505488885351773
"ENSG00000071539.14",431.309065535615,3.02271646202181,0.735343693100389,4.1106172397798,3.94602858715807e-05,0.000512084621209424
"ENSG00000176887.7",244.651845080697,7.05360944852079,1.71710897379886,4.10784030376108,3.99376081641514e-05,0.000517648724669117
"ENSG00000232679.4",204.962254113843,3.16181174526989,0.769703810958436,4.10782914187835,3.99395377695349e-05,0.000517648724669117
"ENSG00000171502.15",113.834485978304,2.18391245946527,0.531667888988415,4.10766289388009,3.996828829114e-05,0.000517694114416636
"ENSG00000166140.17",948.748896919485,1.17194791764024,0.285342450251966,4.10716287256023,4.00548791740867e-05,0.000517834326976969
"ENSG00000197930.13",3607.62004628715,2.38401595601976,0.580591525649661,4.10618455609067,4.02248137078296e-05,0.000519049452652824
"ENSG00000163755.9",986.589766356238,1.17174052445279,0.285392038698536,4.1057225345046,4.0305304952963e-05,0.000519760989154436
"ENSG00000258623.2",46.4361163485113,2.57916822599084,0.628811319522167,4.10165680215608,4.10202384696524e-05,0.000527653054944638
"ENSG00000135314.14",75.9326909800801,2.03264905851701,0.496345083957451,4.09523358690355,4.21742952695948e-05,0.000540801594876655
"ENSG00000203999.11",52.3859919143867,2.79952130320161,0.683958996752072,4.09311276918024,4.2562059261511e-05,0.000545432789436263
"ENSG00000186891.14",538.882703654763,3.18614912252057,0.778497909385733,4.09268809088335,4.26401115535979e-05,0.000546091722232962
"ENSG00000149679.12",466.829605773483,1.90808400949241,0.466269050409744,4.09223817839859,4.27229498018789e-05,0.000546794760670512
"ENSG00000280734.5",119.471968959109,1.61519356144045,0.394846267712774,4.09068970259434,4.30092249156456e-05,0.000549369874070285
"ENSG00000144591.20",1236.09369340947,1.13132201908709,0.276591745203206,4.09022336605139,4.30957949998536e-05,0.00054986694503858
"ENSG00000117597.18",707.333834875727,1.34619716737419,0.329231344846911,4.08890948096135,4.33405926706741e-05,0.000552646462760884
"ENSG00000203760.9",145.805428964219,1.34772358937529,0.329675881186501,4.08802604705217,4.35059314524832e-05,0.000554409955563528
"ENSG00000115902.11",1063.35457277839,1.88269715591937,0.460614942122091,4.08735580145453,4.36317700209831e-05,0.000555668206528098
"ENSG00000049089.15",1157.70728956987,2.72180747353762,0.666569749268206,4.08330482522761,4.43997210330525e-05,0.000564746823859621
"ENSG00000157778.9",1007.01314336628,1.87336403240259,0.45885528152992,4.08269035534776,4.45173210787233e-05,0.000565891600370826
"ENSG00000154305.18",2762.92964323899,1.2918167914858,0.31716647017562,4.07299293260886,4.64128332566737e-05,0.000587437489564715
"ENSG00000187017.18",577.307246558889,2.76003059722383,0.678003314706023,4.07082168679449,4.68475996270401e-05,0.000591844228436741
"ENSG00000119285.11",1038.24323754841,1.5640100854186,0.384297170274569,4.06979339530696,4.70548477686e-05,0.000594096427738531
"ENSG00000272808.5",56.6533666973879,2.86379029718414,0.704529371967428,4.06482740270556,4.80680199207457e-05,0.000605025586528526
"ENSG00000198331.11",151.26159452116,1.74031391041155,0.428388879519481,4.06246285469324,4.85576762820836e-05,0.000610439358974765
"ENSG00000124664.11",613.660498156149,4.12499695144574,1.0166156053305,4.05757783946737,4.95842934713574e-05,0.000619924605693117
"ENSG00000230479.2",61.9045132911742,2.48452773759765,0.613328902970983,4.05088970300034,5.10232557898177e-05,0.000635589815743878
"ENSG00000287335.3",19.6601034162235,3.35368491694857,0.827974818401867,4.05046728766673,5.1115455311018e-05,0.000636351727806383
"ENSG00000104951.16",585.625623413596,2.3961372956941,0.591945538139442,4.04790160801862,5.16788607421498e-05,0.000642195976155781
"ENSG00000137309.21",5214.34757286912,2.9763739979531,0.735378127104866,4.0474062094706,5.17883225374798e-05,0.000643166423566617
"ENSG00000101198.15",113.948568962579,4.56445385469347,1.12827403904203,4.04551881612816,5.22073719098092e-05,0.000647556528242202
"ENSG00000175711.9",224.95084515967,1.03627893906251,0.256219784125131,4.04449228072263,5.24366359572301e-05,0.000649251680958361
"ENSG00000168779.21",59.8647714764136,3.57237386495421,0.883465823510426,4.04359033466568,5.26388615989257e-05,0.000651362231879524
"ENSG00000198125.13",72.0203273784545,2.87679999633899,0.711571043901061,4.04288513563938,5.27974890888219e-05,0.000652931071337276
"ENSG00000127586.17",1183.89812954401,2.20389743085141,0.545201877230149,4.04235114165073,5.29179069635262e-05,0.00065402577720322
"ENSG00000146242.9",1316.57756477373,2.14964029281192,0.531982356805636,4.0408112511846,5.3266617693575e-05,0.000657147249812913
"ENSG00000267123.7",54.1530962727046,4.1867380207426,1.03631173553657,4.04003725633277,5.34427112555429e-05,0.000658527254557483
"ENSG00000293413.2",114.906787773476,4.11393280689135,1.01981657744244,4.03399287468785,5.48369813944014e-05,0.000674087210138373
"ENSG00000184117.12",1343.29536178398,1.36031677071588,0.337264570325158,4.03338177326007,5.49798478616383e-05,0.000675438466479948
"ENSG00000129484.14",783.88347354729,1.32468544935903,0.328580033494901,4.03154578587498,5.54111986716073e-05,0.000680330070396788
"ENSG00000100479.14",188.81313072694,2.60899964503208,0.647673038667067,4.02826656240236,5.61896144459506e-05,0.000688650241840867
"ENSG00000173715.19",622.658643980905,2.66803536215045,0.662726687639583,4.025845664452,5.67709167720157e-05,0.00069535894712868
"ENSG00000287595.4",24.603718553865,3.65627878307346,0.908782532156606,4.02327141389574,5.7395288637708e-05,0.000702167660040314
"ENSG00000260920.2",53.8377252248451,2.01812978883647,0.502416129056186,4.01684912589814,5.89814583668207e-05,0.000718998705323004
"ENSG00000204713.11",2110.30966385099,1.14138024259209,0.284169345687727,4.01654949737735,5.90564645645292e-05,0.000719485293779623
"ENSG00000127561.16",31.4288273959217,1.90307088564285,0.474026896017514,4.01468967611605,5.952405905151e-05,0.000724321250321757
"ENSG00000167642.13",8659.65054300819,2.22121345953949,0.554056500906819,4.00900170994122,6.09759750873056e-05,0.000739356234884751
"ENSG00000143450.19",67.6728893423338,1.47028063843328,0.366762854491952,4.00880465517684,6.10268715420138e-05,0.000739536036700622
"ENSG00000179528.16",57.7022711831015,2.63811383454483,0.658347034435891,4.00717812423248,6.14485203958679e-05,0.000743766506609726
"ENSG00000215492.6",208.418112868727,1.25600585053938,0.313544847366984,4.00582519880899,6.18013417322964e-05,0.000746714620435477
"ENSG00000290474.2",66.8734936666948,1.92216861058903,0.480758934457718,3.99819633670912,6.38269984362328e-05,0.000767121205121054
"ENSG00000197093.11",493.801916710667,1.82472219266822,0.456425882940205,3.99784994863507,6.39204486876614e-05,0.000767794305736267
"ENSG00000137135.18",207.852380800648,2.15973839380508,0.540396487618109,3.99658110903811,6.42638696525986e-05,0.000771467437562577
"ENSG00000165434.8",831.541108341083,1.9820940550798,0.496093642210964,3.9954030578705,6.45842808701337e-05,0.000774860207701124
"ENSG00000123843.13",308.967276448046,3.73850132616443,0.935832329058826,3.9948409667833,6.47376930200953e-05,0.000776246583440956
"ENSG00000143870.13",6518.48516509321,1.57735657992421,0.395180459122652,3.99148425361448,6.56610488527753e-05,0.000786398449577865
"ENSG00000160877.7",2282.11678415823,1.43469405632063,0.359510651938121,3.99068580746134,6.58825110688269e-05,0.000788590196704744
"ENSG00000229431.2",64.3037178354207,1.57578310836611,0.394922784409253,3.99010432057814,6.60442407275516e-05,0.000790064826066347
"ENSG00000138346.16",157.570871118092,1.60302688833737,0.40231807683637,3.98447641463885,6.76290733113626e-05,0.000806670459090273
"ENSG00000211598.2",2306.9582978399,3.22580256717582,0.809771290820519,3.98359710172881,6.78799171976498e-05,0.00080872157014562
"ENSG00000169241.19",1715.6995440397,1.70116790564411,0.427488137703872,3.97945055219879,6.90747247452055e-05,0.000821524452538105
"ENSG00000132016.12",149.884478525827,1.83285679664903,0.461266899311055,3.97352768947126,7.08159214079843e-05,0.000839797369895495
"ENSG00000130816.17",3852.77754415963,1.4283474316319,0.359615599555682,3.97187283698671,7.13097848634279e-05,0.0008451652189825
"ENSG00000275437.1",36.2545841639133,3.57634495522668,0.901066720733907,3.96901236382783,7.21711375704782e-05,0.000854879840985029
"ENSG00000099822.3",52.2708833979632,2.75037808082204,0.693606608451795,3.96532854114696,7.32949226754873e-05,0.000865690722660249
"ENSG00000178078.12",857.714788143513,1.38905763498179,0.350507661841402,3.96298793494082,7.40175237128599e-05,0.000871714707759035
"ENSG00000187210.14",889.658163309995,2.31004107484591,0.583272893862635,3.96048076149746,7.47990193222838e-05,0.000879403149188134
"ENSG00000101199.13",5564.99199958608,1.9762376218888,0.499634691309989,3.95536510226565,7.6417858318301e-05,0.00089689282596362
"ENSG00000229950.2",43.3130457703075,3.66447708919831,0.927017057773597,3.95297697973243,7.71848652806442e-05,0.000903309633398589
"ENSG00000112877.8",268.289673968079,1.89989683274448,0.481206860619522,3.94819149148972,7.87438082672455e-05,0.000919455036851709
"ENSG00000185624.16",23318.3711630255,1.90379644918535,0.482325627640534,3.94711858562948,7.90973849824031e-05,0.000922304652292229
"ENSG00000289537.3",18.3453385434291,2.27876735427808,0.577335524010615,3.94704164131114,7.912279961871e-05,0.000922304652292229
"ENSG00000299773.1",58.924336215496,2.19870903509668,0.557231218757552,3.94577504110251,7.95422675557308e-05,0.000926667417024264
"ENSG00000163357.11",31.8208028639452,2.60569264004625,0.660473790423871,3.94518704273488,7.97377123548044e-05,0.000928151978534977
"ENSG00000262136.3",37.293824354251,2.27485146498055,0.576848365711304,3.94358656486001,8.02719973452536e-05,0.00093304820497
"ENSG00000138798.13",180.745833692899,2.84070919272324,0.720495595003072,3.94271555915776,8.05641839808012e-05,0.000935913897077817
"ENSG00000175305.18",139.924195607773,2.44525078169277,0.620342783739909,3.9417735577593,8.08813182174718e-05,0.000939065995883942
"ENSG00000101255.13",902.090726160355,2.33373996222992,0.592192843516603,3.94084458767103,8.11952207042893e-05,0.000942177026214345
"ENSG00000134013.16",1409.49165124992,1.91331271081739,0.485576079887541,3.94029440507142,8.13816720555903e-05,0.00094377126509345
"ENSG00000172167.8",139.00944980327,1.41657240265107,0.359520839918569,3.94016770480378,8.14246667942993e-05,0.00094377126509345
"ENSG00000111057.11",4869.9163026118,1.59577463198657,0.4050324235339,3.93986885806194,8.15261631429813e-05,0.000944413813041632
"ENSG00000180346.5",270.284620581661,2.01045486552355,0.510389865586629,3.93905718173456,8.18024339394762e-05,0.000947079110951451
"ENSG00000291068.2",615.970591111286,2.20641711967841,0.560565517053498,3.93605573756303,8.28317427277095e-05,0.000958454883120178
"ENSG00000172270.22",14262.9847930862,1.03420774596939,0.262803903699454,3.9352830434061,8.30987032589029e-05,0.000960459871262991
"ENSG00000254413.8",34.1344525217066,3.23429756791081,0.822184025989813,3.93378789379554,8.36175778161373e-05,0.000965840028920767
"ENSG00000145681.11",54.0949462339386,2.38099459100242,0.605522225925278,3.93213409691792,8.41950749855436e-05,0.000970942529529576
"ENSG00000076003.5",1145.31935808408,1.36583724245826,0.34746838779272,3.93082447337064,8.46550606299089e-05,0.000975698349160007
"ENSG00000293508.2",323.198207795073,1.60183352505788,0.407690251059453,3.9290454478498,8.52837218224727e-05,0.000982391815869652
"ENSG00000187801.15",56.7383953979266,2.45337283758474,0.625029570488602,3.92521082749233,8.66538105378868e-05,0.000994218449761609
"ENSG00000207751.5",40.7245360833946,2.56262345032502,0.652883191991496,3.92508718521031,8.66983314559968e-05,0.000994218449761609
"ENSG00000104897.10",1907.25001860982,1.21911801128269,0.310956090383065,3.92054714149792,8.83481506051702e-05,0.00100974943144281
"ENSG00000124813.23",455.216802461209,1.70070813921954,0.433771761396022,3.92074424980108,8.8275911179837e-05,0.00100974943144281
"ENSG00000186907.8",356.560045071106,3.02923261202029,0.772653558876847,3.92055737945953,8.83443970574516e-05,0.00100974943144281
"ENSG00000241634.1",19.0160878959653,3.27469203701982,0.835228957921589,3.92071180717761,8.82877974371821e-05,0.00100974943144281
"ENSG00000172432.19",2795.19209643498,1.3426756700647,0.342552440338055,3.91962079948884,8.86883999714051e-05,0.0010125094393172
"ENSG00000145979.18",403.400150437799,1.22172582485586,0.311928333990763,3.91668755840577,8.97739762407375e-05,0.00102205752850643
"ENSG00000128298.18",315.967709992127,2.96771982039574,0.758039244661175,3.91499495744741,9.04060972917254e-05,0.00102811237874073
"ENSG00000141570.11",294.822585539204,1.42468673888152,0.364171043188557,3.91213624896546,9.14832712204595e-05,0.00103920941446222
"ENSG00000149925.22",440.567986556487,1.97856121242361,0.505974579302179,3.910396477136,9.21447465573906e-05,0.00104556496038336
"ENSG00000101115.13",63.8712350926006,4.23483554384257,1.08342292685939,3.90875570274153,9.27727191532227e-05,0.00105094576437441
"ENSG00000175497.17",152.831657710835,4.0983819895867,1.04922918908816,3.90608842396811,9.38021986503559e-05,0.00106202113811535
"ENSG00000167771.6",129.326727158205,2.71107113818691,0.694585713075559,3.90314843388089,9.49494313896696e-05,0.00107205018789305
"ENSG00000100036.13",189.658007939983,1.54850052551597,0.396887899485061,3.90160679508006,9.55562871273257e-05,0.00107771513270555
"ENSG00000287839.3",499.167656738858,1.79291947467014,0.459554369500017,3.9014305894225,9.56258820568827e-05,0.00107786782250929
"ENSG00000159479.17",920.666240715748,1.0709194695918,0.274575080488296,3.90027917933158,9.60818273966582e-05,0.00108185710540422
"ENSG00000142552.8",1933.29358576169,1.89383705764362,0.485628691388114,3.89976352556581,9.62866852525421e-05,0.0010829743249688
"ENSG00000005471.19",41.2307143205883,2.00611801617125,0.514551007700901,3.89877385555014,9.66810151710343e-05,0.00108621782743391
"ENSG00000236603.2",21.5123365990327,2.15051206113033,0.551642913783331,3.89837702506043,9.68395585117721e-05,0.00108680805020546
"ENSG00000292986.2",313.168276921706,4.0122303578618,1.02944989369344,3.89745084480681,9.72105454242373e-05,0.00109037473926617
"ENSG00000178445.10",70.1545072482755,3.08991151857526,0.792966887238115,3.89664633959351,9.75338833190954e-05,0.00109340335898017
"ENSG00000133422.14",1340.21240696163,1.14930315380868,0.295122268484685,3.89432881398551,9.84710027314383e-05,0.00110270313490192
"ENSG00000075643.6",286.911066050902,1.75570583468133,0.450992557076792,3.89298184001379,9.90195672758398e-05,0.00110763622881823
"ENSG00000268942.2",29.2360222006553,2.25794952637354,0.581132993269059,3.88542649019436,0.000102150399648133,0.00114141242200835
"ENSG00000164941.15",1207.77887541981,1.16787733358864,0.300906899741692,3.88119160641109,0.000103945903627959,0.00115768973817907
"ENSG00000241351.3",2640.23701093236,3.92871811218818,1.01244398160994,3.88043011124519,0.000104271905012772,0.00116069008706943
"ENSG00000242114.6",40.7793309589458,2.26759224410446,0.584484635401043,3.8796438892676,0.000104609504381706,0.00116381621152604
"ENSG00000066455.13",1745.91209227153,1.08941121009524,0.28093716438316,3.87777534697914,0.000105415989705169,0.00117088269388667
"ENSG00000151498.12",1426.60894252957,1.6482550282206,0.425449864531368,3.87414632282501,0.000106999112277966,0.00118668239912079
"ENSG00000290897.2",60.3067515016018,3.67215325795858,0.948412446733753,3.87189483921805,0.000107992545983616,0.00119496986662064
"ENSG00000132763.15",169.11211826056,1.220108789834,0.31515374930915,3.87147159920706,0.000108180263446569,0.00119575639984283
"ENSG00000141526.18",4151.85220665354,1.89936803627396,0.490635417148066,3.87124119028032,0.000108282584910271,0.00119624252209062
"ENSG00000236924.4",45.327925731431,3.53215668127954,0.914594022229017,3.86199406013073,0.000112465301553539,0.00123844712301491
"ENSG00000090447.12",400.391071411601,1.75601835330891,0.454807725998169,3.86101258384512,0.000112918086999422,0.00124276567677732
"ENSG00000100162.16",171.72676296953,2.62361250891996,0.680144652826014,3.85743311811509,0.000114584018436379,0.00125772522163786
"ENSG00000157999.6",23.9451885736947,2.51696148600559,0.653225475833821,3.85312817567743,0.000116618302539423,0.00127869394713919
"ENSG00000105696.9",342.077468335966,4.61777716285994,1.19939744161336,3.85008088448845,0.000118078824110533,0.00129084925928769
"ENSG00000166143.10",88.3704436470411,4.61181889290357,1.19787134008279,3.85001188239867,0.000118112094644603,0.00129084925928769
"ENSG00000308525.1",104.709014854881,3.39026783315943,0.88090128736365,3.84863534858234,0.000118777663941533,0.00129681428192609
"ENSG00000249915.9",417.953775627192,1.4492538369323,0.376606791169604,3.84818827199436,0.000118994590146896,0.00129785562779195
"ENSG00000084774.14",1620.03480967519,1.64663158674576,0.429036795693427,3.83797288082111,0.000124054178660175,0.00134298145683645
"ENSG00000204315.4",168.604856287615,1.18736348317843,0.309419105627385,3.83739549880382,0.000124346121570075,0.00134523279439788
"ENSG00000134061.5",318.705852752061,2.23613596637668,0.582907949194534,3.83617339490153,0.000124966194126038,0.00135000360609077
"ENSG00000198768.11",104.206364574626,4.92985756774802,1.28634924701916,3.83244097912906,0.00012687804489459,0.00136777467535157
"ENSG00000014914.21",677.001126248776,1.50007592365902,0.391511494854028,3.83149905782029,0.000127364862271026,0.00137158042857411
"ENSG00000245648.3",88.6179569993497,1.7637727882836,0.460327546954717,3.83156037467623,0.000127333118112503,0.00137158042857411
"ENSG00000175793.12",2435.40641979157,2.39229147631746,0.624401759350135,3.8313336573672,0.000127450528424983,0.00137178248547288
"ENSG00000213186.8",159.462303400526,1.50899637315983,0.393983617271502,3.83009929095592,0.000128091563087964,0.00137651436559518
"ENSG00000143748.18",772.801913520918,1.25494032453745,0.327871741488111,3.82753426337279,0.000129433371072467,0.00138875030898476
"ENSG00000198598.7",393.224945033332,2.93034666716978,0.766099443938322,3.82502126891728,0.000130760797161711,0.0014015260768446
"ENSG00000181789.14",5848.44959354104,1.41358497685438,0.369585494604723,3.82478478590246,0.000130886371605457,0.00140213906133662
"ENSG00000167004.14",15047.7518939402,1.44135701813965,0.376861972532539,3.82462844009872,0.000130969454916104,0.00140229645096595
"ENSG00000231852.9",55.75786300902,3.57917868207335,0.936143430688312,3.82332297032914,0.000131665133694381,0.00140827433556055
"ENSG00000172009.15",1258.32213569368,1.38090984642893,0.361281994473195,3.82224928879311,0.000132239901644175,0.00141221194964176
"ENSG00000254986.8",1494.34761018032,1.868163292261,0.488731485893499,3.82247378403628,0.000132119528721146,0.00141221194964176
"ENSG00000147573.17",135.710634440177,4.25284761970873,1.11286381782238,3.82153463128183,0.000132623784929352,0.00141483771393935
"ENSG00000161847.15",938.911485926055,1.506518689043,0.394319931079537,3.82054917923773,0.0001331548498738,0.00141976445232053
"ENSG00000259802.4",68.7867821752658,2.17853729857996,0.570391694746506,3.81937065115954,0.000133792595426473,0.00142582296082349
"ENSG00000131351.15",233.443134022524,1.4225817599318,0.37277586303607,3.81618527644358,0.000135530752341456,0.00144213728154925
"ENSG00000188610.12",47.2082455745203,1.90569812412434,0.499373420685989,3.81617852529373,0.000135534458717587,0.00144213728154925
"ENSG00000107984.10",441.728388313678,4.62296372411289,1.21182252098554,3.81488513710175,0.000136246292087831,0.0014488475555032
"ENSG00000168542.18",54946.2531308438,3.16981799775168,0.830969924418566,3.81460014930097,0.000136403611723287,0.00144912935480533
"ENSG00000260000.4",81.2077293083109,2.30383272889545,0.604046680901801,3.81399782787645,0.000136736669831725,0.00145116391212717
"ENSG00000306764.1",26.9057859533371,2.39361203468733,0.627752744803812,3.81298537441742,0.000137298240285359,0.00145561691768924
"ENSG00000147889.18",502.50183653048,3.30721785282466,0.867868279429356,3.81073710286915,0.000138553051889245,0.00146740277682701
"ENSG00000112242.16",653.612366940957,1.5113320026624,0.396645368192371,3.81028526703837,0.000138806531960014,0.00146932841058757
"ENSG00000104522.16",2283.66183265171,1.70339463600183,0.447499423770205,3.80647336179932,0.00014096246744195,0.00149061084704989
"ENSG00000133216.17",871.995136847274,2.6830961851475,0.705507923697056,3.80307023496964,0.000142913816338484,0.00150580929609675
"ENSG00000051596.10",460.112712548316,1.77428632413996,0.466638338838735,3.80227293058562,0.000143374653714715,0.00150833960993665
"ENSG00000203326.12",298.238010078489,1.400000946135,0.368183657701511,3.80245270763754,0.000143270621571259,0.00150833960993665
"ENSG00000293495.2",305.871689202638,1.32460294578746,0.34836209845123,3.80237388532353,0.000143316225169431,0.00150833960993665
"ENSG00000117983.17",12133.7823691545,7.59912644517159,1.99922257773813,3.80104072942647,0.00014408961247287,0.00151412299108844
"ENSG00000013573.17",1142.00297877193,2.79116365377889,0.734599261096904,3.7995731844477,0.000144945505029494,0.00152174226068856
"ENSG00000115107.20",1493.11123976386,1.80568437567837,0.475457662597629,3.79778162752313,0.000145996855749111,0.00153121203594873
"ENSG00000171792.11",967.767436202681,1.8210484898759,0.479821387264606,3.7952632754814,0.000147486862788631,0.00154525837231379
"ENSG00000146587.18",790.644260691443,1.16214166112305,0.306247135975272,3.79478376972279,0.000147772184738129,0.00154745703568467
"ENSG00000108176.15",161.265265688642,3.05299994629354,0.805603945666485,3.78970331850567,0.000150827316886378,0.00157623002315917
"ENSG00000255026.2",284.110470081052,1.90234408579259,0.502671561964961,3.78446729382553,0.000154038161977547,0.00160732746727106
"ENSG00000184162.15",362.77742298038,1.37403521014814,0.363278517937661,3.78231891593415,0.000155374118968296,0.0016196191842023
"ENSG00000113368.12",1152.4344726812,1.87877782700058,0.497173963584143,3.77891435314998,0.000157513583983653,0.00163986566527426
"ENSG00000179304.18",23.3934479714685,2.09637025383415,0.554920500696206,3.77778483801559,0.000158229487592837,0.00164603623216821
"ENSG00000165271.17",1464.36938281063,1.1577240201777,0.306485418025472,3.77741958373199,0.000158461645679288,0.00164761540720493
"ENSG00000162396.6",106.811096022853,1.41913782728585,0.375707919504001,3.77723692691746,0.000158577863783248,0.0016479880988402
"ENSG00000102359.9",778.023386552667,2.73829434049613,0.725110292065827,3.77638322122663,0.000159122111046381,0.00165280636519503
"ENSG00000117122.14",944.568256613491,2.55199352002941,0.676273903350783,3.77360934287847,0.000160902650133431,0.00166960928053435
"ENSG00000185803.12",1253.58064887446,1.38119309463422,0.366062554356741,3.77310674964094,0.000161227261854301,0.00167190500466762
"ENSG00000222047.10",39.1883939122315,2.49076135369888,0.660390256650719,3.77165066960739,0.00016217118780979,0.00167937274487471
"ENSG00000188368.11",24.1345020074813,2.31648868161885,0.614380199929777,3.77044813925258,0.000162954664383928,0.00168663424458761
"ENSG00000158106.15",1617.30858682952,1.99671028058542,0.529842263454763,3.7684994540944,0.000164231844395691,0.00169813905067536
"ENSG00000179218.15",25224.1630962929,1.38884985281856,0.368941897802001,3.76441347836269,0.000166940456865659,0.00172353833211152
"ENSG00000041982.17",14956.9220370446,3.99842377173885,1.06226964895412,3.76403842063602,0.000167191179041264,0.00172525814547663
"ENSG00000101407.13",745.778408762047,1.0036766838183,0.267723598883923,3.74892870110214,0.000177591560525708,0.00181975879911
"ENSG00000273443.2",41.4145746394664,3.62878686986376,0.968399011832309,3.74720216101597,0.00017881796630991,0.00183141038022896
"ENSG00000163923.10",133.397599997668,1.55063640438058,0.414057431318825,3.7449790466062,0.000180408831963463,0.00184401928742714
"ENSG00000203721.9",24.4444330812892,2.77550321709218,0.741109271383774,3.74506611138443,0.000180346278644854,0.00184401928742714
"ENSG00000134028.14",422.35451985219,3.38262503054432,0.903573494393861,3.74360807563691,0.000181396525352444,0.00185319100938042
"ENSG00000110492.17",4852.13416615604,2.09879510409557,0.560851238047993,3.74216006262247,0.000182445241571067,0.00186297670974759
"ENSG00000187961.15",709.536099980722,2.0290391586604,0.542273639150024,3.74172560156303,0.000182761007834881,0.00186527212774833
"ENSG00000225953.6",24.9759723726316,3.7505233644457,1.00244774645161,3.74136545044022,0.000183023155057406,0.00186701829417764
"ENSG00000157227.14",13063.9213118971,1.9866571447612,0.531329315731335,3.73903168137206,0.000184730447594789,0.00188256118165187
"ENSG00000182712.16",13.7436773555729,2.95915666737148,0.791556477351481,3.73840244131753,0.000185193330601408,0.00188634081006024
"ENSG00000131462.9",788.472489452058,1.60836217190603,0.430343819851498,3.7373887987076,0.000185941282235037,0.00189301889322105
"ENSG00000275395.7",2212.44239443977,3.48832128147809,0.933615088025468,3.73635915509426,0.000186703947292819,0.00189889768615672
"ENSG00000115596.4",53.52077765487,3.66830285205914,0.982081336385379,3.73523324000901,0.000187541286613148,0.00190304896811628
"ENSG00000126814.7",582.375368495769,1.46570032463105,0.392394215601042,3.73527505339496,0.000187510127128463,0.00190304896811628
"ENSG00000134460.19",285.929282982898,1.87601101617873,0.502253650109025,3.73518642576615,0.000187576178529214,0.00190304896811628
"ENSG00000189159.16",1274.12802258407,1.55623063517681,0.416603394679193,3.73552077360097,0.000187327113854133,0.00190304896811628
"ENSG00000228253.1",17829.4584948851,3.56016619857366,0.953039909651851,3.73558983471553,0.000187275707126867,0.00190304896811628
"ENSG00000101825.8",2348.80926016133,2.42703296358621,0.650850929783944,3.72901512853625,0.000192229612337951,0.00194640788709992
"ENSG00000228340.9",78.1870208673064,1.8247226448533,0.489433450845818,3.72823443452812,0.000192825961388767,0.00195148248386737
"ENSG00000166920.13",513.293651776117,2.81442863419759,0.755276930581496,3.72635323580019,0.000194270103362634,0.00196319083260101
"ENSG00000108465.15",1165.14210818843,2.04336607342866,0.548621399401173,3.7245467924857,0.000195666418421859,0.00197632721345901
"ENSG00000203499.12",518.230648064197,2.11113846961848,0.566954012333641,3.7236502850184,0.000196362882360336,0.00198238529784162
"ENSG00000136122.18",144.320247256399,1.63725439275635,0.4400472528134,3.72063314175631,0.000198723940254137,0.00200267420112716
"ENSG00000230606.12",49.38958223607,2.64234467111711,0.710196371710677,3.72058317441469,0.000198763265669809,0.00200267420112716
"ENSG00000204389.10",17755.946494119,3.60831845518867,0.969909217362812,3.72026411399585,0.000199014545811784,0.00200422114308684
"ENSG00000107902.14",751.479192286236,1.46720556160263,0.394579749753409,3.71840055785822,0.000200488186260626,0.00201609110892
"ENSG00000163814.8",1073.04707498884,1.9430785783202,0.522582858217791,3.71822103952442,0.00020063068365103,0.00201653506744153
"ENSG00000185839.3",53.3827175322067,1.71138798855057,0.460338907051208,3.71766966106169,0.000201068949949703,0.0020199499018955
"ENSG00000176124.16",193.023242938994,1.77755711096897,0.478335740997842,3.71612856538977,0.000202298673421311,0.00203031424367624
"ENSG00000188486.4",1306.66744012445,1.44498825019296,0.389003902983277,3.71458548130576,0.00020353705996378,0.00204074517237034
"ENSG00000151388.11",732.538126184354,1.73229130768505,0.466573756624489,3.71279199288366,0.000204985353780091,0.00205025350922292
"ENSG00000188322.8",473.708292298349,2.41395791946179,0.650446140064874,3.71123413726619,0.000206251217905883,0.0020588972599524
"ENSG00000254893.6",53.3055185671688,1.73272934900038,0.467710344093365,3.70470606622822,0.000211636000439163,0.00210547528044862
"ENSG00000171067.11",1680.13168386218,2.0624968264338,0.556917363367583,3.7034162733987,0.000212715407466269,0.00211518754349581
"ENSG00000275063.1",198.860383004103,7.20806459432466,1.94672764036437,3.70265693303431,0.000213353302856137,0.00212050224031131
"ENSG00000235734.4",18.6354407349272,2.17320635621935,0.587342508904,3.70006652553486,0.000215542956440586,0.00214019020767931
"ENSG00000206195.12",295.53147664121,3.44305537657278,0.930933147826563,3.69849906474083,0.000216878149115376,0.00215032377633543
"ENSG00000268350.8",66.6803877663922,2.46106202295368,0.666298489657576,3.6936329005015,0.000221072885679779,0.00218725965383
"ENSG00000299536.1",24.5840304796242,3.44780780598668,0.934543205005881,3.68929738884034,0.000224874234635162,0.00221887454617871
"ENSG00000183682.8",240.760124103329,2.13347014333335,0.578371476552595,3.68875407903928,0.000225354908181503,0.00222147934488151
"ENSG00000125459.18",565.144688602919,1.76462945000082,0.478412433238929,3.68851084837823,0.000225570410021285,0.00222253516918617
"ENSG00000169972.13",523.683904663878,2.17109405533611,0.588727824559114,3.68777211602321,0.000226226111813169,0.00222632681037557
"ENSG00000254285.3",20.8361483646092,2.44822616544681,0.664076256320309,3.68666420783149,0.000227212849946172,0.00223442315361933
"ENSG00000137747.16",382.828545719404,1.30981980365294,0.355299539471859,3.68652266085103,0.000227339206795451,0.00223459400581684
"ENSG00000103089.9",171.700891120746,2.17570137502165,0.590659116931685,3.68351442084536,0.000230040263418612,0.00225897775916438
"ENSG00000179051.14",3285.59835556894,1.24831341674776,0.339079326161752,3.68147899454145,0.000231884896482659,0.00227600187528982
"ENSG00000237330.3",105.294755201547,3.54620829573411,0.963896396194478,3.67903470718923,0.000234118408883252,0.00229572637768637
"ENSG00000155660.11",6648.08873388841,1.72014173007241,0.467597944893324,3.67867683949047,0.000234447106244985,0.00229675273122177
"ENSG00000166598.16",19460.3617903979,1.16318864014388,0.316194996982394,3.67870665647706,0.000234419703157492,0.00229675273122177
"ENSG00000170558.10",190.331547761545,3.11145395902591,0.84591331244488,3.67821845719996,0.000234868757691506,0.00229978462641196
"ENSG00000211673.2",745.283804120772,3.30020740299957,0.897325119753694,3.67782794702709,0.000235228536955605,0.0023000123613437
"ENSG00000162650.17",320.501152466818,1.64328970715083,0.446835766216788,3.67761453176415,0.000235425376135915,0.00230083980566769
"ENSG00000146918.20",498.868676176238,1.30791911937726,0.355851605635264,3.67546218329512,0.000237419208808181,0.00231591030323641
"ENSG00000153292.16",2107.92272934251,4.3867944982586,1.19425357242665,3.67325214639711,0.000239482960207502,0.00233137732806729
"ENSG00000214145.9",29.1449838660192,2.93913711058162,0.800166752086284,3.67315575524523,0.000239573353015888,0.00233137732806729
"ENSG00000143436.11",1050.34145555259,1.38191411982219,0.376411677844469,3.67128386594103,0.000241335115685054,0.00234629455287166
"ENSG00000188761.13",159.217748709615,2.91853668586664,0.795081785943737,3.67073769952161,0.000241851436199524,0.00234967393149108
"ENSG00000136270.14",1548.38501839862,1.36588953523631,0.372179068635514,3.66997945436306,0.000242569964393604,0.00235403729288572
"ENSG00000136699.20",2015.34055297504,1.01938186920763,0.277763940282761,3.66995754801688,0.000242590753017339,0.00235403729288572
"ENSG00000204388.7",14744.1605088441,3.59791887317988,0.981511551712257,3.66569182696147,0.000246670829071178,0.00238572579211106
"ENSG00000149269.10",2198.09642515842,1.70951371190928,0.466397979788226,3.66535402380067,0.000246996666374927,0.00238775089455517
"ENSG00000182667.15",239.89253113242,1.90175013203963,0.51892546824975,3.66478472998042,0.000247546708027012,0.00239194048133169
"ENSG00000261008.10",18.5543918422947,2.25408843950358,0.615265064750757,3.66360544201662,0.00024868977236064,0.00240072273657372
"ENSG00000168282.6",74.0359611830719,1.79475597180129,0.490030950676724,3.66253594660248,0.000249730695573547,0.00240963679154824
"ENSG00000161653.11",211.614519377335,1.44310264463904,0.394082706352513,3.66192837538059,0.000250323853880466,0.0024140178579815
"ENSG00000294008.1",34.4697371521291,2.03884369786245,0.556782757836711,3.66182980554939,0.000250420209906684,0.0024140178579815
"ENSG00000100714.18",2333.06311875565,1.73741278940861,0.474502530751574,3.66154588608134,0.000250697947195506,0.00241489570958404
"ENSG00000006625.18",1023.96869197499,2.29434513910521,0.627121552882011,3.65853338728557,0.000253662699359084,0.00244068511856343
"ENSG00000165501.17",229.560815117071,1.81990546602778,0.497528740932233,3.657890120313,0.000254300016474739,0.00244566957682836
"ENSG00000187097.13",691.265031307847,1.36664607785375,0.373793275235291,3.65615480105545,0.000256026782391187,0.00246112196256394
"ENSG00000167553.17",3576.28779641757,1.86106830949213,0.509055535101188,3.65592392413962,0.000256257348304606,0.00246218400639064
"ENSG00000159063.14",911.395221417662,1.28517723831588,0.35173384520742,3.65383444279581,0.000258352887988552,0.00248115579171769
"ENSG00000146072.6",3074.7093694058,1.99273343249937,0.545425810668898,3.65353709619192,0.000258652399423079,0.00248261548791083
"ENSG00000291126.2",111.61321064055,1.67181925908909,0.457603726630074,3.65342142512879,0.000258769000566416,0.00248261548791083
"ENSG00000039068.20",7404.73346191591,1.90180630887797,0.52069967048937,3.65240543957055,0.000259795275133146,0.00248801603051379
"ENSG00000116771.6",60.3462306677524,3.04893522820362,0.834771499009628,3.65241893358946,0.000259781619486907,0.00248801603051379
"ENSG00000303324.1",27.8909862189102,3.5809651990988,0.980721135099966,3.65135926099297,0.000260856035750243,0.00249700847666806
"ENSG00000162377.6",487.690060168581,1.14566800363243,0.313904523009565,3.64973397849868,0.000262512030051832,0.00250934576418777
"ENSG00000281706.6",36.4527517526745,2.33465227554476,0.639712569152497,3.64953322495719,0.000262717259626208,0.00251013732123754
"ENSG00000298376.1",14.3621251997784,2.25818699153127,0.61881820092088,3.64919291024537,0.000263065505720968,0.00251229395868781
"ENSG00000152377.15",303.07010693169,2.65263531007934,0.727010284366351,3.64869021404743,0.000263580709650217,0.00251604230478028
"ENSG00000179115.11",1481.07063109894,1.10686217257244,0.303447488767529,3.64762343912624,0.000264677162622377,0.00252415839181824
"ENSG00000175216.15",2211.06530737664,1.09196545724794,0.299457674489,3.64647678210717,0.000265860487435539,0.00253308709775943
"ENSG00000197586.13",2386.02596360037,1.01671379756697,0.278961658730267,3.64463633531103,0.000267770161757885,0.00255009725809738
"ENSG00000123572.17",75.0539148061073,2.82569444930771,0.775400299305519,3.64417508200413,0.000268250775980021,0.00255230343883729
"ENSG00000183036.11",173.578723874549,6.6548387749678,1.82611120355461,3.64426808291514,0.000268153806358557,0.00255230343883729
"ENSG00000198535.5",286.351333025461,3.49221293344892,0.958738689639939,3.64250756873121,0.000269995036683678,0.00256770789988968
"ENSG00000131944.11",103.467267805369,1.58845544595061,0.436109942855298,3.64232797709376,0.000270183526865427,0.00256830924193264
"ENSG00000205213.14",1071.84858436197,2.19772971788066,0.604156567533734,3.63768240880365,0.000275102352197468,0.00261022611265937
"ENSG00000166123.14",439.754790751476,1.88156886654422,0.517313681419565,3.63719138720822,0.000275627131902516,0.00261399570422257
"ENSG00000183054.13",38.7319078145671,2.17786119568998,0.59930534341359,3.63397593501348,0.000279086904661994,0.00264191961827771
"ENSG00000049283.19",238.414563190267,3.21279913247641,0.884250906357209,3.63335690060185,0.000279757629628305,0.00264704681029015
"ENSG00000044574.9",22173.8895771772,1.58509876418413,0.436480956982508,3.63154162587592,0.000281733202852,0.00266328150819613
"ENSG00000178409.14",229.713700311479,1.86132423800778,0.512922929747448,3.62885753406316,0.000284678281471874,0.00268740491864608
"ENSG00000158373.9",454.175620138782,2.61476276730324,0.720865032200002,3.62725704605655,0.000286448094595947,0.00270286780101026
"ENSG00000204147.11",150.494728695107,1.17292808861627,0.323410260797036,3.62674976893318,0.000287011187508866,0.00270599257997478
"ENSG00000070729.14",14.1765113485812,2.44596862329911,0.674509450791795,3.62629259001164,0.000287519558219649,0.00270923760190059
"ENSG00000258735.2",63.0168508976707,1.66413207376302,0.459074324121024,3.62497309547703,0.000288991535796603,0.00271935862779879
"ENSG00000165792.18",1071.03584934413,1.24226814219361,0.342868003557038,3.62316731017728,0.000291017445272708,0.00273716591645487
"ENSG00000068097.16",681.192783408673,1.09197853917631,0.301430534495326,3.62265402542767,0.000291595722834803,0.00274053532163734
"ENSG00000182054.10",2767.16987924966,1.02015134008477,0.281606562009321,3.6226121039431,0.000291642999990863,0.00274053532163734
"ENSG00000135775.14",621.47933759733,1.10802473643557,0.306058105574548,3.62030841939482,0.000294252057922559,0.0027625202361008
"ENSG00000196550.11",59.7826008550351,1.58305735377053,0.437657546201949,3.61711426549939,0.000297905812935258,0.00279170968392346
"ENSG00000288922.3",29.464115237499,2.20008323433115,0.608468770816328,3.61577017564845,0.000299455967680234,0.00280367358964179
"ENSG00000198018.7",531.760015302666,1.26013224332938,0.348731076921983,3.61347848448646,0.000302116435784955,0.0028247129043934
"ENSG00000118705.18",8759.82972210591,1.24205257285977,0.343866573496947,3.61201892998418,0.00030382238151787,0.00283807476566852
"ENSG00000130635.17",8927.36915154961,2.29373487471618,0.635063431454176,3.61182011293574,0.000304055458239953,0.00283895861373041
"ENSG00000183150.8",26.0541651942655,2.42659180536674,0.671949477380313,3.61127121465611,0.000304699810895509,0.00284278316252784
"ENSG00000211934.3",948.838585794738,6.30764805122774,1.74667337959317,3.61123500530872,0.000304742362038441,0.00284278316252784
"ENSG00000166557.14",3610.20379108346,1.94833596041857,0.539618209846835,3.61058230590769,0.000305510331653332,0.00284865113243289
"ENSG00000215218.4",58.418916121419,2.75133489856593,0.762206872156666,3.60969573887602,0.000306556374050452,0.00285710540615022
"ENSG00000106009.16",2583.43030912679,1.41433959423771,0.39232439768451,3.60502584744949,0.000312121862309491,0.00290369630889011
"ENSG00000164692.19",66360.8131450845,2.58856804431094,0.718068455158328,3.60490427579106,0.000312268004675497,0.00290373839812535
"ENSG00000160124.9",273.873773887447,1.39542547230155,0.387332917714836,3.60265138458719,0.000314987845906217,0.00292494966853356
"ENSG00000179222.18",5026.70244835217,1.47436750732882,0.409257474493043,3.60254265155487,0.000315119675077577,0.00292494966853356
"ENSG00000269821.2",203.610632411685,1.66321853661377,0.461872090180796,3.6010371095658,0.000316950328279761,0.00293928065628594
"ENSG00000089012.14",74.8477136375734,2.0791671346838,0.57754754710039,3.59999301377415,0.000318225730192746,0.00294844119831544
"ENSG00000204366.4",182.569819098796,1.15083687115384,0.319941250123826,3.59702561238488,0.000321876800242724,0.00297823190982709
"ENSG00000122515.16",5171.55539373783,1.23376119382672,0.343284055844554,3.59399503944742,0.000325646038506051,0.0030103906102471
"ENSG00000044090.13",2200.84269435803,2.01728513346997,0.561360354961136,3.59356537318998,0.000326183762117173,0.00301400264013093
"ENSG00000211611.2",103.432346623166,4.68911980293888,1.30533414877905,3.59227543945346,0.000327803099558797,0.00302760124024936
"ENSG00000170577.8",81.3007002658288,3.19854920208863,0.890604891989325,3.59143457537506,0.000328862738076274,0.0030360205229698
"ENSG00000290548.2",163.76902704577,1.71940426063603,0.47885780323089,3.59063640403284,0.000329871540903197,0.00304396312991861
"ENSG00000155034.21",405.657672494554,1.56220790962818,0.435124236091301,3.59025717266732,0.00033035186275777,0.00304565404405815
"ENSG00000260459.2",22.9732920508483,1.96991689143186,0.549593990587164,3.58431301136914,0.000337966586266996,0.00311026341329376
"ENSG00000278828.2",94.3857744468286,2.68781729804929,0.750551712318259,3.58112206519031,0.000342121758788283,0.00314567916690357
"ENSG00000167325.15",1356.76713362505,1.05972107936517,0.296061902298336,3.57939022595792,0.000344396877775674,0.00316517865616872
"ENSG00000203288.7",19.8798513601718,2.04098586691733,0.570994318859493,3.57444163541592,0.000350976089702144,0.0032172487544701
"ENSG00000166794.7",4531.20956478502,1.21225759063956,0.339280302730528,3.57302673006157,0.000352878724279369,0.00323154326155613
"ENSG00000117593.12",615.130282959051,1.53310272402574,0.429469347635001,3.56976052532788,0.000357307714462288,0.00326626722128165
"ENSG00000240864.3",443.36839576925,3.02147762450882,0.84646972843511,3.56950464146509,0.000357656881089005,0.0032670803243127
"ENSG00000101464.11",698.864867401891,1.13585289130845,0.318271526715791,3.56881717641912,0.000358596543192775,0.00327367031238854
"ENSG00000276116.3",38.8282840246606,3.27474562503385,0.918032767439373,3.56713370282844,0.000360907358051468,0.00329183472841961
"ENSG00000100263.14",811.653764103132,1.13733586613531,0.318994659514507,3.56537588392946,0.000363335078155039,0.00330662336550862
"ENSG00000005001.10",1053.35443684886,2.47424666292397,0.695065004684972,3.55973419212119,0.000371230351099527,0.00336364172998794
"ENSG00000112167.11",607.451189599784,1.04589755373055,0.293823571963737,3.55961077846958,0.000371404841820751,0.00336364172998794
"ENSG00000291224.2",54.8912648833112,1.71608398508896,0.482339883456212,3.55783140467742,0.000373929180354569,0.00338500835054749
"ENSG00000211669.3",461.50502702829,3.63382520854615,1.02256630315619,3.55363285229544,0.000379949237719509,0.00343495554241658
"ENSG00000171302.17",2556.99077630635,1.33797299852423,0.376762180257313,3.55124019510251,0.000383420327544171,0.00346023344892856
"ENSG00000101311.17",490.480224404002,2.59826519424459,0.731716412325067,3.55091829358927,0.000383889573809159,0.00346294404812274
"ENSG00000062822.16",1082.46534974372,1.43627526336856,0.40464815045817,3.54944230374539,0.00038604805268279,0.00347935352624524
"ENSG00000295873.1",74.0112209023171,2.63225611683529,0.741921454867352,3.54789054766709,0.000388329558411616,0.00349684201390943
"ENSG00000173465.8",419.72952884454,1.10411260608763,0.311350295916966,3.54620702330113,0.000390819046702419,0.00351771454503353
"ENSG00000234602.9",66.21739301714,4.69874296151416,1.32559130057358,3.5446392560671,0.000393150763815979,0.00353404790060624
"ENSG00000130701.4",147.237907663371,2.49603994422589,0.705281659820377,3.53906827076942,0.000401541990743696,0.00360631492694207
"ENSG00000235947.1",19.8120875922863,2.67671022335331,0.756679987131671,3.53744022423515,0.000404025628914165,0.00362703217830825
"ENSG00000197989.16",747.511893638357,1.26076343907644,0.356695044182134,3.53456954235863,0.00040843994183462,0.00366264502495898
"ENSG00000291071.2",11.5664910447981,2.59031558256503,0.732863665137196,3.53451222347079,0.000408528539410904,0.00366264502495898
"ENSG00000064195.7",61.2261499131324,2.8953469485047,0.819460578485262,3.5332351848537,0.000410507114325696,0.00367792800228141
"ENSG00000132768.14",620.081630959332,1.29945065993901,0.367903835418669,3.53203890484113,0.000412368682278289,0.00368900849102707
"ENSG00000102996.5",2683.74605768338,1.48525965452728,0.420600612563002,3.5312826709324,0.000413549545472781,0.0036979589534993
"ENSG00000123219.13",161.774425309057,2.13292551425187,0.604038461540703,3.53110877875472,0.000413821525261083,0.0036987779223859
"ENSG00000183248.12",471.147486542491,3.11379370964317,0.881873985426542,3.53088282577823,0.000414175181435318,0.00370032589113279
"ENSG00000211943.2",395.245663647865,2.99973760911553,0.850381343311412,3.52752048561468,0.000419471300857587,0.00373949545773216
"ENSG00000040608.14",258.283177530384,1.77443908041612,0.503838209746822,3.52184301644722,0.00042855784006062,0.00381055938968037
"ENSG00000182199.11",1769.20644750713,1.40381386445058,0.398634596493346,3.52155552177221,0.000429022815893977,0.00381304023280889
"ENSG00000124766.7",4387.83126723625,1.79594160856607,0.510009760382639,3.52138674212558,0.000429296008884746,0.00381381514998823
"ENSG00000120370.14",619.560728213456,1.09911937354648,0.312291305014952,3.51953242340146,0.000432308191947063,0.00383891172268627
"ENSG00000163359.17",16782.4220629311,1.58054531635578,0.449267378722444,3.51805047775845,0.000434729660459856,0.00385716403104362
"ENSG00000168243.11",65.348915423327,3.96070290727391,1.12586206233122,3.51792909610335,0.000434928555573534,0.00385716916240473
"ENSG00000292334.1",875.795398676161,2.85024906682865,0.810326374014121,3.51740873582746,0.000435782177309395,0.00386306863966789
"ENSG00000254827.8",107.64576636869,2.34683156784284,0.667286868768966,3.51697549836753,0.000436494071865409,0.00386770719512893
"ENSG00000151790.9",196.75600667294,2.14021183710946,0.608795904648426,3.51548330198675,0.000438954362529099,0.00388614863959268
"ENSG00000270933.3",57.035724064451,3.91586382680792,1.1139651658878,3.5152480048037,0.000439343493291747,0.00388791497041604
"ENSG00000105388.17",14022.1698071479,6.98674577458514,1.98919894784613,3.51234137849824,0.000444177058900069,0.0039256062136582
"ENSG00000176208.9",170.491312426653,1.36458900472652,0.388527713334407,3.51220507030347,0.000444404946105523,0.00392592805469524
"ENSG00000115598.10",62.1681073638063,2.47346164942908,0.705057972216711,3.5081677633578,0.000451204419362766,0.00398085000628836
"ENSG00000253217.2",36.7083008634401,2.98544628675146,0.851109245713217,3.5077122023856,0.000451977723272775,0.00398595752171397
"ENSG00000237424.1",45.539755935156,2.161331236154,0.616230615653785,3.5073415394348,0.000452607827204793,0.0039897983185757
"ENSG00000058262.11",9491.89777190768,1.18489119098656,0.337846271075429,3.50719037748982,0.000452865028346365,0.00399035003919805
"ENSG00000260027.5",313.274166860513,2.7719471920176,0.790700822954282,3.50568395978244,0.000455435652263091,0.0040078337399152
"ENSG00000102890.16",1131.26712802172,1.71658364930313,0.489813409415788,3.50456646613768,0.000457351387519382,0.0040229656154858
"ENSG00000168488.19",4234.01785416411,1.04494101957272,0.298381604115488,3.5020289627784,0.000461729423339589,0.00405799404035788
"ENSG00000245571.8",240.308487694402,1.22586865493852,0.350292891362592,3.49955333141378,0.000466038367643886,0.0040874744451415
"ENSG00000106462.12",430.304375961204,1.68409848801669,0.481264080669911,3.49932304457971,0.000466441093378893,0.00408873766310536
"ENSG00000249115.9",936.015000863161,1.31968021980366,0.377135661519245,3.49921886062826,0.000466623396979445,0.00408873766310536
"ENSG00000152952.14",1431.23888494086,1.22265599654859,0.349539771928011,3.49790236974921,0.000468932759036695,0.00410196130174419
"ENSG00000155792.10",481.558639581181,1.90691601670866,0.545152335283134,3.497950743838,0.000468847713814244,0.00410196130174419
"ENSG00000100462.16",929.719339712702,1.12868618129803,0.322808610383888,3.49645624370359,0.000471481811333084,0.00412074299214559
"ENSG00000163938.17",1942.43226960805,1.04875469376237,0.30006772957474,3.49505991613519,0.000473955346046888,0.00413971012049055
"ENSG00000106153.14",5799.77715194445,1.36732852571178,0.391481474945299,3.49270300951745,0.00047815798515173,0.00416843168688396
"ENSG00000246089.6",128.965182070717,1.81977216451462,0.521146558669052,3.49186257539934,0.000479664965668723,0.00417979194903166
"ENSG00000250343.2",113.136598584119,4.25577242109908,1.21883206377177,3.49168072255111,0.000479991628045725,0.00418086165737024
"ENSG00000291242.2",54.0700018255003,2.59073425477699,0.742265600469293,3.49030623693058,0.000482467336591387,0.0042006413033842
"ENSG00000249485.1",70.5768926390241,1.15930343270648,0.332171010900737,3.49008009327134,0.000482875803230014,0.00420241318736341
"ENSG00000276566.1",46.5282414910586,3.00258855308815,0.860372799851137,3.4898692213511,0.000483256976225619,0.00420394613514217
"ENSG00000119777.20",3033.05559075481,1.04638162463627,0.30015853645385,3.48609650419574,0.000490124157970115,0.00426187690204378
"ENSG00000124155.19",4286.87566154231,1.29192316894831,0.370680349288122,3.48527557889002,0.000491630429626783,0.00426856285266757
"ENSG00000168517.11",36.4833863897989,1.49090482990317,0.427778039350418,3.48522993879517,0.000491714298717047,0.00426856285266757
"ENSG00000170638.10",2144.80997079662,1.28574309721048,0.369140955437945,3.48306812958503,0.000495702196886813,0.00429762276742799
"ENSG00000101444.13",2460.72542547916,1.03455580605678,0.297076455659806,3.48245640590746,0.000496836108191167,0.00430381392579286
"ENSG00000197046.12",61.8802358000236,2.5319118838135,0.727206280926492,3.48169694104916,0.000498247242684645,0.00431421514527279
"ENSG00000091490.11",5849.93754688834,1.63921070051162,0.47089600304883,3.48104611187715,0.000499459497598089,0.00432036781870946
"ENSG00000121621.7",151.680982372606,1.74127946931914,0.500227345622586,3.48097616924947,0.000499589938458843,0.00432036781870946
"ENSG00000101680.16",172.973684824757,2.71939326636693,0.781582022296859,3.47934469932582,0.000502641606184729,0.00434492558735737
"ENSG00000120800.5",792.008371683518,1.16596362102855,0.335136065545769,3.47907533953344,0.000503147112627793,0.00434563116989059
"ENSG00000164818.16",1265.33807759104,1.57648645050026,0.453127156530279,3.47912595345612,0.000503052089533164,0.00434563116989059
"ENSG00000176383.9",35.8838208332988,2.64208749351471,0.759631584760842,3.47811695368951,0.000504949557405691,0.00435752766205652
"ENSG00000176884.17",47.8278457144935,2.5329780604879,0.728291349116641,3.47797356588156,0.000505219745246697,0.00435802509740778
"ENSG00000126562.17",183.01094180135,3.60036567609784,1.03522618327878,3.47785414844775,0.000505444868205418,0.00435813354822704
"ENSG00000159337.7",23.1692338582265,2.12842518048636,0.61244638814564,3.47528407658797,0.000510312630968746,0.00438903111802985
"ENSG00000187715.13",123.496016705646,3.52949095470515,1.015771858239,3.47468865777014,0.000511446582812258,0.00439693951110379
"ENSG00000101811.15",513.026620197952,1.32433133615601,0.381279166023639,3.47339024570228,0.000513927508320432,0.00441641644199586
"ENSG00000239951.1",4211.49363899319,3.55227711906401,1.02285775222407,3.47289455580705,0.00051487759715625,0.00442272737833756
"ENSG00000162851.8",495.311954738277,1.44734847582014,0.416783255971349,3.47266464063431,0.000515318831139277,0.00442281176796975
"ENSG00000298162.1",28.4765183893265,2.62024325687629,0.754533237750231,3.47266777099044,0.000515312821255482,0.00442281176796975
"ENSG00000257702.6",308.38432481691,1.94362889841263,0.559713728097179,3.47254105240594,0.000515556156960326,0.00442299725619855
"ENSG00000307088.1",244.452059480966,2.06293075924193,0.594851654269696,3.46797515722573,0.000524395764261194,0.0044931929588013
"ENSG00000092470.12",276.54860936294,1.44725024758258,0.417488045524021,3.46656691873902,0.0005271504964668,0.00451306806830025
"ENSG00000070756.17",23720.0057299664,1.0961047705869,0.316244613112757,3.46600297724624,0.000528257430025718,0.00452061366663077
"ENSG00000011132.12",815.587407848103,1.01460976566293,0.292768448928467,3.46557072449713,0.000529107344094459,0.00452222854278595
"ENSG00000137673.9",1978.54298204821,3.20036202651866,0.923473359395674,3.4655704942187,0.000529107797217299,0.00452222854278595
"ENSG00000186603.7",51.8081017959659,3.05259472522295,0.881087608509832,3.46457570818156,0.000531068633346579,0.00453709635755761
"ENSG00000104341.17",4564.70143495301,1.47961270804905,0.427444510538067,3.46153166451129,0.000537110932170474,0.00458108259285499
"ENSG00000183929.7",31.2328831323492,4.19472660294408,1.21213839693004,3.46060038488013,0.000538972240453288,0.00459173316986847
"ENSG00000079385.23",772.066804955577,1.74026743021023,0.503129883362636,3.45888305933901,0.000542420353178629,0.00461868227640141
"ENSG00000293412.2",46.6743694915997,3.45937631141322,1.00072250645695,3.45687869423572,0.000546470783126057,0.00464545478325733
"ENSG00000206053.13",2824.91848362778,1.77000670422181,0.512175317364752,3.45586099956722,0.000548538113457343,0.00466109634410665
"ENSG00000131015.5",214.515693548645,2.22197720508647,0.643013937089486,3.4555661657101,0.000549138394400872,0.0046642641420031
"ENSG00000149428.21",4566.28384228503,1.48601142133428,0.430051848698096,3.45542386536159,0.000549428336425677,0.00466479445551639
"ENSG00000076650.7",478.340701106949,1.07449696577196,0.311017930589318,3.45477498270276,0.000550752266605168,0.00467409953413591
"ENSG00000083444.17",4435.49485602631,1.77003604040811,0.51245602751476,3.45402521459684,0.000552285736157364,0.00468517448662416
"ENSG00000186862.20",109.07994932991,1.67522740569292,0.485369970850055,3.45144427200349,0.000557594892980464,0.00472630247444044
"ENSG00000174669.12",752.246190764839,1.72686233374537,0.50064843442409,3.44925144074768,0.000562142992537422,0.00476288426404434
"ENSG00000106541.12",8248.59528161002,3.15706918450711,0.91556182475923,3.44823156572451,0.000564270041411475,0.00477695826965355
"ENSG00000105664.11",665.272995022609,3.55325763842197,1.0309717375935,3.44651313790231,0.000567870952939006,0.00480149526559232
"ENSG00000181544.16",60.0182842078917,1.56510036972395,0.45426068540438,3.4453793163516,0.000570258545684587,0.00481572537920789
"ENSG00000106443.17",1759.65869477213,1.37222130805617,0.398322163997756,3.44500364801166,0.00057105168468879,0.00481990669766288
"ENSG00000204394.13",2268.54923335925,1.50715369633214,0.437778699397218,3.44272962208384,0.000575874748460771,0.00485515454047683
"ENSG00000258366.12",118.156726786435,1.59400144545551,0.463352176083752,3.44015098607715,0.00058138974942136,0.00489817290116848
"ENSG00000272853.3",40.9057945445564,1.85077196850188,0.538585228938922,3.43635857252923,0.000589590085052738,0.00496466328703135
"ENSG00000274605.5",154.970488120912,2.35765024367198,0.686308629639653,3.43526241963453,0.000591980278411789,0.00497661485385622
"ENSG00000162521.19",3122.68250582447,1.00127593767812,0.291509417438975,3.43479790970296,0.000592995874346097,0.0049790284224375
"ENSG00000151882.11",701.756398378791,2.52510321983484,0.73556101836625,3.43289428991673,0.000597174879686784,0.00501206456532862
"ENSG00000143643.13",851.996531218437,1.10908343643388,0.323258587774798,3.43094809659484,0.000601475672629634,0.00504196941602535
"ENSG00000143578.16",629.840036955004,1.60783858879915,0.468682734763851,3.43054793688798,0.000602363530572164,0.00504722801695801
"ENSG00000129925.11",3250.80391650192,1.24486677474511,0.363121330438788,3.42823918727343,0.00060750995557812,0.00508216406739036
"ENSG00000225285.2",373.595329150992,1.91826591049824,0.559895017902743,3.42611712760668,0.000612276292357478,0.00511577550876028
"ENSG00000182057.6",71.3831217798554,1.38400694201346,0.404001429676804,3.42574763440973,0.000613109755912932,0.00512065272311151
"ENSG00000115718.18",26.0908859088503,2.29606507596195,0.672022227739529,3.41665049337012,0.000633966127918839,0.00527978939352067
"ENSG00000105928.16",426.339807570389,1.50137266729523,0.439617876019825,3.41517656399286,0.000637406790813099,0.00530198330175732
"ENSG00000267575.10",129.330266395242,1.51965078903998,0.445007759341864,3.41488604892517,0.000638086999738945,0.00530449441276399
"ENSG00000115884.11",8850.80523947719,1.62328822996872,0.475476986750149,3.41402060500084,0.000640117344885602,0.00531590362071057
"ENSG00000145217.14",283.244663092757,1.69990702716286,0.498520884775176,3.40990132826529,0.000649863864215351,0.00538376107954406
"ENSG00000225313.6",96.9385154342664,1.40226811478678,0.411230521216253,3.40993200271088,0.000649790778859907,0.00538376107954406
"ENSG00000188158.17",463.055978758416,2.00440407251822,0.587992351657679,3.40889480427315,0.000652266267465749,0.00539276917262811
"ENSG00000211952.3",34.99459200026,4.21043679252181,1.23513077447061,3.40889959148371,0.00065225482167814,0.00539276917262811
"ENSG00000115286.21",814.798056375003,1.07322506827699,0.31490892065749,3.40804911476064,0.000654291168242284,0.00540515153651885
"ENSG00000283646.2",414.947034549883,4.10453128537096,1.2055844636552,3.40459868977281,0.000662613523767932,0.00546509561196206
"ENSG00000177054.14",599.232139973216,1.05274600731429,0.309264865527488,3.40402717754152,0.0006640014648338,0.0054704982465347
"ENSG00000243238.1",1966.97648009086,4.03155430896254,1.184358110452,3.40399940979334,0.000664068968768282,0.0054704982465347
"ENSG00000258053.2",62.879854269025,3.8944405061165,1.14401127807249,3.40419765151103,0.000663587179111033,0.0054704982465347
"ENSG00000100522.10",595.527459067439,1.52927379032821,0.44951208747206,3.40207490065162,0.000668763064835423,0.00550695497244398
"ENSG00000165244.7",162.569444837593,1.1079473492155,0.325731317555788,3.40141487631364,0.000670380030596728,0.00551805385281225
"ENSG00000197785.14",1169.69740690767,1.90043324072311,0.558837359404308,3.40069111118282,0.000672157330100658,0.00552602802581552
"ENSG00000242802.9",2665.40557585693,1.79696254099938,0.528483818530274,3.40022244389009,0.000673310539359537,0.0055332903002116
"ENSG00000110583.13",805.374797888976,1.11294457448827,0.327454726160826,3.39877389322412,0.000676886502200853,0.00555599713415784
"ENSG00000256806.6",91.3627897980293,1.23144190186185,0.362401611700239,3.39800338106786,0.000678795811733589,0.00556943950531633
"ENSG00000267309.2",40.8382071435631,1.37926676288045,0.406186079438325,3.39565246742995,0.000684652301536502,0.00561299911663512
"ENSG00000225518.4",25.4506976490292,1.89947157525316,0.559446346863039,3.39527031663357,0.000685608724498108,0.00561682349492879
"ENSG00000164535.15",1164.90284174082,1.48389066074024,0.437264968170449,3.39357316216973,0.000689871279390416,0.00564667042000677
"ENSG00000289470.2",70.698768636243,1.82949282059322,0.539121881724416,3.39346793853269,0.000690136367174062,0.00564667042000677
"ENSG00000101146.13",930.82735459399,1.42158211751291,0.418998427023312,3.39281015351834,0.000691795658660882,0.0056579889051387
"ENSG00000198732.11",1355.9356289194,5.42838876806214,1.60010658904332,3.39251697682696,0.000692536403634039,0.00566178884374495
"ENSG00000064687.13",2027.0231077387,1.21747589094015,0.358928500118167,3.39197330537789,0.000693912004100373,0.00567077390676527
"ENSG00000112699.11",716.037060611678,1.82700622139467,0.539206902361497,3.3883212796297,0.000703218405056555,0.0057285618503296
"ENSG00000124279.12",451.58235907478,1.94073954988513,0.572758016977007,3.38841097350024,0.000702988456903979,0.0057285618503296
"ENSG00000278619.5",192.62010535318,1.36939108904606,0.404318721898025,3.38690991754628,0.000706845929081,0.00575354066291259
"ENSG00000168303.9",876.42519386174,1.27891537284998,0.377680771414638,3.38623374459782,0.000708590002368986,0.00576316120927159
"ENSG00000171793.17",933.84561951559,1.40125952764781,0.413982025362267,3.38483180863131,0.000712218805242332,0.00578579016746782
"ENSG00000168393.13",634.055461060873,1.12422355937271,0.332342486814371,3.38272596485877,0.000717702078919315,0.00582110895022216
"ENSG00000187840.5",963.782749826015,1.89620461365979,0.560554635386722,3.38272934332549,0.0007176932506172,0.00582110895022216
"ENSG00000104826.15",38.3054220913874,3.90069493342515,1.15342614387588,3.38183329217557,0.000720038268525616,0.00583583327458122
"ENSG00000131037.15",1404.79814461922,1.59722742100195,0.472542033463134,3.38007480370857,0.000724661041554045,0.00587058474754015
"ENSG00000204588.6",275.374169294311,1.97906625581739,0.585559911116625,3.37978440505504,0.000725427098526848,0.00587215050461685
"ENSG00000140451.13",151.784055242809,1.97199413855434,0.583953524482069,3.37697103601417,0.000732887670336955,0.0059231883297552
"ENSG00000149609.6",14.5726216363998,1.87557605546599,0.555433811430137,3.37677688478622,0.000733405145976855,0.00592503511154824
"ENSG00000161277.11",253.580261911579,1.51616275008744,0.449218633843044,3.37511099465475,0.000737859250253985,0.00595398113624861
"ENSG00000290762.2",61.2459571987421,2.01598170673884,0.597447149002327,3.37432643222972,0.00073996563241115,0.00596393684235779
"ENSG00000033170.17",1756.56557854903,2.05930796468262,0.610604565839517,3.37257216845617,0.000744695676071642,0.00599734491051569
"ENSG00000162745.11",2000.53145897169,2.15651108662653,0.640256943465111,3.36819632904777,0.000756616962355254,0.00606951259629583
"ENSG00000125912.11",2638.22358946959,1.07325391786882,0.319053262577796,3.36387068791413,0.000768575453215879,0.00615833437790435
"ENSG00000149243.17",302.635757047139,2.56288941725787,0.76188823704841,3.36386531860187,0.000768590405435877,0.00615833437790435
"ENSG00000293137.2",120.530958916065,2.80124506116305,0.832724555619113,3.36395155187946,0.000768350299529348,0.00615833437790435
"ENSG00000175352.12",726.058408567032,3.35226103275741,0.997131475352757,3.36190473936396,0.000774068227987974,0.00619254582390379
"ENSG00000100156.12",94.4900491052307,2.52128960082358,0.750621800332737,3.35893468549134,0.0007824355800934,0.00625704334408544
"ENSG00000166145.15",4962.19891669925,1.7664361586965,0.526043046479761,3.35796884022583,0.000785174636724571,0.00627649931828484
"ENSG00000121207.12",67.5671850178551,2.25209553915061,0.671278948486103,3.35493246768669,0.000793843614956987,0.00634332403783245
"ENSG00000064547.14",695.72615567578,1.5235995358206,0.454164698759452,3.35472911034764,0.000794427371405117,0.00634551570833289
"ENSG00000197635.11",3028.56059964421,2.3908414867938,0.713113346365039,3.35268088723996,0.000800329244349001,0.00638768035271776
"ENSG00000302966.1",118.764477741627,2.99389417773086,0.893226500609466,3.35177491452399,0.000802952725812387,0.00640095208662211
"ENSG00000143942.5",69.4271293902635,1.30744655476118,0.390132572544682,3.35128786154208,0.000804366411611429,0.00640245687254687
"ENSG00000004478.8",2798.74370294817,2.03876831720769,0.608481242789508,3.3505853160916,0.000806409639680279,0.00641622943422757
"ENSG00000134955.12",1282.03646086517,1.82544316547633,0.54502910062501,3.34925816508332,0.000810282569918768,0.00643705300798699
"ENSG00000198754.5",31.3050250953243,2.42944223804627,0.725467003372709,3.34879770789264,0.000811630317265388,0.00644027400356406
"ENSG00000101898.8",87.3563901545686,1.63970659619063,0.489981186014274,3.34646848285897,0.000818479834490013,0.00648960190502058
"ENSG00000239382.11",92.6058993372923,1.48821297279523,0.444729928015373,3.34632971393772,0.000818889598162268,0.00649034105941985
"ENSG00000230882.1",45.3830833665929,2.94991848226641,0.882295618181546,3.34345815787495,0.00082741170652431,0.00654523519698089
"ENSG00000110104.13",275.337663625756,1.2156676409043,0.363616969714976,3.34326431975168,0.000827989926947103,0.00654728324802291
"ENSG00000287252.4",105.41211236624,3.18027889901443,0.95185161695918,3.34114986238534,0.000834321760888415,0.0065948085525274
"ENSG00000005206.17",2090.76331842807,1.21606147113108,0.36401174566346,3.34072041800366,0.000835613225791006,0.00660247151507468
"ENSG00000133805.16",687.082345297795,1.20573938978087,0.360948926287747,3.34047091421367,0.000836364408083942,0.00660586125706978
"ENSG00000198648.12",975.17485939971,1.75161992809609,0.524760259168546,3.33794317975114,0.000844010068412158,0.00665482720783387
"ENSG00000151117.9",566.967734568416,1.79906619977337,0.539249256623233,3.33624233631601,0.00084919105436523,0.00668689154023738
"ENSG00000232725.2",34.257967620986,2.74420336590851,0.822546529985464,3.33622873098378,0.000849232616600572,0.00668689154023738
"ENSG00000115705.22",39.8640125678447,3.52265287903607,1.05597987206458,3.33590911363568,0.000850209542237361,0.00669201399387134
"ENSG00000204392.11",673.086235503189,1.0826397457496,0.32458493842965,3.33545897412072,0.000851587182774973,0.00669719014115915
"ENSG00000244038.11",8021.06343937456,1.47660342270493,0.442709981236668,3.33537413947654,0.000851847048777949,0.00669719014115915
"ENSG00000177465.5",46.26557019262,2.38757066860135,0.715930117824637,3.33492139687601,0.000853235136651078,0.00670296292792862
"ENSG00000185156.6",135.059753958746,3.28709086111615,0.985963469212808,3.33388706960975,0.000856414210186056,0.00672278597459989
"ENSG00000240489.1",12.1670130633185,2.12892501666347,0.638977621900713,3.33176772346226,0.000862962501912946,0.0067715970682063
"ENSG00000162390.18",151.496764309162,1.5570988296231,0.467714743028448,3.32916345450413,0.000871072667325993,0.00682739830690067
"ENSG00000130590.14",390.904189659087,2.1127482370168,0.634789704847853,3.32826481097891,0.000873887566743213,0.00684684396962279
"ENSG00000214160.10",904.000284854706,1.20952125451704,0.363535251361287,3.32710858159668,0.000877521731444408,0.00687269120761503
"ENSG00000297852.1",33.6385416293093,2.6962098492669,0.811473555200657,3.32260963032885,0.000891796202297523,0.00695526410494805
"ENSG00000158286.13",628.353525014446,2.05630362332522,0.619580859151592,3.31886240988945,0.000903849524029416,0.00704123504585834
"ENSG00000033011.14",623.831010684408,1.09606292673802,0.33027042295455,3.31868326849498,0.000904429515134814,0.00704246422464783
"ENSG00000198056.16",151.439138427759,1.0175067773397,0.307026386636232,3.31406947945895,0.000919486561876423,0.00713593961571316
"ENSG00000123131.13",1961.58655536957,1.51872226900999,0.458490633091133,3.31243903233268,0.000924862819038055,0.0071641054935989
"ENSG00000273308.2",40.7216352822144,1.80499682315723,0.544913439807719,3.31244687925874,0.000924836874875635,0.0071641054935989
"ENSG00000308980.1",22.3466640193834,2.07808434410282,0.627317995312191,3.31264902271556,0.000924168763688734,0.0071641054935989
"ENSG00000185480.12",83.0926891036704,1.59673829397137,0.482186724467559,3.31145220917172,0.000928130916532441,0.00718399256798081
"ENSG00000020129.16",1012.8067459373,1.08475736515273,0.327605545776059,3.31116911523299,0.000929070421954791,0.00718484477933673
"ENSG00000087085.16",356.378444323181,1.85525609412074,0.560330849802495,3.31100116078685,0.000929628229683712,0.00718484477933673
"ENSG00000163472.19",354.427609702489,2.14152465334916,0.646791517053525,3.31099681564305,0.000929642664825417,0.00718484477933673
"ENSG00000211942.3",90.9401693804283,3.79178044271812,1.14519568372086,3.31103277511335,0.000929523208966868,0.00718484477933673
"ENSG00000112029.10",309.008439545854,1.24628986406794,0.376767803364752,3.30784598083451,0.000940165003435096,0.00724704632723053
"ENSG00000235084.3",18.898845433459,2.33718256751894,0.706537802939399,3.30793703860656,0.000939859370454429,0.00724704632723053
"ENSG00000006118.15",2009.12976237379,2.63827996704343,0.797801310648381,3.30693862222321,0.000943215562348033,0.0072623702179437
"ENSG00000058085.15",16019.5128749284,3.55767974496842,1.07581816859947,3.30695265130158,0.000943168326579845,0.0072623702179437
"ENSG00000175772.12",166.336122943777,1.77499245548828,0.536745052641904,3.30695634128647,0.000943155902801204,0.0072623702179437
"ENSG00000179163.12",2916.68035523976,1.25943531710625,0.380921004001383,3.30629002831695,0.000945401765835387,0.00727374026517403
"ENSG00000196656.8",193.02577581553,2.01114091118712,0.608414146989133,3.30554593633248,0.000947915644099261,0.00729034597397271
"ENSG00000162194.13",114.419048014197,1.52494456199346,0.461449527605951,3.30468333103521,0.000950837663080771,0.00730733712286662
"ENSG00000103460.17",552.636527802198,4.09936723554781,1.24064360012406,3.30422631861228,0.000952389141760666,0.00731651815760985
"ENSG00000131788.16",2020.98405580326,1.75204125266747,0.530472922328261,3.30279111133083,0.00095727668194913,0.00734855899913327
"ENSG00000196876.19",70.4098475019792,2.21205953542968,0.670018631704208,3.30148958664516,0.000961729047749999,0.00737445489718249
"ENSG00000225200.2",59.573855747854,1.82127171272779,0.552134498647083,3.29860154942415,0.000971677272290238,0.00744516845704
"ENSG00000185220.12",295.395507338803,1.0097008292666,0.306238446062689,3.29710669005911,0.000976863860381785,0.00748211303446699
"ENSG00000179750.16",136.301932256003,2.23309675295278,0.67788366665884,3.29421826013199,0.000986958301179218,0.00755378611697599
"ENSG00000176912.8",21.7972332423223,3.00448538474225,0.912281274681445,3.29337614190467,0.000989919456059622,0.00757079766021876
"ENSG00000105131.8",228.666514905389,2.59697552707144,0.788666430402608,3.29286936397901,0.000991705410389427,0.00757315744306324
"ENSG00000308185.1",145.044053099503,2.8262152382657,0.858266050461492,3.2929360735474,0.000991470146417795,0.00757315744306324
"ENSG00000211637.2",339.277156499675,3.46912652105772,1.05392371986189,3.29162960817727,0.000996087061605373,0.00760378596841272
"ENSG00000108688.11",35.0592641680074,3.08053218841268,0.93600108719064,3.29116304518271,0.000997740665185836,0.00761357446928559
"ENSG00000261236.8",1343.49083256703,1.64558421805523,0.500045935186201,3.29086610301606,0.000998794417698458,0.00761594672387102
"ENSG00000171224.9",149.351443123843,1.07514457455389,0.326976907502593,3.28813610345056,0.00100853070312645,0.00767022015463826
"ENSG00000163918.12",362.601757309702,1.24314022251803,0.37810428726707,3.28782366236422,0.00100965058001658,0.00767304503063753
"ENSG00000221944.9",173.348475248481,1.07855426020768,0.32809449719818,3.28732810034361,0.00101142917492194,0.00768086807503686
"ENSG00000291061.2",11.8677820101438,3.17834772115174,0.967534970953131,3.28499518526003,0.00101984114391284,0.0077418818270229
"ENSG00000205336.14",2344.65008050331,1.25211113020909,0.381173471078172,3.28488529557795,0.00102023897388649,0.00774203549984033
"ENSG00000111325.16",27.1311907528355,1.7246822954116,0.52526744634579,3.28343648061568,0.00102549751886086,0.00777330910414904
"ENSG00000141696.13",1110.04522702064,2.34647910164687,0.71487463890984,3.28236445095489,0.00102940463832017,0.00779994657723059
"ENSG00000231789.5",31.9689752458662,2.32851618481366,0.709423857980469,3.2822637110659,0.00102977250217339,0.00779994657723059
"ENSG00000268655.3",35.894606576887,3.58069971001624,1.09099267316628,3.28205660595714,0.00103052915363508,0.00780279533461365
"ENSG00000225697.13",658.273733227404,1.5283777142261,0.465750168983468,3.28153979538406,0.0010324195479738,0.00781422311246025
"ENSG00000198298.13",69.2023799128487,1.30927626150418,0.399048197544331,3.28099780818764,0.00103440548065907,0.00782221425537741
"ENSG00000249592.8",378.351200118691,1.77230559567504,0.540181394055331,3.28094528093557,0.00103459813717852,0.00782221425537741
"ENSG00000165490.13",141.611373135413,1.83797854230706,0.560245575009868,3.28066587991291,0.00103562346681541,0.00782691616792597
"ENSG00000176945.18",779.386836131001,2.52794271807218,0.770633420267816,3.28034400220231,0.001036805840539,0.00783296497951789
"ENSG00000211664.3",175.021219843948,4.02475056878613,1.2271647324851,3.27971499037111,0.00103912003607393,0.00784755698698334
"ENSG00000143373.18",1408.31842670706,1.20075179988989,0.366184668072575,3.2790881338918,0.00104143105638012,0.00786211427835711
"ENSG00000277856.1",216.972023859485,6.42589638067654,1.96123312792452,3.27645718868555,0.00105118247820573,0.00792989166046
"ENSG00000083857.15",2052.2621959884,1.12385078263307,0.343041645915266,3.27613511658193,0.00105238200350466,0.00793310316171306
"ENSG00000227014.7",22.1294100154827,2.44243336616196,0.745558243514673,3.27597929123278,0.0010529628138978,0.00793456432787965
"ENSG00000175707.10",404.702424721224,1.75094880795768,0.535038753397367,3.27256445788194,0.00106576568163618,0.00801630944103748
"ENSG00000103550.14",536.771236436926,1.54255290214271,0.471649992292891,3.27054580165199,0.00107340158421488,0.00806176921582745
"ENSG00000231443.2",19.730581447706,2.60701335446085,0.797234215508875,3.27007208640285,0.00107520080710555,0.00806951586709087
"ENSG00000103356.18",731.670056821043,1.12697158046472,0.3448550761471,3.26795705910969,0.00108326799784695,0.00812411376293116
"ENSG00000121895.8",182.255789679358,2.87960313686783,0.881319804685731,3.2673759531532,0.00108549425038408,0.00813188677744797
"ENSG00000150527.18",1543.39889776136,1.25820524654773,0.385069709154089,3.26747395766788,0.00108511849267071,0.00813188677744797
"ENSG00000143493.13",737.496579839205,1.45041093455316,0.444148455247666,3.26559941257565,0.00109232655665476,0.00818008170841825
"ENSG00000089723.10",83.3295093064044,1.85967489750218,0.569640783338188,3.26464493396028,0.00109601374001584,0.00820469723449612
"ENSG00000002726.21",34.8529518919442,2.4900988819206,0.762806419439838,3.26439161818957,0.00109699423838349,0.00820904009628288
"ENSG00000260051.1",51.2778275015917,1.92817958883006,0.590891757029451,3.26316887296493,0.00110173848334735,0.00823489309010601
"ENSG00000071794.16",571.85949241064,1.15088832380458,0.352767544715629,3.26245523729323,0.00110451614701456,0.0082401458962676
"ENSG00000136108.15",542.21101419252,1.68548496443458,0.516641062088162,3.26239063852605,0.00110476790230392,0.0082401458962676
"ENSG00000272405.1",39.7262150160821,2.97001767292341,0.910353888484872,3.26248694105816,0.0011043926100321,0.0082401458962676
"ENSG00000166823.6",118.033317461319,2.35825986255632,0.724684883214719,3.25418663639709,0.0011371754248009,0.00845725241571185
"ENSG00000114686.9",1896.27725219435,1.35228564883284,0.415631289872391,3.25357036821753,0.00113964495608821,0.00846947451237141
"ENSG00000184156.18",716.237208481789,2.70237579103451,0.830675645881398,3.25322621944348,0.00114102619728389,0.00847666708301044
"ENSG00000211658.2",46.1756736180762,3.52308776285197,1.08321886543611,3.25242467175232,0.00114424921044632,0.00849138103908485
"ENSG00000216285.5",72.5947909534288,1.46102267466653,0.449337439499761,3.25150442903902,0.00114795987030677,0.00851105320829392
"ENSG00000291234.2",34.1568312083301,2.41688875687274,0.743324499880666,3.25145849122523,0.00114814539475912,0.00851105320829392
"ENSG00000156804.7",801.164668712405,1.66399593810312,0.5119234921145,3.2504777837602,0.00115211269700884,0.00852812950883367
"ENSG00000157916.20",3934.85286421888,1.28208212499607,0.394565531813614,3.24935155664258,0.0011566843048229,0.00855887946087649
"ENSG00000204516.10",343.711316808569,1.06053173134831,0.326539275390944,3.24779226045198,0.00116304151564545,0.00860281502048857
"ENSG00000105438.9",5061.04694416631,1.14916576310359,0.353933710597105,3.2468389664406,0.00116694395966918,0.00862856795854915
"ENSG00000100167.21",145.641812208856,2.0792935480308,0.641677146437754,3.24040455480441,0.00119360223690412,0.00880382871811272
"ENSG00000109323.11",2237.93298745743,1.15634098351632,0.356930916223108,3.2396772903626,0.00119665048314407,0.00881959795340981
"ENSG00000129354.12",1520.57156278435,1.68293506574101,0.519766023452331,3.2378704836511,0.00120425466325694,0.00885971927356305
"ENSG00000188766.13",87.3919992756402,2.24906418053739,0.695244788308676,3.23492418549256,0.00121675034370403,0.00893241999545559
"ENSG00000095066.12",1852.39410088718,1.46341201184406,0.452641923086798,3.23304567518691,0.00122477978641252,0.00897529833473989
"ENSG00000105726.17",2508.93866446622,1.13324386591143,0.350763900258915,3.23078818850781,0.00123449384825631,0.00903356954484201
"ENSG00000174442.12",331.539162590465,1.01410598505926,0.314006915276099,3.22956576980981,0.00123978361573928,0.00906580715303786
"ENSG00000267287.2",60.1514361665162,3.08198541188555,0.954901561901279,3.22754253930541,0.00124858474521479,0.0091204067032006
"ENSG00000057019.16",3845.93478283621,2.23616915340969,0.693031055501266,3.22665071883724,0.00125248248746814,0.0091391106487711
"ENSG00000152256.14",567.911871272117,1.64991587231784,0.511325070102251,3.22674550650901,0.00125206768064275,0.0091391106487711
"ENSG00000108679.13",23318.3004757987,1.43946396089246,0.446255188020877,3.22565204737769,0.00125686055979808,0.00916453375465855
"ENSG00000184343.11",288.363955829797,3.04746542974101,0.944898947991012,3.22517602143631,0.00125895237716336,0.00917652312170546
"ENSG00000109881.17",212.349607672614,1.20636382166801,0.374132314284696,3.22443097163221,0.00126223282889644,0.00919389766383395
"ENSG00000140650.13",1248.00768851669,1.20745864576325,0.374517121917849,3.22404123896934,0.00126395196259395,0.00920132925422691
"ENSG00000142102.16",5203.27298650905,1.51699052434597,0.470854125092174,3.22178450501843,0.00127394912048456,0.00925904023755542
"ENSG00000131650.15",21.4966569076365,2.2223968446606,0.689934955464151,3.22116864359407,0.00127668998973266,0.00926956499627426
"ENSG00000258661.2",30.0832008617213,3.44824609590321,1.07115087710717,3.21919737881913,0.00128549967297553,0.00932692331730019
"ENSG00000130827.6",2271.07826068447,1.59660268603786,0.496317327777734,3.2168989408181,0.0012958423503421,0.00938204503934121
"ENSG00000236423.9",34.4206413435539,2.87618497926978,0.894070714628726,3.21695469073064,0.00129559057663405,0.00938204503934121
"ENSG00000204248.12",401.277022167285,2.94300946233666,0.915160233389318,3.21584063092116,0.00130063038612691,0.00941006543300853
"ENSG00000184363.10",1556.6144360125,1.85576267644281,0.577849206206004,3.21149991470478,0.00132044009766913,0.00952984996923896
"ENSG00000143368.10",2090.21856159304,1.22573893411537,0.381901807512121,3.20956567893822,0.00132935672036453,0.00958408234681936
"ENSG00000130475.16",366.711662587831,1.17519990821421,0.366248887885774,3.20874669408069,0.00133314886902459,0.00960804372951855
"ENSG00000149262.19",1077.76203612583,1.2472633874746,0.388746519059387,3.20842329467665,0.00133464905331244,0.00961547582189682
"ENSG00000159214.13",380.384516642321,1.34952857613072,0.420818396421747,3.20691440204579,0.00134166910872769,0.00965926383614904
"ENSG00000184697.7",38.1999099764106,3.6109048480245,1.12611230711677,3.20652285318649,0.00134349633082913,0.00966563114642821
"ENSG00000198715.13",1885.7423454047,2.15297119689343,0.671426585077098,3.2065623327176,0.00134331198959663,0.00966563114642821
"ENSG00000166105.16",633.155025402973,6.191234225794,1.93134295926925,3.20566277267324,0.0013475180898557,0.00968776680028097
"ENSG00000127463.16",1923.43632986318,1.49423342450982,0.466138972678634,3.20555351963667,0.0013480297541659,0.00968804839797325
"ENSG00000176371.14",105.473664692513,1.29940450104256,0.405428458440869,3.20501551874182,0.00135055198700927,0.00970277433133782
"ENSG00000176532.4",314.059967275944,3.42881675805396,1.07066662915268,3.20250642421488,0.00136237261472823,0.00977450665212015
"ENSG00000105364.14",854.123138594731,1.08398461557933,0.338691249428442,3.20050966007715,0.00137184770738654,0.00983853284094215
"ENSG00000171551.12",106.30309421327,3.65904056210858,1.14560488137835,3.19398129458575,0.00140325209407735,0.0100496964502138
"ENSG00000119888.11",5831.88857110454,1.43544960736732,0.449454461144968,3.19375983878448,0.00140432893005887,0.0100538967813991
"ENSG00000074855.11",1292.04152753728,1.50869924419631,0.47256295789233,3.19258887942727,0.00141003543409992,0.0100877063994364
"ENSG00000211652.2",252.470389316053,3.71249621319627,1.16318914530964,3.19165307565522,0.0014146113030919,0.0101135604686713
"ENSG00000211649.3",359.995330604856,3.62384921608486,1.13645826422118,3.18872177727381,0.00142903344650471,0.0102044458564774
"ENSG00000293332.2",11.3031495298931,1.95310058042355,0.612514538798412,3.18865995288047,0.00142933908016988,0.0102044458564774
"ENSG00000116299.17",3391.96294180277,3.49035142479461,1.09584026996858,3.18509140469413,0.00144708293645477,0.0103095860073206
"ENSG00000163482.12",1025.17811548268,1.30734022414337,0.41061932232347,3.18382539025646,0.00145342656304298,0.0103511838307167
"ENSG00000137142.5",135.652029413311,2.20157239071141,0.691788817230694,3.18243419939129,0.00146042696195824,0.0103902131950006
"ENSG00000271781.1",33.8197392371728,1.96058816893806,0.616153087387969,3.18198222011595,0.00146270797693167,0.0103992248124157
"ENSG00000272142.5",50.4313092328618,1.36628151682504,0.429375547533374,3.18201985342177,0.0014625179267637,0.0103992248124157
"ENSG00000126602.11",1359.6381654447,1.09918281032577,0.345547734550665,3.18098688088666,0.00146774276112714,0.0104277884872318
"ENSG00000049656.14",6710.34062668482,1.73311988756734,0.545005505502072,3.18000436705817,0.00147272832856197,0.0104559631748042
"ENSG00000183808.12",492.832241791773,1.15094144937248,0.362291751629791,3.17683591799952,0.00148891248303794,0.0105616732230757
"ENSG00000130733.11",1654.70339501519,1.45928432383632,0.45940502572161,3.17646573749199,0.00149081398523423,0.010569726816474
"ENSG00000250602.7",21.6437917657492,2.30434124310414,0.725544286315927,3.1760173521658,0.00149312019760799,0.0105824184347578
"ENSG00000211448.14",398.022441833628,2.26393744043439,0.712953868252035,3.17543328011521,0.00149612922675504,0.0105927602435723
"ENSG00000141756.20",4968.64934715461,2.24270497696216,0.707118157925149,3.17161276630597,0.00151594999268534,0.0107182891896621
"ENSG00000224389.9",2411.17829636522,2.58398310441316,0.815257626448771,3.16952950893436,0.00152685953236841,0.010787983408574
"ENSG00000299996.1",10.7247810491614,2.29980861497604,0.725625384984025,3.16941587569552,0.00152745667823516,0.0107884849226779
"ENSG00000164002.12",183.472606841022,1.39416105106492,0.439963883840276,3.16880794599735,0.00153065502129576,0.0108036318611526
"ENSG00000171163.16",1156.41252064997,1.23445367898674,0.389583653344887,3.16864855182697,0.00153149462061035,0.0108058381627648
"ENSG00000305609.1",30.0842700509511,2.34128839454484,0.739260939011949,3.16706628335329,0.00153985216056466,0.0108610693843199
"ENSG00000114529.13",504.875111457528,1.91805667628009,0.605752322790473,3.16640416242124,0.00154336193243934,0.0108746024270571
"ENSG00000164631.19",1102.18721866313,1.04460746405913,0.329897826335956,3.16645755342243,0.00154307864446624,0.0108746024270571
"ENSG00000269397.1",22.7433117172625,1.80401057045971,0.569733812915335,3.16640952241989,0.00154333349059357,0.0108746024270571
"ENSG00000233030.2",30.1665426725392,1.89688115184526,0.599331589439044,3.16499444593049,0.00155085911465167,0.0109236740937196
"ENSG00000188060.8",193.362378470787,1.5929291745891,0.503539739651715,3.16346268060369,0.00155904338846919,0.0109737815438285
"ENSG00000088882.8",1007.34668273319,2.63303842746512,0.832457808195378,3.1629692238374,0.00156168840259871,0.0109848572922415
"ENSG00000164509.17",48.9733346345924,2.32187823211597,0.734248019093491,3.16225331459877,0.00156553314735219,0.0110081247096397
"ENSG00000130294.18",455.326844579381,5.26620277744128,1.66612484918047,3.16074919597508,0.00157363932768853,0.0110590267245625
"ENSG00000291088.2",15.1925136624568,2.38423033752205,0.754333779319936,3.16071002371329,0.00157385095504649,0.0110590267245625
"ENSG00000109685.19",2302.3217129951,1.16121800544172,0.367566700077226,3.15920350020212,0.00158200982842661,0.0111125486543539
"ENSG00000228526.9",469.178293614386,1.53262966067668,0.485162118652642,3.15900521032639,0.00158308660128876,0.0111163039975427
"ENSG00000211594.2",29.2876889764014,3.44958697446235,1.09246478458009,3.15761846345306,0.00159063592844743,0.0111621229750688
"ENSG00000164733.23",38869.6891528443,1.10686874777114,0.351074901011518,3.15279942992799,0.00161712876128907,0.0113127288029584
"ENSG00000143507.18",908.546055557566,1.57252820438036,0.498928048008903,3.15181359447704,0.00162259822347564,0.0113471193636237
"ENSG00000253161.8",76.5615025832604,2.44185073890733,0.775168948310488,3.1500884345657,0.00163221047642949,0.0114026724390836
"ENSG00000143552.10",37.1971154729746,2.04414933688143,0.649237904499016,3.1485366499955,0.00164090145620965,0.0114477861375035
"ENSG00000256269.11",398.040994078455,1.06554842817743,0.338493437931408,3.14791457905117,0.00164439739054808,0.0114682735019721
"ENSG00000185567.7",1229.23896606044,1.59809392873466,0.507846774254645,3.1468033465018,0.00165065939271158,0.011505571256208
"ENSG00000204335.4",86.2503872474474,1.94632416854301,0.618780574944768,3.14541898590907,0.00165849121542614,0.0115508505030902
"ENSG00000136247.15",1151.33617640096,1.42760698884753,0.453914706984798,3.14509965612404,0.00166030262437018,0.0115595399015572
"ENSG00000180867.12",354.325674581446,1.23020880880867,0.391723673232896,3.14050156493161,0.00168658806419341,0.0116988503613741
"ENSG00000182325.11",791.51415063568,1.42185449292775,0.452764760793948,3.14038241499725,0.00168727425699357,0.0116996521357444
"ENSG00000096384.20",35959.2027520054,1.26343429113695,0.402596002203628,3.13821867137648,0.00169978017012301,0.0117679603180757
"ENSG00000111669.15",9503.31946770858,1.04808560987226,0.333978633541936,3.13818162185114,0.00169999504789993,0.0117679603180757
"ENSG00000176920.14",189.720918025213,2.3415137276947,0.746092842862909,3.13836776494174,0.00169891571807421,0.0117679603180757
"ENSG00000267288.3",46.6199397527293,2.63588746714527,0.840038606824631,3.13781705475299,0.00170211077680688,0.0117786295537119
"ENSG00000143457.11",989.297570626836,1.15867336147602,0.369349518317814,3.13706476930889,0.00170648424770404,0.0118049099240633
"ENSG00000143452.16",47.3374824501171,2.98725985645198,0.954077443393998,3.13104546924956,0.00174185189496243,0.0120211818425815
"ENSG00000106683.15",1660.63745996178,1.55020971444996,0.495155254032359,3.13075485279744,0.00174357640872337,0.0120290345506272
"ENSG00000272438.2",19.8950835177953,2.40010407251473,0.766654383613614,3.13062068621048,0.00174437308083585,0.0120304828958824
"ENSG00000154760.14",1359.02901450208,2.00378704872389,0.640408009263237,3.12892253023063,0.00175448558574611,0.0120920915798784
"ENSG00000150967.19",207.498461348781,1.17968951585183,0.377163517463794,3.1277932812393,0.00176124006313829,0.0121304891684875
"ENSG00000231890.11",49.7780971924316,2.35215432495177,0.752112412697826,3.12739729492643,0.00176361426710383,0.0121427625697438
"ENSG00000171421.13",484.040083062778,1.16824759361863,0.373629462450406,3.12675447475907,0.00176747467176054,0.0121652570224163
"ENSG00000167123.20",2295.56134399493,2.38440891076764,0.762733076224413,3.12613807515815,0.0017711837043579,0.0121826067340337
"ENSG00000103005.13",1321.07500791003,1.12588859918738,0.360202995557382,3.12570581886797,0.00177378896671452,0.0121964349341095
"ENSG00000239906.1",14.6802019677706,2.62912239427324,0.841410221844029,3.12466181895351,0.00178009581946879,0.0122315967434276
"ENSG00000116128.12",797.639068726361,1.19476741193188,0.382391034770047,3.12446501955874,0.0017812870005144,0.0122356812926457
"ENSG00000110660.15",987.587769452756,1.96987532078645,0.630598567150951,3.12381826315647,0.00178520682948369,0.0122584999436482
"ENSG00000026036.23",232.060645802382,1.79107110404967,0.573560368966782,3.12272465281401,0.00179185297141849,0.0122937959006239
"ENSG00000105880.7",23.759597905193,3.23417511354845,1.03573874052043,3.12257810490256,0.00179274530544604,0.0122937959006239
"ENSG00000162910.19",788.799221854058,1.17326588923245,0.375809004266275,3.12197386415239,0.00179642885864734,0.012314937250988
"ENSG00000174501.15",259.486682966115,2.29680178658365,0.736388140285699,3.11900974626309,0.00181459958854621,0.012418741643375
"ENSG00000211890.4",13654.8331544252,3.24225921495807,1.03967617829871,3.11852794421392,0.00181756905567882,0.0124284977214668
"ENSG00000143590.14",36.5908699282297,1.78506999163946,0.572813387757253,3.11632030569078,0.00183123248009443,0.0125116930262767
"ENSG00000146733.14",337.783092814747,1.35316192275041,0.434374745125002,3.11519474356412,0.00183823503093785,0.012551172518931
"ENSG00000188522.16",808.427802837776,2.06729633678176,0.663604735590107,3.11525253800884,0.00183787487128245,0.012551172518931
"ENSG00000237289.10",42.9450391149855,3.11757891918351,1.00088184736623,3.11483211268869,0.0018404963308067,0.0125624290169309
"ENSG00000223749.12",120.246188828425,1.84710130120834,0.593342304661885,3.11304501077318,0.00185167775298134,0.0126261392241867
"ENSG00000058804.12",706.689951824656,1.1227258543558,0.360760482323331,3.11210875183817,0.00185756055758646,0.0126578337230817
"ENSG00000308241.1",13.1187493798846,2.46619184862416,0.79259703084884,3.11153303966199,0.00186118645552687,0.0126783279349246
"ENSG00000282122.1",1303.11317846929,5.54831384053436,1.78346289125793,3.1109780123437,0.00186468823275612,0.0126979633093429
"ENSG00000184432.11",3714.03466011874,1.1686798414168,0.376007443480631,3.10812953753932,0.00188275525339723,0.0127912570297074
"ENSG00000167635.12",2736.88797912128,1.18112025963771,0.380276444572918,3.10595167408858,0.00189667709995643,0.0128788258698467
"ENSG00000213983.12",1563.5976621329,1.45705133871742,0.46912117521994,3.10591679864868,0.00189690080603478,0.0128788258698467
"ENSG00000188385.13",88.514524673127,2.28853718099434,0.737040203939505,3.10503710484453,0.0019025515616547,0.0129086423627293
"ENSG00000164880.16",5713.63109332993,1.49241805926784,0.480797790130749,3.10404517221677,0.001908941830565,0.0129434336289367
"ENSG00000161179.14",686.010819223902,1.37707716725985,0.443662860816,3.1038819988833,0.00190999491847826,0.012946292829249
"ENSG00000164266.11",25.3167713395942,2.97169784924208,0.957523465819955,3.10352482766293,0.0019123018920655,0.0129576463962032
"ENSG00000291228.2",73.1609911189537,1.60204815744654,0.516453478325353,3.10201833210868,0.00192206055241973,0.0130151682849452
"ENSG00000149136.9",3845.51800779666,1.25609050028829,0.405074723599937,3.1008859035323,0.00192942619487146,0.0130607311652837
"ENSG00000167619.13",26.5940028958999,1.45377209742608,0.468869392077605,3.10059074443798,0.00193135024828862,0.0130694407560759
"ENSG00000123643.14",482.253549942209,1.19551167484266,0.385780234376091,3.09894486112312,0.00194211160776397,0.0131379268906606
"ENSG00000291137.2",59.4029854467715,2.24630412694124,0.725379285477793,3.09673045799983,0.00195667701714429,0.0132233703228499
"ENSG00000242766.1",202.596907742202,3.14216461780581,1.01484797735553,3.09619242282337,0.0019602310961755,0.0132430241831903
"ENSG00000186583.12",19.9833525548742,1.88816988824365,0.610181124582833,3.09444165375412,0.00197183714483121,0.0133082780834823
"ENSG00000145824.13",2385.70777126514,3.42512772654885,1.10691817971429,3.09429169139937,0.00197283418960402,0.0133106259373612
"ENSG00000159596.7",601.030310310466,1.0958820253614,0.354420811896464,3.09203632681011,0.00198788520698332,0.0133838033702013
"ENSG00000113648.17",5236.28180973193,1.13014809691739,0.365615564377417,3.09108311305578,0.00199427803919075,0.0134098379759345
"ENSG00000130299.17",615.293387216071,1.16825976797205,0.378108653291569,3.08974618222021,0.00200327610623758,0.0134540364501459
"ENSG00000184635.17",171.023957242254,1.48621287143866,0.481009832498722,3.08977648901307,0.00200307171760456,0.0134540364501459
"ENSG00000150756.14",559.119638969082,1.53771150739054,0.49773909809969,3.08939264217206,0.00200566179025924,0.0134656481163967
"ENSG00000119599.17",408.70311536185,1.42921847649468,0.462796579536293,3.08822177970009,0.00201358138514563,0.0135143936893702
"ENSG00000130826.19",1375.45833112948,1.00706345121364,0.326183380675718,3.08741496616847,0.00201905527946561,0.0135402737379042
"ENSG00000112977.16",6616.51591381131,1.66240494996319,0.538638731757895,3.08630785710079,0.00202658878027668,0.0135839085814949
"ENSG00000151917.18",95.8620407452814,1.40532010543107,0.455642535815918,3.08426012710725,0.00204059089847666,0.0136643617839208
"ENSG00000163468.15",5728.49580757395,1.27573249291422,0.413992577067261,3.08153470275134,0.00205936470194971,0.0137675949947104
"ENSG00000101447.15",348.181079250788,1.97933601242981,0.642920424043361,3.07866407475697,0.00207930996227221,0.0138647712085949
"ENSG00000054690.14",319.428851591538,2.20855343427003,0.717548781919843,3.07791398984878,0.00208455070680105,0.0138951975592486
"ENSG00000241755.1",709.630836574902,5.19291107712687,1.68781682669162,3.07670298992442,0.00209303738000729,0.0139381742252905
"ENSG00000254598.3",71.7198229050001,1.51978511795355,0.494004355096111,3.07646097099259,0.0020947372406632,0.0139449650592722
"ENSG00000248643.5",49.0092579854358,1.73745934002319,0.565027557782391,3.0749992917909,0.00210503053524593,0.0140019700040141
"ENSG00000215414.4",57.1078229865874,1.75091890251012,0.569631922172206,3.07377243858324,0.00211370594671048,0.0140529918065343
"ENSG00000103507.14",1986.7265613689,1.51479496269308,0.492852189171119,3.07352791765148,0.002115438934345,0.0140599545898898
"ENSG00000007376.8",661.809079370684,1.18739279482942,0.386359496761373,3.07328486754601,0.00211716278899431,0.0140668521793711
"ENSG00000263528.8",404.36766664653,1.04324545070749,0.339488363486163,3.07299325371432,0.00211923278622012,0.0140760443954186
"ENSG00000173137.12",551.368868649538,1.51229936501626,0.492413162052534,3.07120012534294,0.00213200200905803,0.0141562724072946
"ENSG00000188827.12",488.115594240737,1.19445626269714,0.389173180771196,3.06921525355415,0.00214621891766761,0.0142460578465059
"ENSG00000113504.21",6907.4933717764,1.99390942400441,0.649702144341576,3.06895927829373,0.00214805868874287,0.0142490441132268
"ENSG00000205869.2",26.1809968918921,2.96604471860632,0.966446466933095,3.06902122371942,0.00214761333579281,0.0142490441132268
"ENSG00000213585.11",3618.21344855141,1.0006656064987,0.326124928011128,3.06835056308409,0.00215243951692168,0.0142596510032188
"ENSG00000143498.18",214.360597301644,1.0001941844272,0.326068548588647,3.06743532535238,0.00215904175853641,0.0142941531214177
"ENSG00000132749.11",180.922857063139,2.83402694446306,0.923989943075361,3.06716211112691,0.00216101623672711,0.0143026071393972
"ENSG00000293505.1",46.2964746230509,1.62536304923808,0.530065498259981,3.06634379067035,0.00216694002447761,0.0143325607296416
"ENSG00000270362.3",99.7610412402876,1.71369956012598,0.558948900048365,3.06593243135051,0.00216992345654646,0.0143430401524915
"ENSG00000137133.11",15.8115774590896,2.1425426918888,0.698924249182808,3.06548627321758,0.00217316352756217,0.01435982757626
"ENSG00000232931.7",998.779376593593,2.85783743143573,0.932912073214859,3.06335132054567,0.00218872936674608,0.014448714403014
"ENSG00000157680.17",28.1491269157541,2.04300334800408,0.667221457346257,3.06195690427842,0.00219895109198286,0.0145021850080465
"ENSG00000143569.20",4507.30471415643,1.01641295411621,0.33272029069451,3.05485713538716,0.00225167752764111,0.0147975628290876
"ENSG00000182134.17",516.58119752777,1.49758965761995,0.490483751973684,3.05329106538947,0.00226346278963121,0.0148654839969886
"ENSG00000052344.16",4926.45400482048,2.12900832914142,0.697704306390871,3.05144788363782,0.00227740580496941,0.0149369623110019
"ENSG00000112249.14",1388.82319318707,1.16932151258549,0.383193949256035,3.05151350864415,0.00227690802730236,0.0149369623110019
"ENSG00000143847.16",216.413275438579,2.20898685799751,0.723932561122771,3.05137104839092,0.00227798874105067,0.0149369623110019
"ENSG00000129521.15",1618.85917503312,3.02671279972059,0.992222700300227,3.05043696219082,0.00228508643581283,0.0149739253051794
"ENSG00000145495.17",7086.50657379082,1.74536063001757,0.572206028732188,3.05023110973628,0.00228665333631964,0.014979405753322
"ENSG00000103423.14",1505.92824413976,1.17751704784007,0.386130233002086,3.04953341437448,0.00229197135322983,0.0150046553724854
"ENSG00000177732.9",953.123273743577,1.32781637398514,0.435478720226407,3.04909588531629,0.00229531209182553,0.0150121464532027
"ENSG00000144485.11",339.608048427655,2.40938343749029,0.790461166205941,3.04807312553362,0.00230313874660369,0.0150489346272664
"ENSG00000272894.6",278.629579940803,1.62330987910444,0.532962023082763,3.04582654823111,0.00232041653680457,0.0151377094084127
"ENSG00000169851.16",812.260345228691,2.05564656545837,0.675241360969773,3.0443137584257,0.00233211776833491,0.0151898801530937
"ENSG00000276180.3",35.4452715290514,2.51157560435273,0.824988268094825,3.0443773584233,0.00233162474454869,0.0151898801530937
"ENSG00000149922.12",102.014154606762,1.90846867388735,0.626941547135288,3.04409347666907,0.00233382611880981,0.0151961799746194
"ENSG00000130508.11",3988.85278468233,1.29277206549923,0.424850801413581,3.04288484615744,0.00234321981833717,0.0152525013191065
"ENSG00000136193.17",3111.92029213154,1.51461336375456,0.497855749329384,3.04227352158684,0.00234798431910569,0.0152786640682142
"ENSG00000154040.21",38.8530872951548,2.59564899782575,0.853236137099563,3.04212267268617,0.00234916135897586,0.0152814735102922
"ENSG00000310526.1",254.295992384822,1.60335044134723,0.527871790385475,3.03738610501688,0.00238639568244787,0.0154696987268135
"ENSG00000184408.10",61.1434520138733,2.00483075037337,0.660082086248726,3.03724459751196,0.00238751634394868,0.0154706627026845
"ENSG00000234072.2",274.201607918986,1.48908068684927,0.490316403787439,3.03697913295762,0.00238961997675305,0.0154706627026845
"ENSG00000135931.19",1095.13450026156,1.75812754083658,0.579005981619195,3.03645833834042,0.00239375186355634,0.015487864376235
"ENSG00000144191.12",75.3205517721036,3.54581845257783,1.16876933380454,3.03380517440135,0.00241490327869269,0.0155831892462816
"ENSG00000225614.4",269.790168673332,1.52701183401369,0.503718028744078,3.031481398077,0.00243356914842455,0.0156862313169748
"ENSG00000137343.18",526.915210505805,1.65411150539869,0.545999205142098,3.02951266196112,0.00244948635812288,0.0157739536077109
"ENSG00000160767.23",932.374528791469,1.27940232882492,0.422420199842211,3.02874324973764,0.00245573289768144,0.0158071467104158
"ENSG00000253676.1",23.9965042437459,1.97273453386536,0.651671467005216,3.02719181941653,0.00246837266959276,0.0158690356475246
"ENSG00000266850.2",17.6455902094321,1.69087685781835,0.558574640997258,3.02712786029727,0.002468895030999,0.0158690356475246
"ENSG00000162078.12",97.6309834542529,2.63726252699436,0.871357315184145,3.02661431887678,0.00247309285010413,0.0158878468276522
"ENSG00000186364.12",131.371768403777,1.600499835498,0.528814599990273,3.02658027128495,0.00247337139455062,0.0158878468276522
"ENSG00000176444.20",1672.82007188545,1.51288278092171,0.500166405785024,3.02475888708918,0.00248831410538704,0.0159588340371773
"ENSG00000198938.2",293698.112018637,1.43974640772186,0.476031843083268,3.02447499813582,0.00249065056781453,0.0159660409244948
"ENSG00000186818.13",1340.87427705628,1.6714284060479,0.553095343020348,3.02195349705993,0.00251149127767035,0.0160873530638403
"ENSG00000168334.9",97.2337233398691,2.74933618908904,0.910883962100585,3.01831660615564,0.00254183196738874,0.0162393543665468
"ENSG00000212916.6",84.5317140368661,1.52579510975331,0.505600633029651,3.01778718236659,0.00254627652059766,0.0162593752034676
"ENSG00000152766.6",499.188438967177,2.50651165385388,0.831199395404811,3.01553594445669,0.00256525531724113,0.0163652753654985
"ENSG00000292277.1",22.0214823239598,1.830504076843,0.607149254746538,3.01491612240745,0.00257050331791492,0.0163885572234228
"ENSG00000067191.17",688.416283932688,1.16224790561479,0.38554177316194,3.01458359773277,0.0025733228315271,0.0164014334279241
"ENSG00000121933.19",81.0551269443453,1.91437416289704,0.635268357989267,3.01348892766573,0.0025826246511815,0.0164556046761422
"ENSG00000136271.11",1893.23265241373,1.01074901106058,0.335810018758943,3.00988342991079,0.0026134797283425,0.01664702962098
"ENSG00000261526.4",101.726741149417,1.64985414793713,0.548418189121439,3.00838699493206,0.00262638457451438,0.0167240339490195
"ENSG00000146731.11",4991.42750449651,1.22455933997526,0.407124693126919,3.00782379612014,0.00263125651548238,0.0167451651077198
"ENSG00000173156.7",730.187198444349,2.17667580931925,0.723673538003312,3.00781456694537,0.00263133642104337,0.0167451651077198
"ENSG00000163462.19",335.500479400153,2.01748632753692,0.671096860175433,3.00625207367164,0.00264489640158475,0.016805378313633
"ENSG00000134755.19",799.591228284677,1.12145330540006,0.373106609945268,3.00571813928617,0.0026495447337001,0.0168244859770167
"ENSG00000167971.16",19.4559704238118,2.2362693611488,0.744106883710937,3.00530664357827,0.00265313223135069,0.0168420505484875
"ENSG00000280670.3",68.9178321198848,1.87649483290638,0.62452454548289,3.00467747261311,0.0026586260477552,0.0168717017899018
"ENSG00000169683.8",864.151057343923,1.1518270608587,0.383410024464012,3.00416522095085,0.00266310662081218,0.0168844583033806
"ENSG00000223725.7",49.174401246246,1.70286541668808,0.566834721912827,3.00416567803333,0.00266310261971955,0.0168844583033806
"ENSG00000152669.9",261.79517381939,3.25606324422564,1.08435263601261,3.0027715487453,0.0026753317737324,0.0169514841435752
"ENSG00000211899.10",10000.9657631002,3.10731765450708,1.03479171500283,3.00284357659221,0.00267469869796816,0.0169514841435752
"ENSG00000254389.4",42.0806899822123,2.06496997835817,0.687744183615301,3.00252627001966,0.00267748863414255,0.0169547749273112
"ENSG00000147144.13",645.710795892116,1.1560196661496,0.385297620723023,3.00032910657556,0.00269688040198609,0.0170549598219676
"ENSG00000131187.11",48.1758601339095,2.28711144424868,0.762594245302283,2.99911972629966,0.00270760885300322,0.0171084166169424
"ENSG00000259768.9",125.622607788496,1.14919173188397,0.38345827963807,2.99691463949778,0.00272727067733115,0.0172167358275855
"ENSG00000172244.9",62.8880823723393,1.4386199984611,0.480604110377583,2.99335766673085,0.00275926177535074,0.0173697226838842
"ENSG00000151012.13",251.236076075908,2.36831922229688,0.791503591958816,2.99217747886115,0.00276995177992704,0.0174071423136904
"ENSG00000087299.12",337.848688977207,1.49260863800193,0.499069480277236,2.99078324158947,0.00278262935517796,0.0174661596586914
"ENSG00000257086.2",23.0248320035586,2.15625525430121,0.720975660730293,2.99074625087494,0.00278296642630438,0.0174661596586914
"ENSG00000070182.21",469.276142684346,2.96924328429502,0.993796331701387,2.98777847087808,0.00281013161442455,0.017605739241068
"ENSG00000092758.18",168.420731405427,1.83142016393757,0.612900432012826,2.98812020399954,0.00280699131501038,0.017605739241068
"ENSG00000106086.21",553.573237341991,1.47260617338385,0.493146401005417,2.98614401399164,0.00282519559716862,0.017687881076136
"ENSG00000141391.14",125.93108049703,1.47763596923368,0.495706856630005,2.98086651308233,0.00287434053957171,0.0179555754920138
"ENSG00000286388.1",169.578481310374,1.13690170103866,0.38140816313103,2.98080065121229,0.00287495875635394,0.0179555754920138
"ENSG00000134258.18",50.6458193118678,2.56168640943534,0.859576638483673,2.9801722089077,0.00288086377922275,0.0179815010438914
"ENSG00000100092.24",251.811005186615,1.13069373036422,0.379456673882457,2.97977030894039,0.00288464594789712,0.0179996288848699
"ENSG00000099377.14",346.928093979258,1.28192660297527,0.43027703774089,2.9793051697712,0.00288902890133322,0.0180214933352408
"ENSG00000142765.18",1682.9929804459,1.44224562295157,0.48416627935034,2.97882294670912,0.00289357925147171,0.0180443883735328
"ENSG00000186141.10",936.807888488532,1.09323309147614,0.367089511913842,2.97811039540877,0.00290031499949393,0.0180699054237689
"ENSG00000225698.4",173.959390247757,2.42144705171437,0.813528900604045,2.97647330035411,0.00291584470686069,0.0181391019021455
"ENSG00000242474.4",147.507848945915,1.31353062608116,0.441447072470961,2.97551101365059,0.00292500846824691,0.0181850738729335
"ENSG00000140832.11",291.465104031524,1.89351023989397,0.636485586216359,2.97494598605147,0.00293040141000414,0.0182130798759396
"ENSG00000100197.23",193.656450466346,2.02173787794033,0.679640746183359,2.9747155233022,0.00293260368055395,0.0182212442018419
"ENSG00000150961.15",2239.86237769268,1.25813327109552,0.423066852441247,2.97384033713735,0.00294098060568947,0.0182677571460336
"ENSG00000163013.12",336.059007363586,1.55913874804378,0.524377473923447,2.9733137397725,0.00294603149727412,0.0182919230569359
"ENSG00000171453.20",609.985057403658,1.26227707352662,0.424544724877432,2.97324875227467,0.0029466553773439,0.0182919230569359
"ENSG00000132680.11",1993.02879724972,1.61637196586628,0.543712223188333,2.97284463532539,0.00295053760719881,0.0183104791458851
"ENSG00000168439.17",3799.66688065812,1.15889563348452,0.389876132812069,2.97247134654211,0.00295412782642103,0.0183272123912063
"ENSG00000258343.3",48.5149161688249,3.04372974226003,1.02456074590859,2.9707655250454,0.00297058487092236,0.0184070329989097
"ENSG00000073150.14",358.528658582482,1.4985835523074,0.504520926408019,2.97030999878774,0.00297499372486332,0.018428782880543
"ENSG00000186510.12",52.4074127135545,2.87083239434696,0.966744336668394,2.96958801355946,0.00298199375844773,0.018466565999158
"ENSG00000158714.11",391.519604377148,1.62879146972806,0.548643439758559,2.96876140621464,0.00299002660880552,0.0184995490606362
"ENSG00000181649.9",549.65961701496,2.57403533616071,0.867660835451214,2.96663768950932,0.00301075517600654,0.0185997361038982
"ENSG00000170468.8",404.704250802996,1.39201201247184,0.469543485883094,2.96460722877204,0.00303069601245177,0.0186947626472055
"ENSG00000146700.9",99.2055834716367,2.49779179016907,0.843050297424772,2.96280280998531,0.00304851794384197,0.0187933890320312
"ENSG00000108829.10",3035.3202370914,1.24594860546877,0.420643788714062,2.96200404926392,0.00305643764317783,0.0188252320323575
"ENSG00000171603.18",7140.34971300909,1.44363206074285,0.48759784228114,2.96070231564001,0.00306938452628171,0.0188936236346083
"ENSG00000257829.1",20.6094300498534,3.14531343395313,1.06266671076479,2.95983058666576,0.0030780825751153,0.0189300368641025
"ENSG00000131398.15",604.829518712105,1.48468225170731,0.50167622882898,2.95944309574498,0.00308195614292988,0.0189425745667369
"ENSG00000163159.15",1183.76136974659,1.00730258058019,0.340527173454817,2.95806813406579,0.00309573689724359,0.0190158745779157
"ENSG00000196912.13",101.396450019835,1.04908424140317,0.35469958609008,2.95766976490562,0.00309974009488026,0.0190347621759284
"ENSG00000261437.2",80.5475304307033,1.67603480611442,0.566735037109311,2.95735166589171,0.00310294004929081,0.0190487074163649
"ENSG00000185499.17",15728.8714877182,1.72632762181641,0.585045592192741,2.95075741934259,0.00316995772082138,0.0194194242927164
"ENSG00000136010.14",564.765764503798,1.68411951578571,0.571007334150991,2.94938333548687,0.00318408763522341,0.0194943364803287
"ENSG00000143324.14",2177.17955187074,1.46771789464599,0.497677683560989,2.94913343138907,0.00318666359809953,0.0195042837060994
"ENSG00000180423.4",88.3715614516163,1.02009763592561,0.346001407525153,2.948247069924,0.00319581536206314,0.0195503292286084
"ENSG00000106080.11",779.892922900671,1.20263490646296,0.40812233667475,2.94675100672422,0.00321131670214881,0.0196200350598508
"ENSG00000198203.10",701.251637007126,2.42704821213021,0.823862043409903,2.94594007764315,0.00321974768567396,0.0196656855963833
"ENSG00000132793.12",1063.24903855707,1.4172496605365,0.481146143842219,2.9455700283057,0.0032236016742905,0.0196833617420049
"ENSG00000211679.2",5281.56153798919,3.16768195680384,1.0757169474635,2.94471697622048,0.0032325020577613,0.0197035266180549
"ENSG00000232629.9",1622.13932660879,2.28644457307804,0.776394573385711,2.944951769958,0.00323005008885121,0.0197035266180549
"ENSG00000272183.1",22.2702317536128,2.55451926229299,0.867497019213635,2.94470091045223,0.0032326698957831,0.0197035266180549
"ENSG00000294192.1",380.262185345394,3.48211925798403,1.18236284772938,2.94505131370722,0.00322901105753961,0.0197035266180549
"ENSG00000310523.1",259.787435179766,1.43156420456132,0.486490524511858,2.94263532881291,0.00325431514818999,0.0198236713602162
"ENSG00000122678.17",1023.69429186434,1.1183797093291,0.38056270682707,2.93875277126746,0.00329535822132444,0.0200379670729645
"ENSG00000249096.8",119.679557957976,2.75550730065729,0.937775142069086,2.93834542743114,0.00329969152806064,0.0200524229672067
"ENSG00000269392.2",11.1757226619741,2.63946710345711,0.898405600988553,2.93794595731904,0.00330394611462409,0.0200723292249637
"ENSG00000260604.4",30.4599693210974,3.63665636729907,1.23822728555386,2.93698613310108,0.00331418922906739,0.0201285947727481
"ENSG00000198538.11",502.701949066015,1.07146489647876,0.364844292404527,2.9367730804207,0.00331646681757307,0.0201364630226586
"ENSG00000086548.9",29387.1967351059,3.45010535224951,1.17593670120684,2.93392097441023,0.00334709415819856,0.020307345847477
"ENSG00000126778.12",792.813634268252,3.19291874594667,1.08825433309344,2.93398211139723,0.0033464349462301,0.020307345847477
"ENSG00000185252.19",411.121710801504,1.02432198742923,0.349156354920776,2.93370569658297,0.00334941634129253,0.0203124615977113
"ENSG00000121690.11",65.6963590625093,1.58608226297425,0.540756728071931,2.93307911050766,0.00335618362262677,0.0203415375324026
"ENSG00000203697.12",3334.61967087847,2.58480606785404,0.881409063271514,2.93258394491662,0.00336154033580526,0.0203679146115104
"ENSG00000256967.2",88.0157364129857,1.95102006057294,0.665384767829288,2.93216820537963,0.0033660438270593,0.0203854488542856
"ENSG00000288852.2",54.1727279927874,1.75363903904417,0.598315613988727,2.93095984467691,0.00337916458067176,0.020447233712619
"ENSG00000110719.11",7403.46751633373,1.38890532670189,0.47394113840168,2.93054393080506,0.00338369146351383,0.0204598082476814
"ENSG00000180953.11",52.9887312722971,1.79799531564275,0.613763608770194,2.9294589805437,0.00339552626154111,0.0205071783406889
"ENSG00000006432.16",512.604880582074,1.24966539255643,0.426763414676173,2.92823927633224,0.00340887596493925,0.0205696270703692
"ENSG00000109971.14",26779.2719912761,1.10201809559349,0.376354455558441,2.92813883114069,0.00340997746760163,0.020570220063461
"ENSG00000188985.6",94.0320733526748,1.1575406302033,0.395361739761657,2.92780133682415,0.0034136808736405,0.0205865037156249
"ENSG00000167447.13",473.139632434092,1.0037830856365,0.342934965025434,2.92703628386816,0.00342208954469084,0.0206311449645225
"ENSG00000100941.9",3925.33889161553,1.03833535535607,0.355036867015197,2.92458460465072,0.00344916305110469,0.0207577388214934
"ENSG00000196812.6",128.723812429332,1.01709108198045,0.347825584946861,2.92414108104161,0.00345408158611921,0.0207690583113748
"ENSG00000101189.7",774.618965447265,1.30500584660043,0.446532165609036,2.92253491933889,0.00347194687216466,0.0208581302862186
"ENSG00000151025.11",38.5235443482289,3.14660501156537,1.07673121930423,2.92236814086124,0.00347380675526024,0.020863190893338
"ENSG00000185100.12",271.87957993722,1.08530213079109,0.371508065877391,2.92134203931193,0.00348526961694764,0.0209259057762502
"ENSG00000156876.10",167.470508438905,1.38181825281761,0.473075324736903,2.92092650062883,0.00348992149816213,0.0209477021072355
"ENSG00000188460.4",13.9467887147467,2.78671753359975,0.954555233016216,2.91938846199004,0.00350718876819479,0.021020578340563
"ENSG00000161249.21",1376.85591907609,1.00146889053226,0.343057166952022,2.91924783099583,0.00350877147861138,0.0210239188771034
"ENSG00000289154.2",27.2356466414368,1.91762871746262,0.657151605943932,2.91809180730547,0.00352180642392218,0.0210773843888209
"ENSG00000263535.2",36.8822089068583,1.93392828400703,0.663110110732739,2.9164512087895,0.00354038091824725,0.0211700117666205
"ENSG00000184349.14",530.408771708985,1.96639263540704,0.674282388736905,2.91627464731887,0.00354238521125558,0.0211758210995873
"ENSG00000106460.20",2734.66866018307,1.39592027749998,0.478761458100569,2.91569058845742,0.00354902269679528,0.0212093154692773
"ENSG00000177628.16",1794.90804358017,1.52595965226758,0.523574948203571,2.91450088951595,0.0035625779351836,0.0212779195988944
"ENSG00000142549.10",23.2574190798338,2.62440961681465,0.900806741495005,2.91339917423253,0.00357517268725475,0.0213282923420051
"ENSG00000255910.3",75.557788192801,1.94720582537056,0.668446365222431,2.91303225909922,0.0035793762244508,0.0213409508886709
"ENSG00000205560.14",48.1362030251988,2.23013766701369,0.766167831882618,2.91076912160854,0.00360540323400827,0.0214649209959656
"ENSG00000211454.16",77.7409239311196,3.34301633664121,1.14941909670042,2.90843987735878,0.00363237013705416,0.0215854843875795
"ENSG00000250786.5",638.426080584289,1.80253566009891,0.619791614717956,2.90829307350209,0.00363407589279772,0.0215854843875795
"ENSG00000262691.1",42.929051048069,1.65893852125853,0.570401926479676,2.90836766891186,0.00363320905651406,0.0215854843875795
"ENSG00000271119.2",44.0461759401671,2.70004356122256,0.928347301281511,2.9084412239852,0.00363235449358967,0.0215854843875795
"ENSG00000279806.1",26.065080738599,3.07705347357215,1.05794218215671,2.90852706836899,0.00363135738460096,0.0215854843875795
"ENSG00000040275.17",296.559023584962,1.01676948612828,0.349623891231676,2.90818079550097,0.00363538097439624,0.0215869827683234
"ENSG00000295911.1",128.841781638889,2.05558262867551,0.706867730430557,2.90801594157289,0.00363729795317256,0.0215921126901709
"ENSG00000135749.20",480.839289710751,1.21470391922372,0.417816623276344,2.90726565568052,0.00364603415602486,0.0216314480136382
"ENSG00000273004.2",28.1363642474999,1.5718236159649,0.540793592413379,2.90651301719456,0.00365481691884575,0.021671013910935
"ENSG00000128228.5",1015.22555000194,1.02902519428478,0.354475738114582,2.90294957775688,0.00369666149216647,0.0218874811537341
"ENSG00000161654.10",590.979905688915,1.24187508229112,0.427939985858404,2.90198421117401,0.00370807228681916,0.021943204326065
"ENSG00000211653.2",1889.43603134742,2.87823751517268,0.991821150977343,2.90197230855226,0.00370821317741977,0.021943204326065
"ENSG00000247095.6",187.316307192266,1.71400901943385,0.590658257629802,2.90186245141452,0.00370951377935557,0.0219445673779304
"ENSG00000287051.1",19.5944531803486,2.58970633558913,0.89249481731979,2.90164859821389,0.00371204678322812,0.021947251959135
"ENSG00000065600.13",344.147707362107,1.09536857276318,0.377533753983402,2.90137917790349,0.00371524019511061,0.0219516769897995
"ENSG00000106236.4",118.457931519999,2.14866159338602,0.740631568813303,2.90112072434175,0.00371830596603012,0.0219516769897995
"ENSG00000251396.10",59.6870369097037,2.57106357965893,0.886201553286047,2.90121764075609,0.00371715607608654,0.0219516769897995
"ENSG00000290823.2",552.570819013526,1.44201856053208,0.497069757384557,2.90103861502173,0.00371928042638332,0.0219516769897995
"ENSG00000261770.1",23.5671059350026,1.79846085559965,0.620031346207103,2.90059666596102,0.00372452939626416,0.021970008843786
"ENSG00000273032.4",118.780546212611,2.71733356787108,0.936849461375716,2.90050182009051,0.00372565674525753,0.0219703381952144
"ENSG00000247626.5",238.123472528343,1.54331021059741,0.532100878764941,2.90040906186734,0.00372675958024371,0.0219705228387915
"ENSG00000261172.2",150.92987419176,2.23981541788671,0.77324095481032,2.89665906074019,0.00377159392866282,0.0222156742066368
"ENSG00000012211.13",437.357672264486,1.35357951112161,0.467425243815847,2.89582030288222,0.00378168881279119,0.0222647820935502
"ENSG00000090621.15",5279.48143055083,1.40605183974608,0.485551026506272,2.89578594831355,0.00378210281076059,0.0222647820935502
"ENSG00000171617.16",1679.53285064039,1.07476664872748,0.371174641261977,2.89558210408266,0.00378456013192356,0.0222719355558068
"ENSG00000228060.4",24.1817734228569,2.19985062943315,0.759746799233272,2.89550496514524,0.0037854904122116,0.0222719355558068
"ENSG00000179934.7",21.5049196355444,2.348714558252,0.811286764082947,2.89504853552851,0.00379099911677378,0.0222915531661398
"ENSG00000157593.20",1796.23100237352,1.31389099096349,0.453940608313724,2.8944116628919,0.00379869778450131,0.0223276752570022
"ENSG00000046604.15",2815.2123886802,1.93326323213394,0.668134069726631,2.89352589507214,0.00380942877757409,0.0223806669499654
"ENSG00000108439.11",453.97851000953,1.15517442614663,0.399348528968943,2.89264725509096,0.00382010062460113,0.0224305106548744
"ENSG00000203650.10",21.8401769367996,2.18428705096758,0.755217116095172,2.89226370061814,0.00382476773909263,0.0224514851767407
"ENSG00000197774.14",1008.05569394419,1.6319850810743,0.564617837179725,2.89042423672992,0.00384722253360564,0.0225574637772519
"ENSG00000291186.2",148.272640802382,1.30085725115564,0.45028074208268,2.88899153256876,0.00386479480913509,0.0226410722190017
"ENSG00000179832.18",2628.8612388254,1.23443052927854,0.42739315129969,2.88827868561925,0.00387356509276174,0.0226730170316834
"ENSG00000136628.18",3410.89928918679,1.01431996574236,0.351262565654448,2.88764037196093,0.003881433718619,0.0227125904584943
"ENSG00000082212.13",1553.08158117176,1.01691679817886,0.352357665458746,2.88603569005631,0.00390127914062731,0.0228156952365722
"ENSG00000073605.19",880.014106398316,1.83603544188084,0.636209417136836,2.88589793301651,0.00390298709774243,0.0228191752073313
"ENSG00000244575.3",269.301529883924,2.99662421352876,1.03841907369292,2.88575613588443,0.00390474585456022,0.0228229501145675
"ENSG00000269416.8",20.8682763391292,2.30520731159833,0.798908888526881,2.88544456658748,0.0039086128806488,0.0228390420361422
"ENSG00000139263.12",2186.38991700187,1.89932689964663,0.658288988176095,2.8852478679752,0.00391105598604323,0.0228468068198947
"ENSG00000104213.13",422.144801640203,1.28525913579483,0.445481170436208,2.88510316729285,0.0039128541338146,0.0228508006720976
"ENSG00000269867.1",68.4778780497371,1.34087442502037,0.464787527581188,2.88491911992229,0.00391514231482087,0.0228576531956399
"ENSG00000120694.20",4837.39935745133,1.87252128893792,0.649478703612013,2.88311422456822,0.00393764627836495,0.0229694165836685
"ENSG00000273154.3",24.1029007177598,2.19188035140652,0.76028215115211,2.88298278222764,0.00393928971999348,0.0229724676958892
"ENSG00000100105.18",1572.39468336954,1.13975389664659,0.395421031426891,2.88238056669305,0.00394682727117133,0.0230084464142152
"ENSG00000197301.7",19.728277962894,3.28159969023283,1.13882992151316,2.88155380205727,0.00395719669525582,0.0230310420208701
"ENSG00000289326.3",36.978965420849,2.38691106002822,0.828719968699736,2.88023837988759,0.00397374594825524,0.023101130400631
"ENSG00000212864.4",260.487038511319,1.82024244915562,0.632264673482395,2.87892480079595,0.00399033470108962,0.0231778534592469
"ENSG00000121957.15",506.610971354254,1.24293621543183,0.431779371343875,2.87863732712219,0.00399397348578814,0.0231924192445766
"ENSG00000244682.8",749.95931046215,1.93096659121683,0.671121681365054,2.87722278214775,0.004011922437995,0.0232900503025621
"ENSG00000188157.16",18043.7084518759,1.91133920186968,0.664388698052998,2.87683882563158,0.00401680702567111,0.0233052097493946
"ENSG00000227036.11",160.746151927568,2.45886022089377,0.854820217359567,2.87646474774413,0.00402157113199675,0.0233081762124879
"ENSG00000289858.1",67.891414247439,1.53972551650084,0.535278975301919,2.87649167545273,0.00402122802021385,0.0233081762124879
"ENSG00000170608.3",81.0464985733364,3.04007420881733,1.05696638675375,2.87622600578081,0.00402461433511709,0.023317516905126
"ENSG00000111799.22",5532.5451798015,1.82215417437527,0.63388591990884,2.87457745494223,0.00404568525354461,0.0234329747001917
"ENSG00000166224.19",1895.92375999788,1.07465738098751,0.37392162706184,2.87401771711316,0.00405286227133585,0.0234679152814093
"ENSG00000153294.12",49.9764551218309,3.26989405768829,1.13835893388574,2.87246312244123,0.00407285611186445,0.0235483192759401
"ENSG00000171208.10",559.39496238029,1.18948910461978,0.414109853014182,2.8723999102215,0.00407367098313629,0.0235483192759401
"ENSG00000182472.9",287.204259183307,1.35926933411077,0.473199607477582,2.87250731537254,0.00407228650687945,0.0235483192759401
"ENSG00000181315.11",625.47941333131,1.3316832908331,0.464047637254635,2.86971246898596,0.00410845207185353,0.0237094571576934
"ENSG00000162522.11",4073.18904155205,1.26441635234628,0.440632489821434,2.8695486183025,0.0041105813317936,0.02371507023835
"ENSG00000043039.7",81.1002156170161,2.66016255323552,0.927156522706767,2.86916231303574,0.0041156053808904,0.0237240294432884
"ENSG00000112578.11",451.915556896676,1.15109874572002,0.401192501415438,2.86919307230035,0.00411520514069821,0.0237240294432884
"ENSG00000085644.15",715.855783380882,1.56457495612488,0.545576141598327,2.86774812318824,0.00413404503906319,0.0238102414272336
"ENSG00000234546.6",101.323602411603,1.63775421088711,0.571288512175721,2.86677252558399,0.00414680954391607,0.0238636494214019
"ENSG00000301639.1",26.0834500039522,1.43902642989361,0.502017521250091,2.86648646507446,0.00415055907092264,0.0238785250253081
"ENSG00000002587.10",906.327681808568,1.856190139551,0.647635812116521,2.86610175784571,0.00415560645611416,0.0239008568797096
"ENSG00000223813.6",108.145132186291,2.50418170822158,0.873839504713473,2.86572270389936,0.00416058511605487,0.023922781048679
"ENSG00000289234.3",179.622302896363,1.5758354825134,0.55067523151879,2.86164220273203,0.00421452391986892,0.0242125521022674
"ENSG00000135925.9",188.450368793712,2.57045646496263,0.8982915853841,2.86149453783821,0.00421648769235396,0.0242170486397831
"ENSG00000110811.20",1168.44659549207,2.06403802900137,0.72189860228246,2.85917997690452,0.0042473773345745,0.0243739784125708
"ENSG00000198182.13",161.282055842278,1.41617400828647,0.495417619607698,2.85854590599318,0.00425587525012663,0.0244159110600438
"ENSG00000173621.9",760.099321500782,1.99467530032141,0.697821194944656,2.85843324159795,0.00425738680792758,0.0244177507999293
"ENSG00000204544.5",860.798183514025,4.83336806612801,1.6918299625578,2.85688761465169,0.00427817287057165,0.0245232475644957
"ENSG00000291005.2",25.6725215096371,1.47567198410464,0.516577218146006,2.85663388215381,0.00428159392300875,0.0245359982664537
"ENSG00000134824.14",2753.45556849092,1.76459624016758,0.617889789962243,2.85584301413268,0.00429227304800272,0.0245903231562581
"ENSG00000156011.19",881.602752977609,1.05959246353037,0.3711092832192,2.85520333616799,0.00430092830894045,0.0246192724864642
"ENSG00000280279.1",11.1828788703439,2.17404463318352,0.761859348932107,2.85360366874918,0.00432264216870305,0.0247220506381483
"ENSG00000180535.4",121.338258985522,1.94058869139879,0.680293824910492,2.85257431471485,0.0043366671104595,0.0247823362410428
"ENSG00000244116.3",1290.13575325736,4.69680715708479,1.6465076653667,2.85258748311915,0.00433648743083859,0.0247823362410428
"ENSG00000124574.16",1266.23580392332,1.40586329319522,0.493073052962775,2.85122718580477,0.00435508405455307,0.0248639900392195
"ENSG00000132698.15",1708.91609281749,1.18490265418103,0.41620771497211,2.84690218743407,0.00441469245092355,0.0251650970291177
"ENSG00000135480.17",8617.30373151689,1.09452094948448,0.384669850364135,2.84535153573482,0.00443624342196134,0.0252528415113535
"ENSG00000218336.9",286.433267014209,1.89296738584585,0.665281180639139,2.84536439769312,0.00443606427491935,0.0252528415113535
"ENSG00000117385.16",1482.0172728893,1.49824555364978,0.526767610290812,2.84422489989969,0.00445196116736465,0.0253282496602788
"ENSG00000104313.20",366.509364343267,3.44717592058208,1.21303737840668,2.84177221736557,0.00448635329316019,0.0255026858671906
"ENSG00000101276.18",274.893643594461,1.53157287894902,0.539399459103685,2.83940380936611,0.00451979197761317,0.0256643075904127
"ENSG00000233058.4",100.652801299162,1.80451010436827,0.635656181711486,2.83881468675359,0.00452814457388176,0.0256903919045024
"ENSG00000013306.16",3225.48585202806,1.30132825670751,0.458444943837437,2.83857041985168,0.00453161189556444,0.0257025097380106
"ENSG00000168268.11",1737.55222646499,1.06481126333681,0.375133310121135,2.83848763788256,0.00453278751524806,0.0257025097380106
"ENSG00000136457.10",64.1114782613325,1.74394457624241,0.614575883154202,2.83763913300979,0.00454485340926713,0.0257140381632487
"ENSG00000164649.20",1303.8562981941,2.01007155190471,0.708335624792003,2.83773889319058,0.00454343329363927,0.0257140381632487
"ENSG00000159873.10",1260.24305291682,1.48972556261958,0.525048021998742,2.83731296986612,0.00454949924466181,0.0257332227620816
"ENSG00000102007.11",2225.6193678363,1.20604961051843,0.425308668895386,2.83570427485239,0.00457247632940043,0.0258346802584807
"ENSG00000137968.17",70.8925559308953,2.86051693743731,1.00884266752139,2.83544404844144,0.00457620301894332,0.0258401401367591
"ENSG00000290114.2",71.7433374836944,2.30143067628922,0.81167776522606,2.8353994342179,0.00457684221320872,0.0258401401367591
"ENSG00000088038.20",1714.93782098877,1.11054865234039,0.391756598238992,2.83479246382188,0.00458554640090457,0.0258657615967393
"ENSG00000168785.8",736.748622633672,1.57345054583589,0.555092879923628,2.83457165952547,0.00458871653611109,0.0258694099137811
"ENSG00000116157.6",385.534160597676,1.05925414594122,0.373718983194988,2.83436002336696,0.00459175690521604,0.025874950046352
"ENSG00000118894.15",201.008636229865,1.19474624801571,0.421527227880935,2.83432758073976,0.00459222313785968,0.025874950046352
"ENSG00000124429.18",337.165522409202,2.369381017664,0.836267997248131,2.83327955327815,0.00460730741133321,0.0259283164833889
"ENSG00000182612.11",144.500298289086,1.87434448604187,0.661590819246428,2.83308720664656,0.00461008072740795,0.025932810763998
"ENSG00000169951.10",224.222253529523,1.06212373001528,0.375329452858525,2.82984381301842,0.00465707326117843,0.0261509852450308
"ENSG00000228594.4",558.824021474346,2.30165805077653,0.81329817092709,2.83002978864792,0.0046543670403049,0.0261509852450308
"ENSG00000259807.3",30.7849345550469,1.67413045779636,0.591876785173963,2.82851177767397,0.00467649803110425,0.0262201027152753
"ENSG00000300168.1",23.0903769343849,2.31242807286888,0.818139499901295,2.82644716842038,0.00470675075021703,0.0263680921809972
"ENSG00000185164.15",1428.41301107639,1.13438216092536,0.401400413280752,2.82606126798363,0.00471242496187067,0.0263926690571418
"ENSG00000056736.10",479.593564708057,1.85475090475064,0.656393957984174,2.82566724173801,0.00471822504250209,0.0264072832860836
"ENSG00000138376.11",334.647384042336,1.42698125496773,0.505003685876652,2.82568483137026,0.00471796598474266,0.0264072832860836
"ENSG00000135763.10",319.760005807922,1.07237755604865,0.379721221544522,2.82411805083407,0.00474109189082083,0.0265242423272552
"ENSG00000114354.15",3455.16890594187,1.19335849742998,0.422582745870847,2.82396408535501,0.00474336997107035,0.0265297484688561
"ENSG00000172613.8",1178.2641744154,1.72966374942044,0.612798551121328,2.82256501138168,0.00476411618377961,0.0266230700693001
"ENSG00000261360.4",28.2012235917287,2.35926863165234,0.835882380243989,2.822488770446,0.00476524908087843,0.0266230700693001
"ENSG00000291081.2",93.4972428547679,1.92543545721762,0.682213807783652,2.82233434042165,0.00476754457066896,0.0266286390294188
"ENSG00000274422.1",21.4979652368992,2.17276283642801,0.770070303990484,2.82151230240773,0.00477978041699542,0.0266824442336167
"ENSG00000164626.9",1463.62992219711,1.87461994887317,0.66453250115888,2.82096051826512,0.00478800952987599,0.026713836027368
"ENSG00000264672.7",23.5532818614693,1.31461297165394,0.466087467806588,2.82052846827338,0.00479446191762835,0.0267245163680061
"ENSG00000246763.8",41.0885439104668,1.87092430452735,0.663546472203492,2.81958292734859,0.00480861042323815,0.0267923228581726
"ENSG00000177822.11",48.1725413438382,2.96654094311684,1.05316060988478,2.81679823122267,0.00485049869406708,0.0269451707459093
"ENSG00000133962.8",92.4234103269526,2.64036807911586,0.937811322615904,2.81545766770111,0.00487078135126077,0.0270421311920749
"ENSG00000197608.12",540.812316943462,1.05210585304899,0.373883827052498,2.81399134416494,0.00489305458766925,0.0271374604451096
"ENSG00000180071.21",185.554910856956,2.91984287120619,1.03796708197271,2.81303995272843,0.00490755532268933,0.0272105230763715
"ENSG00000092208.19",284.565088428335,1.32355358133228,0.470584073336932,2.81257623520257,0.00491463720410391,0.0272350597926883
"ENSG00000142319.19",202.557810003432,3.25481491793687,1.15746303261705,2.81202494266936,0.00492306855506142,0.0272670442066395
"ENSG00000109107.14",848.533267533381,1.98940781007726,0.707947572050725,2.81010612737113,0.00495251662077317,0.0273857607314814
"ENSG00000132704.16",54.5701993210609,2.47119344653805,0.879886402287643,2.80853692034918,0.00497671755729071,0.0274973367811072
"ENSG00000267023.6",71.9064919250987,1.72829881002421,0.615422213599227,2.80831398645241,0.0049801643949784,0.0275089684145035
"ENSG00000178921.14",648.287159859519,1.00083752869922,0.356442619141615,2.80785033818188,0.0049873398933665,0.0275337687597164
"ENSG00000225920.2",11.0170059560038,2.49642415141205,0.889082438893682,2.80786577510005,0.00498710083866129,0.0275337687597164
"ENSG00000128645.15",29.5915958862185,1.90869906320844,0.680239767324865,2.80592102210468,0.00501729880882778,0.0276693638451331
"ENSG00000105671.12",1095.18872970324,1.05620951960914,0.376787136941749,2.80319951520116,0.0050598357384281,0.0278766504251597
"ENSG00000272084.1",32.1487881561065,1.85165529701261,0.660568133642272,2.80312537452097,0.00506099909936459,0.0278766504251597
"ENSG00000183628.14",162.051876071378,2.46816595838445,0.88109094673929,2.80126128581681,0.00509032858928606,0.0280118350495763
"ENSG00000177602.5",48.8864870074478,1.9120802040325,0.683929839757239,2.79572566202287,0.00517833362587046,0.0284198481436959
"ENSG00000175455.16",2155.32965553088,1.41377436856038,0.505861733533598,2.79478417686338,0.00519343736672745,0.0284798715612141
"ENSG00000146205.15",61.8924115528442,1.38709835813224,0.496423238307858,2.79418498388674,0.00520307061450463,0.028508495477613
"ENSG00000178381.13",1142.35762870832,2.14522572055997,0.767766094617142,2.79411364424697,0.00520421861942574,0.028508495477613
"ENSG00000198899.2",213942.010549108,1.29564324507132,0.46369022201283,2.7942000576313,0.00520282807551868,0.028508495477613
"ENSG00000254585.5",20.2158478129965,2.74149557046034,0.981238673211879,2.7939130869013,0.00520744723533535,0.028518562530266
"ENSG00000101361.17",2843.37435606167,1.32082592843593,0.47286089700456,2.79326528542112,0.00521788805182776,0.0285604849478581
"ENSG00000148824.19",327.629594299681,1.56120666818593,0.558994118270884,2.79288568011261,0.00522401505292659,0.0285804174225515
"ENSG00000166333.14",160.618425905144,1.14820370008173,0.411120084807047,2.79286695667186,0.00522431742585462,0.0285804174225515
"ENSG00000273213.4",47.3969211282961,1.40072439184289,0.501593547616451,2.79254866514744,0.00522946007283572,0.0285932931555797
"ENSG00000124608.5",926.770790335291,1.23621038410214,0.442875193332972,2.79132903064342,0.00524920811408694,0.0286936185473843
"ENSG00000117586.12",134.115936445122,1.50185355562849,0.538073754541084,2.79116671823067,0.00525184131256445,0.0287003609469141
"ENSG00000166546.15",87.6030170426029,1.53494895526343,0.549951611819201,2.79106183576029,0.00525354345819421,0.0287020130740245
"ENSG00000083307.12",967.650830688799,1.5911611038713,0.570250495432784,2.79028447430582,0.00526617486004238,0.028755698889563
"ENSG00000114923.17",226.126599049673,2.76349279526716,0.990456403597426,2.79012057999717,0.00526884148961946,0.0287626000807129
"ENSG00000288773.3",25.2414106578431,1.80235050789067,0.646072632165779,2.78970260951743,0.0052756475683977,0.028784427286436
"ENSG00000235837.2",11.4788842353635,2.31406420423409,0.829620633850903,2.78930406237939,0.0052821447601246,0.0288122096732096
"ENSG00000184574.10",234.176656124138,1.61700233250538,0.579906580373205,2.78838417640432,0.00529716851861495,0.0288787937531723
"ENSG00000178301.4",60.5553317481604,1.91991104555547,0.688570634910217,2.78825576958537,0.0052992687510312,0.0288825641869069
"ENSG00000185332.9",55.525596170217,1.88683612292408,0.676750884408027,2.78808076412719,0.0053021323656424,0.0288828166910552
"ENSG00000138131.4",739.328743652441,2.15807236005578,0.774252810759223,2.78729677188979,0.00531497799474917,0.0289451019400629
"ENSG00000159166.15",1240.5768745078,1.72300421565863,0.618805793725624,2.78440220361383,0.0053626490103994,0.0291659828406444
"ENSG00000221843.6",52.9628422507438,1.654462184384,0.594252907886643,2.78410448216031,0.00536757405663869,0.0291850274349827
"ENSG00000040487.13",657.467805739051,1.35064630841219,0.48515583283225,2.78394325494835,0.00537024285636013,0.0291917973294825
"ENSG00000127129.10",76.4165719671009,2.89063980091625,1.03885577517615,2.78252272354756,0.00539380879955615,0.0293043602612876
"ENSG00000168411.14",855.862349778792,1.03372785769266,0.371554732061429,2.78216846265803,0.00539970034766918,0.029320830489568
"ENSG00000233008.9",25.7403322072999,1.94190586741114,0.698093315415672,2.78172820814772,0.00540703011243607,0.0293528582010562
"ENSG00000117266.16",1489.15205862604,1.53212400394893,0.550843485698866,2.7814144012343,0.00541226014280537,0.0293734732578299
"ENSG00000183496.6",196.274823604282,1.262636024078,0.45404159487355,2.78088183623274,0.00542114653603787,0.029398357200455
"ENSG00000223776.5",11.7331538015076,1.79771153616964,0.646832675018163,2.77925282008854,0.00544841017029951,0.0295201642634955
"ENSG00000010292.13",1308.78055438684,1.54424661421453,0.555763034644898,2.77860620075465,0.00545926643079986,0.0295503692970222
"ENSG00000122218.17",7336.95467094875,1.00643144720233,0.362267276988777,2.77814616756984,0.00546700193157993,0.0295688228976826
"ENSG00000198712.1",204936.976662497,1.32810064747082,0.47804424197643,2.77819609745724,0.00546616187749581,0.0295688228976826
"ENSG00000260641.3",23.4750414685355,2.23649207378753,0.805013564848863,2.77820420853085,0.00546602542232772,0.0295688228976826
"ENSG00000272720.1",72.1893797135149,2.33170215350199,0.839385594392025,2.77786772739514,0.00547168873413812,0.0295863675645485
"ENSG00000128626.12",701.283772931796,1.05188720349008,0.37915148440229,2.77431909609512,0.00553173900804429,0.0298716820176297
"ENSG00000100442.11",1177.46230580122,1.39752521844866,0.503825107783305,2.77383003915266,0.0055400613424256,0.0299008733259001
"ENSG00000164828.18",6516.77722766993,1.02126160136819,0.36826473428439,2.77317241183222,0.00555127006899179,0.0299534846038441
"ENSG00000065923.10",571.252021619154,1.13644587831885,0.409929711441052,2.77229448512974,0.00556626551539297,0.0300028149651991
"ENSG00000187672.15",36.1255642839343,1.904041046392,0.687374740789862,2.7700189334919,0.00560530342108167,0.0301728319737019
"ENSG00000197275.14",55.2694984722643,1.39780529440482,0.505022727439369,2.76780671137744,0.00564349151038715,0.0303552334546113
"ENSG00000088305.19",150.843479319774,1.29214728806407,0.466883035231968,2.76760385483288,0.00564700500600323,0.0303661659174115
"ENSG00000232677.12",389.88295371216,1.85470295287864,0.670224415066589,2.76728646582409,0.00565250617434894,0.0303877783426457
"ENSG00000310527.1",163.652260967863,1.48034687301922,0.535382828457206,2.76502493978951,0.00569184439097865,0.030551198270321
"ENSG00000103855.18",2650.31378581914,1.36456495176719,0.49356290793418,2.7647234624632,0.00569710706259086,0.0305714428713329
"ENSG00000154269.15",702.970629414846,3.27164341334829,1.18422565469992,2.76268581107316,0.00573279209284788,0.0307468399350648
"ENSG00000119946.12",95.3665977429084,3.02101508401046,1.09356053155974,2.76254948567099,0.00573518671441265,0.0307516392239323
"ENSG00000159212.13",4589.53711808169,2.81748684722588,1.02007144218048,2.76204854946561,0.00574399364998111,0.0307908093592713
"ENSG00000196353.13",57.7831716303024,2.34902845465812,0.850716256357195,2.76123611968667,0.00575830287051545,0.0308513828212827
"ENSG00000113810.16",1320.8206643793,1.30452234570325,0.472507910097148,2.76084763413809,0.00576515656972497,0.0308800340401361
"ENSG00000167608.12",2762.37492962917,1.62811865051379,0.589818645968107,2.7603716187057,0.0057735645074745,0.0309169931212476
"ENSG00000205089.8",42.3920767303917,1.84163037408264,0.667314096344769,2.75976543005793,0.00578428772075032,0.0309582446949268
"ENSG00000287338.2",30.3353234673939,2.66990977304113,0.967744706368215,2.7588988660665,0.00579964804533833,0.031016166802717
"ENSG00000220201.8",50.5110027281714,1.32022123596434,0.47859862119563,2.75851449940699,0.00580647292252897,0.0310408205870637
"ENSG00000230918.4",32.8358579033709,2.22888708999068,0.808019266488815,2.75845785172443,0.00580747938002578,0.0310408205870637
"ENSG00000169783.13",140.464042330276,2.3384289057959,0.84781893847527,2.7581701701561,0.0058125930369119,0.0310449095151971
"ENSG00000197858.12",2573.14690809646,1.16076986534295,0.420946592173586,2.75752289464855,0.00582411346760937,0.0310983392030892
"ENSG00000174327.7",164.02746077629,1.18913797721772,0.431312871627104,2.75701945256529,0.00583308812923642,0.0311377393897819
"ENSG00000214050.8",56.1772738035954,1.4174599961749,0.514142740288463,2.75693865750126,0.00583452959108184,0.0311377393897819
"ENSG00000104356.11",181.785437490242,1.08680279317606,0.394312914863088,2.75619375427613,0.00584783451900299,0.0311970672554317
"ENSG00000257556.5",85.824416553613,1.72274153600246,0.625125167815251,2.75583455074008,0.00585426012444787,0.0312105433155692
"ENSG00000172830.13",1909.90517022366,1.37965982483327,0.500735238715909,2.7552680901214,0.00586440617738734,0.0312565074762542
"ENSG00000086717.19",32.5939517190387,2.54017783379958,0.922450814813457,2.75372712886949,0.00589208707197032,0.0313689877564226
"ENSG00000173531.16",481.600438693175,2.0699761164761,0.751716054525887,2.75366756372079,0.00589315942439231,0.0313689877564226
"ENSG00000143258.17",1208.99315127834,1.30649322501676,0.474482081104666,2.75351436238655,0.00589591831880483,0.0313755279545222
"ENSG00000103042.9",666.954787429894,1.47207387146197,0.534845744614284,2.75233352099229,0.00591722235238079,0.0314562424457391
"ENSG00000290746.2",193.344687782889,1.15711302068508,0.420454498412924,2.7520528976448,0.00592229538256242,0.031475050420959
"ENSG00000078269.15",799.526738845688,1.54027456721696,0.560159541177848,2.74970692095723,0.00596485888380645,0.0316848358947066
"ENSG00000305631.1",50.2905409731401,2.47654143520091,0.901255145141541,2.74788049594099,0.00599818668518528,0.0318371265319801
"ENSG00000204386.13",3176.74667611975,1.30429708117036,0.474688968504378,2.74768778655182,0.00600171292858855,0.0318475988322411
"ENSG00000149328.16",454.83074298748,1.49555922341274,0.544522429399932,2.74655210265785,0.00602253191341307,0.0319115804329326
"ENSG00000086967.10",41.4527286200491,2.41083943400683,0.878428155074762,2.74449244378062,0.0060604549662368,0.0320762954640473
"ENSG00000245750.12",161.448923213138,2.49647975368483,0.910674298143825,2.74135303782401,0.00611867256076648,0.0323093644568519
"ENSG00000167920.13",293.948374862828,1.23057274537983,0.44907314182662,2.74025015251288,0.0061392438693997,0.0323834046054222
"ENSG00000171345.13",11552.5795144694,1.61605424501815,0.589783190043882,2.74008190178821,0.00614238759628579,0.0323834046054222
"ENSG00000184307.17",534.676570337735,1.93788573069906,0.70725523598934,2.74000902656912,0.00614374970323315,0.0323834046054222
"ENSG00000251179.2",25.745116481652,1.79991755184542,0.656891141522567,2.74005453578428,0.00614289906095754,0.0323834046054222
"ENSG00000129009.13",2027.80982940982,1.49493824372845,0.545620620199929,2.73988589943809,0.0061460516841228,0.0323872124726944
"ENSG00000117308.15",1974.36094430314,1.68212326589342,0.613963693347693,2.739776446261,0.0061480986693177,0.0323896750040314
"ENSG00000131435.13",676.816973703084,1.57198799822413,0.573801233247439,2.73960372885125,0.00615133006633485,0.0323906645931789
"ENSG00000105889.16",36.0073133117659,2.6400089826767,0.964825681328311,2.73625488393106,0.00621428719547758,0.0326795959620601
"ENSG00000186564.6",39.4862036366036,1.42802564406172,0.521879925943009,2.73631073561865,0.00621323246360844,0.0326795959620601
"ENSG00000163902.12",7956.6385664924,1.04055869111269,0.380531211638038,2.73448973248078,0.00624770438519757,0.0328216578821652
"ENSG00000188372.15",36.9485991586998,1.8392592643889,0.672684750549948,2.73420686716211,0.00625307449972291,0.0328330446971366
"ENSG00000203896.10",146.669346431361,1.77734425419326,0.650068802584637,2.73408637228342,0.00625536332117129,0.0328366537473877
"ENSG00000237111.1",53.8472164323599,3.4098343690553,1.24770592022402,2.73288305664454,0.00627826192072287,0.0329287266022152
"ENSG00000143850.17",1186.53999967983,1.33535797581477,0.488680033265366,2.73258141301967,0.00628401388959482,0.0329448787502562
"ENSG00000169627.9",14.88005132587,1.97890723731114,0.724259163463495,2.73231922651522,0.00628901731315625,0.0329626817456431
"ENSG00000304720.1",46.5445315142336,2.57338165607878,0.942451235640653,2.73051969031529,0.00632345555519779,0.0330924279488962
"ENSG00000249572.4",48.9180282984764,1.40963493081778,0.516409763832767,2.72968295633208,0.00633952610538456,0.0331680641145203
"ENSG00000282508.3",50.8483122629039,1.99128532922274,0.730034148133503,2.72766052699576,0.00637852135049785,0.0333465583300887
"ENSG00000237017.1",33.2077026550806,1.60953581319718,0.590219048697926,2.72701434619563,0.00639102603524459,0.0334034151992493
"ENSG00000287226.2",31.9705934462694,2.89033787410004,1.05996695206479,2.72681885833301,0.00639481339777075,0.0334146926370773
"ENSG00000095627.10",15.2019640107254,2.45894451253263,0.901977482538188,2.72617061970671,0.00640738676491356,0.0334684926474375
"ENSG00000172663.9",1654.79299152963,1.52822464427687,0.560878479509318,2.72469830829279,0.00643602668507532,0.0336026877115482
"ENSG00000272825.1",31.5858486648739,2.23037006081213,0.818945766443457,2.72346491330952,0.0064601077185604,0.0337043380817716
"ENSG00000070882.13",1208.71608721905,1.16274591861641,0.42700446652185,2.72302987387349,0.00646862082746119,0.0337315873464558
"ENSG00000131019.11",128.743238192862,1.6862973123822,0.619741337405096,2.72096955714275,0.00650907555693348,0.0338994374445934
"ENSG00000164638.11",301.032638636277,2.57728054862201,0.947805892406571,2.71920713858198,0.00654386143467469,0.0340201153287449
"ENSG00000100902.11",246.461976925959,1.29916321945801,0.478015502424437,2.71782654091513,0.00657122778113674,0.0341498200909869
"ENSG00000290994.2",35.4586737197624,1.47433830908809,0.543121998050465,2.71456194810783,0.00663634872475157,0.0344223866056934
"ENSG00000253998.3",196.849099812072,2.94253777521344,1.08576788543472,2.71009836880128,0.00672632560384783,0.0348362162620096
"ENSG00000161996.19",1586.82918585488,1.37907596093466,0.509035621702836,2.7091934279989,0.00674470054690625,0.034896124151846
"ENSG00000269069.1",29.3587945703987,1.13313790954062,0.418254130227156,2.70920913303404,0.00674438126976475,0.034896124151846
"ENSG00000174177.13",387.69856763291,1.16200840607434,0.429054185108023,2.70830222943002,0.00676284053377188,0.0349723284500526
"ENSG00000255224.3",27.4378183479743,1.56182093204638,0.576960691686066,2.70697979004814,0.00678983906637702,0.0350765583817068
"ENSG00000212123.4",104.512955725618,1.52910818597764,0.565009149813926,2.70634234238723,0.00680288757524039,0.0351351150737353
"ENSG00000188959.10",501.870796486662,2.68552680169606,0.992646074432664,2.70542227574006,0.00682176101151045,0.0352059897779149
"ENSG00000236846.2",26.5085803056531,2.19116145857539,0.809956348086216,2.70528339428751,0.00682461398671561,0.0352067794431691
"ENSG00000119408.17",1768.39971125187,1.19290835521017,0.441192018946793,2.70383031419711,0.00685452827085532,0.0353395141226094
"ENSG00000109586.12",1033.03113034261,1.20366081647113,0.445204314098335,2.70361444926445,0.00685898227812587,0.0353535878910741
"ENSG00000239855.1",253.260930976051,4.4746024072913,1.65531498997038,2.70317277038092,0.00686810367815268,0.0353828135218197
"ENSG00000185818.8",65.2277346842211,2.63211785484051,0.974498085690596,2.70099848680073,0.0069131653040502,0.0355613500738197
"ENSG00000297244.1",11.3475923838326,2.08476341835922,0.771917098285964,2.70076077209382,0.00691810796836111,0.0355689282305106
"ENSG00000258667.5",161.9423781739,2.34243188272782,0.867474142214064,2.70029015129974,0.00692790267873732,0.03560143271299
"ENSG00000211592.8",62745.8153576582,2.73485472275677,1.01297839368222,2.69981545491357,0.00693779482909314,0.0356433337949701
"ENSG00000121904.19",91.8613916476099,1.83666690428022,0.680321807664725,2.69970311636014,0.0069401376967203,0.0356464387108099
"ENSG00000224051.7",1403.17852422004,1.63258200835768,0.604860600271091,2.69910456661581,0.00695263268752077,0.0357016730841287
"ENSG00000137185.13",523.487977840477,1.22998382220507,0.455773738693539,2.69867198959462,0.00696167549892136,0.0357353496176883
"ENSG00000114423.23",1508.62697282871,1.09141868139096,0.404550288994664,2.69785663508786,0.00697874881306242,0.0357999163530227
"ENSG00000288649.2",71.1239311720145,1.7049027173908,0.632175144240523,2.69688350281316,0.00699917517398401,0.035886743627749
"ENSG00000196711.9",53.4128254787053,3.11861504823843,1.1564550595964,2.69670232523071,0.0070029840735294,0.0358972963609117
"ENSG00000142185.18",498.468619680692,1.2024795976516,0.445960930526742,2.69637879764783,0.00700979022988621,0.0359232039174174
"ENSG00000127774.7",55.4324245085569,1.21959655018277,0.452367267330122,2.69603182692871,0.0070170961685224,0.0359516591302807
"ENSG00000100883.13",2395.93515103928,1.21260737490189,0.449820959496528,2.69575560965218,0.00702291718551174,0.0359724941223414
"ENSG00000305630.1",14.6474730420436,2.29588275077152,0.852303659631219,2.69373799446657,0.00706556819904309,0.0361277831304687
"ENSG00000174514.13",1417.75132922266,2.57875179513941,0.958170730597705,2.69132808255455,0.00711681681196726,0.036353565498898
"ENSG00000188611.17",33.688675026053,1.51814417727591,0.564186659599765,2.69085443876479,0.00712692836019822,0.0363961492148205
"ENSG00000184792.16",270.238554744247,1.13491475736653,0.421855081464341,2.69029533418684,0.00713888095812915,0.0364299689311797
"ENSG00000196878.15",6949.54799947386,1.65753180347941,0.616336735979644,2.6893282628121,0.00715959760218524,0.0365175097600015
"ENSG00000161692.18",265.843223038126,1.15417141495024,0.430027019988861,2.68395091773567,0.00727577868656116,0.0370192303665223
"ENSG00000289189.3",185.930637788979,2.33292765673125,0.869377241458462,2.68344689218865,0.00728675473805076,0.0370646537209111
"ENSG00000211972.2",56.6449716586314,3.72010711867913,1.38653366336786,2.68302690152006,0.00729591212677233,0.0370928297166724
"ENSG00000147488.13",21.587551745911,1.89241067840034,0.70564345078618,2.68182277649137,0.00732222388652388,0.0372173719804872
"ENSG00000295970.1",18.4145365647105,1.39090801542651,0.518979527705591,2.68008262594811,0.00736039895491193,0.0373836066810786
"ENSG00000266916.10",63.8934522457218,1.84978588342702,0.69055528345767,2.67869340476983,0.00739100347280175,0.037511172080774
"ENSG00000139193.4",173.519876615919,2.24271671503163,0.837327766141295,2.67842152824678,0.00739700624634437,0.0375323474573237
"ENSG00000267698.3",14.1978165428779,1.65498299561033,0.617948462470161,2.67818935740171,0.00740213581791154,0.0375490828328694
"ENSG00000105355.9",1789.94900020866,1.0719482671627,0.400428584093719,2.67700236632411,0.00742841103260188,0.0376629574585403
"ENSG00000134901.14",328.416168967615,1.22800580293015,0.458737225002667,2.67692643195243,0.007430094758086,0.0376629574585403
"ENSG00000281207.1",54.865424476332,1.62982514592758,0.608825296934292,2.67699971426036,0.00742846983218403,0.0376629574585403
"ENSG00000126016.17",716.54959509405,1.4021356612193,0.523914571810226,2.67626772886779,0.0074447148343675,0.0377067369615089
"ENSG00000267080.9",284.101919005129,1.29383525218346,0.483547073302475,2.67571726439573,0.00745695231249625,0.0377524321519563
"ENSG00000163873.10",80.6906754686313,2.98258500720477,1.11578842332735,2.67307398503967,0.00751596721904095,0.0380118345558006
"ENSG00000152455.16",195.932523204464,1.1465874580688,0.428972662279028,2.67286836409868,0.00752057550320754,0.0380182150191734
"ENSG00000105778.20",1495.99011452062,1.16983708353277,0.437749115142461,2.67239165783822,0.00753126897682201,0.0380444820295878
"ENSG00000178460.18",25.9631024793748,1.83652159426847,0.687221013965083,2.67238858671132,0.0075313379125096,0.0380444820295878
"ENSG00000236618.4",19.0440016605472,1.48386145802904,0.555327080348355,2.67204951917385,0.0075389522322925,0.0380735656578634
"ENSG00000111186.13",269.621940339019,2.13649151820564,0.79995986013787,2.67074840209786,0.00756823506238119,0.0382026321317242
"ENSG00000169258.7",81.4321506026133,1.27740417200987,0.478339063531606,2.67049937878524,0.00757385117207078,0.0382121664449162
"ENSG00000196118.12",101.154265176742,1.95930473140265,0.734203450829672,2.66861280642113,0.00761651969957675,0.0383990951364942
"ENSG00000177542.11",1024.06740992179,1.12833491238282,0.422921336870492,2.66795456746686,0.00763145769295461,0.038464948017783
"ENSG00000115641.19",1048.04419482689,1.32693033692745,0.497734922134886,2.665937787198,0.00767738988942527,0.0386679445573018
"ENSG00000171729.14",784.428524345906,1.06623766236793,0.399990091874312,2.66566018516022,0.0076837316417295,0.0386808822936464
"ENSG00000151364.17",162.377956907582,1.98522681673612,0.745015417717489,2.6646788368733,0.00770618796107981,0.0387558690100516
"ENSG00000213300.5",45.4597289934224,1.28072517757504,0.480648034258043,2.6645800799998,0.00770845108150685,0.0387577442312939
"ENSG00000178295.15",281.806726629511,1.35987298822695,0.510392768271664,2.66436570571301,0.0077133657497459,0.0387729471274307
"ENSG00000233797.5",13.3096428969737,2.09401730023368,0.786169869038479,2.66356850179817,0.00773166680903689,0.0388458946955385
"ENSG00000174137.14",84.79866565831,1.53998180366941,0.578253757386988,2.66315918227367,0.00774107848739685,0.0388836534310596
"ENSG00000162572.21",300.180291346816,1.46954396726059,0.552044386664143,2.66200327865057,0.0077677121854118,0.0389697016515008
"ENSG00000267470.7",53.1298419634084,2.05639585717325,0.7727260378084,2.66122242108677,0.0077857507163395,0.0390315483344315
"ENSG00000152464.15",282.892760359225,1.11638422035407,0.419608774691243,2.66053592700852,0.00780164035716479,0.0390745500380953
"ENSG00000101138.12",807.463293190347,1.00604870334412,0.378286003578364,2.65949227258607,0.0078258525203584,0.0391655553032533
"ENSG00000204618.10",182.815748475131,1.60612738843139,0.6039183497843,2.65951082460907,0.00782542153741154,0.0391655553032533
"ENSG00000185761.11",108.057102320946,1.58913404394822,0.597609408577449,2.65915164845044,0.00783376935658484,0.0391956092941473
"ENSG00000146648.21",6871.26522234305,2.05406288428393,0.772480624214472,2.65904777401076,0.00783618504878656,0.0391981308222297
"ENSG00000188312.15",106.662009516649,1.18371262116915,0.445190556448888,2.65888978106626,0.00783986059426315,0.039206951615798
"ENSG00000225880.7",243.965800430484,1.07027077375247,0.402673805871804,2.65791009533211,0.00786268648876026,0.039301931683457
"ENSG00000272666.2",26.2698830011525,1.70093047611087,0.639949230660055,2.65791471357267,0.00786257874793768,0.039301931683457
"ENSG00000163568.17",243.572080575911,2.10246528484093,0.791332339037053,2.65686764097036,0.00788704020117701,0.0394044523111436
"ENSG00000152315.5",50.17342861417,1.76651725602353,0.665156473937304,2.65579202073592,0.00791223953580739,0.0395140909650677
"ENSG00000225234.1",47.9359567709146,1.78458702956572,0.672182858541759,2.6549130298223,0.00793288581019056,0.0395797923116806
"ENSG00000116031.9",970.686876913181,4.53187051758069,1.70774369131668,2.65371820175578,0.00796102802877337,0.0396774231166673
"ENSG00000122687.19",18.7634976865994,1.49527076055497,0.563515842948884,2.6534671194517,0.0079669532169667,0.039682718200096
"ENSG00000125835.20",3042.3096352689,1.0567075574775,0.398608227059424,2.65099284395845,0.00802555418119421,0.0399213883869981
"ENSG00000074201.9",2284.25155677308,1.45082808488354,0.547798342220576,2.64847111256747,0.00808567591892927,0.0401647298079349
"ENSG00000197582.5",250.594104933188,1.01289203173054,0.382471028399884,2.64828433141224,0.00809014505007662,0.0401647298079349
"ENSG00000137547.9",880.824549728756,1.02091478546182,0.385616619450682,2.6474864774141,0.00810926028907659,0.0402304072023291
"ENSG00000006007.12",2905.85704569591,1.21218085657952,0.457972105376795,2.64684429979026,0.00812467514001426,0.0402971308831283
"ENSG00000106263.19",5155.09551560973,1.12178970027018,0.424005895505834,2.64569363813185,0.00815236127266516,0.0404148973729996
"ENSG00000304366.1",12.508372323102,2.29178121985997,0.866205595393621,2.64577050996599,0.00815050902642131,0.0404148973729996
"ENSG00000189042.14",261.271252833435,1.01043176566555,0.382069153131124,2.64463057900613,0.00817801460907935,0.0405224774153125
"ENSG00000228203.9",54.4784453206336,2.34616631702402,0.887205649185593,2.64444474533912,0.00818250648737475,0.040525148071771
"ENSG00000214756.8",54.2853960705956,1.11734953693526,0.422925729176808,2.64195214396177,0.00824297019809051,0.0407753584901442
"ENSG00000259345.8",29.4794418222419,2.19884782769729,0.832322274317074,2.64182263955565,0.00824612251926046,0.0407811133948182
"ENSG00000137843.12",292.880061516134,1.52778611429121,0.578545015385249,2.64073853142415,0.00827255359168185,0.0409019625859283
"ENSG00000210196.2",2865.99383138778,1.43512346194503,0.543482546187653,2.64060634883666,0.00827578144525859,0.0409058963079698
"ENSG00000087510.7",521.838861792922,1.81890259824098,0.689016711126038,2.63985266085695,0.00829420778837606,0.0409497800368078
"ENSG00000198876.13",2052.32487428458,1.0995707366831,0.416514950848479,2.63993101434457,0.00829229047547922,0.0409497800368078
"ENSG00000255108.2",19.0099658436719,1.70779712595112,0.646928706016602,2.63985368104426,0.00829418282180462,0.0409497800368078
"ENSG00000186056.12",73.7012583038773,1.34304739068759,0.509172884412602,2.63770407223662,0.00834693863506087,0.0411506683753999
"ENSG00000254788.7",16.6102225525689,1.97776273006821,0.750219378064338,2.63624586073888,0.00838289681698802,0.0412783180440736
"ENSG00000295087.1",44.490186154049,1.72790966889346,0.655683256701458,2.63528106175235,0.00840676399336701,0.0413759694959187
"ENSG00000198744.5",16.1501208083283,1.98262107931722,0.752469864606972,2.63481791440616,0.00841824289883612,0.0414125845484011
"ENSG00000234614.2",119.099263000425,1.19814447145823,0.45478838082801,2.63450985549988,0.00842588576584971,0.0414382812806359
"ENSG00000261253.3",21.5794248153789,2.3168015092642,0.879426962316683,2.63444448321328,0.00842750843446409,0.0414382812806359
"ENSG00000135127.12",404.469412727702,1.23966699125891,0.470825388619813,2.6329654713245,0.00846429518482677,0.041589242384301
"ENSG00000204536.15",943.046379771334,1.28214721490772,0.486948779264236,2.63302275209521,0.0084628677990693,0.041589242384301
"ENSG00000109758.9",31.8033599713712,1.85808173796877,0.705721420235253,2.63288272778991,0.00846635746009288,0.0415894090468961
"ENSG00000131095.14",14.0885646727608,1.9398064800684,0.73682172679745,2.63266731899946,0.00847172835245798,0.0415958616232755
"ENSG00000112378.12",4119.49748948605,1.39814752887869,0.531184304660054,2.63213260748258,0.0084850737465761,0.041641443776878
"ENSG00000124635.10",71.5161936475288,1.56264424798719,0.593844280298924,2.63140405629671,0.00850328727043332,0.0417107419766049
"ENSG00000143387.14",3703.99765737532,1.52301254888056,0.578818775321537,2.63124247832928,0.00850733139612572,0.0417107419766049
"ENSG00000290791.2",52.2533223332096,1.36658207433957,0.519735300684979,2.62938090319919,0.00855404885559029,0.0419097294468395
"ENSG00000172725.14",5590.05208512972,1.40713759973357,0.535538931084202,2.62751691438157,0.00860105656723491,0.0420897527099247
"ENSG00000291057.2",99.2068753966003,1.46739534318299,0.558812325648859,2.62591799756588,0.00864156331889238,0.0422677992105366
"ENSG00000251002.10",44.5117881058412,1.83735357252954,0.699889994222824,2.62520337152382,0.00865972263487729,0.0423364217705112
"ENSG00000182580.3",545.024252902263,1.39631529392629,0.531932838660043,2.62498419432735,0.00866529896286754,0.0423434914048227
"ENSG00000141449.16",65.6970661544154,1.98887801806139,0.757735417186971,2.62476581264333,0.00867085824308769,0.0423523741590233
"ENSG00000144810.16",4771.40962070947,1.4803055884892,0.564052709723804,2.62441002936419,0.0086799221438934,0.0423745532472358
"ENSG00000168615.13",6992.72025217264,1.10950051423987,0.42275731939253,2.62443833221891,0.00867920079316997,0.0423745532472358
"ENSG00000130821.17",1044.01058286522,2.13718231510095,0.814425321803574,2.62415995412333,0.00868629810371364,0.0423872231331137
"ENSG00000104808.8",51.7730693781247,1.26152179198487,0.480867744068025,2.62342776687973,0.00870499014710293,0.0424665995660715
"ENSG00000188976.11",2687.46197191827,1.33323022962051,0.508219701427108,2.62333440808519,0.00870737609040449,0.0424681349566255
"ENSG00000242622.5",61.6090268907978,1.04973419866412,0.400165534077286,2.62324990352963,0.00870953625242115,0.0424685686848141
"ENSG00000167077.13",372.980214445792,2.18791750379072,0.834175409130353,2.62285063769942,0.00871974903123965,0.0424981540614542
"ENSG00000228109.3",99.3803798026026,2.02091696236319,0.770616862352479,2.62246657332919,0.00872958307060824,0.0425258663054767
"ENSG00000231563.4",85.0124274930871,2.39117196744581,0.911927287835743,2.62210814320594,0.00873876967989038,0.0425503997901858
"ENSG00000084072.17",1941.52999288082,1.24312879622549,0.474337675848288,2.62076756606425,0.00877320546805366,0.042677533788131
"ENSG00000104892.17",104.245627962543,2.49243301096272,0.951355154800935,2.61987649763063,0.0087961616277318,0.0427610395554595
"ENSG00000287778.3",163.034676961425,1.80499405661338,0.688966262810648,2.61985840823306,0.00879662821132113,0.0427610395554595
"ENSG00000205639.12",30.6405899849727,1.64846503513017,0.629304545465826,2.61950282578992,0.00880580431373285,0.042785358210611
"ENSG00000156510.13",319.270162396873,1.6085719029642,0.614142165420445,2.61921749317272,0.00881317374417284,0.0428110197703198
"ENSG00000164610.10",195.319514211013,1.45409471957305,0.555215281212163,2.61897460098437,0.00881945138525094,0.0428212245330773
"ENSG00000225684.5",20.1343963903709,1.79666799251464,0.686056340406759,2.61883446984748,0.00882307494480728,0.0428286762945853
"ENSG00000286753.4",42.0582185848543,1.79968609480712,0.687284352293778,2.61854658672318,0.00883052329982864,0.0428546863289199
"ENSG00000244731.10",2650.97123977855,2.14680049733146,0.82005046134524,2.61788828678881,0.00884757650435416,0.0429171300320032
"ENSG00000112655.16",4921.94899886173,1.2127470627585,0.463437477454589,2.61685151019608,0.00887449377374765,0.0430171679283503
"ENSG00000137404.15",457.290939029498,1.00509295582665,0.384130107283541,2.61654303260524,0.00888251671879284,0.0430458810688084
"ENSG00000173456.5",973.327266054835,1.14103436499875,0.436272037740796,2.6154194316636,0.00891179435586,0.043157163786621
"ENSG00000259553.7",27.8602432100011,1.49667663893144,0.572807234022013,2.61288012796627,0.00897827865832115,0.0434483421312761
"ENSG00000126822.18",1609.32044708694,1.58178630375863,0.605713377839642,2.61144356659297,0.00901608670638086,0.0436004343933097
"ENSG00000184949.18",258.48851478809,1.57539533922798,0.603366807402493,2.6110076323391,0.00902758789704356,0.0436449003537309
"ENSG00000005189.20",133.206612366103,1.2363675284165,0.473700453442987,2.61001972750973,0.00905370014341263,0.0437410621443291
"ENSG00000125901.6",1177.79690961233,1.10496127347479,0.423453267240163,2.60940547389402,0.00906997004231297,0.0438093441101496
"ENSG00000160307.10",206.051906144708,2.05887305354393,0.789077708809023,2.60921456855174,0.00907503191736258,0.0438234701916162
"ENSG00000137288.10",591.082669150687,1.12370684611848,0.430835015006417,2.60820687033004,0.00910179295752891,0.0439263261715799
"ENSG00000291079.2",3237.19419785796,2.10160731278283,0.805752861697779,2.6082529925548,0.00910056657120981,0.0439263261715799
"ENSG00000198976.1",31.8107260361202,2.42844985554922,0.931153569344668,2.60800144626877,0.0091072569592726,0.0439376933395119
"ENSG00000134222.16",208.250713789475,1.03843790332899,0.398201134337712,2.60782256448395,0.00911201735741843,0.0439399821017186
"ENSG00000143297.19",285.965636157634,2.98808857605673,1.1459016638209,2.60763089050174,0.0091171206464145,0.0439542538758718
"ENSG00000121005.9",262.794380897287,1.59937633312935,0.61339068409098,2.60743499145176,0.00912233906348615,0.0439690738499577
"ENSG00000146267.12",253.321157006206,2.63309507631391,1.01065358869867,2.60533886759786,0.00917834336099597,0.0441559719084612
"ENSG00000213185.7",55.8009743276274,1.61348290830056,0.619407034002295,2.60488308935571,0.00919056140007236,0.0442043797670851
"ENSG00000161267.12",493.536767359229,1.60047414218458,0.614753149451612,2.6034419565191,0.00922928939416579,0.0443594350065578
"ENSG00000107821.15",219.180862146042,1.29754363199466,0.498853913663937,2.60104931815524,0.00929390918991175,0.0446386305996605
"ENSG00000198464.14",445.366344320394,1.05055683745173,0.404140086910188,2.59948684003029,0.00933632582292349,0.044821359089961
"ENSG00000100473.18",43.5533089731463,2.01305593842179,0.774656301648723,2.59864398461271,0.00935927848083263,0.0448895078294719
"ENSG00000198804.2",811728.304398737,1.22634509478183,0.471912386108409,2.59867113235741,0.0093585384089294,0.0448895078294719
"ENSG00000108469.15",918.901737585376,1.06825911550347,0.411142268757309,2.59827119875638,0.00936944624048384,0.0449172610977042
"ENSG00000162736.18",4894.21994180419,1.35331800308581,0.520908759462562,2.59799432914523,0.00937700425415421,0.0449429862616124
"ENSG00000006016.12",816.684943406915,3.06005801829107,1.17798956744466,2.59769534710657,0.0093851720024746,0.0449611137240045
"ENSG00000286555.1",66.6775797549658,1.43585538471662,0.552740433710851,2.59770282242053,0.00938496771058995,0.0449611137240045
"ENSG00000110400.11",835.539189583024,1.42786942737768,0.54979973904866,2.59707185355958,0.00940222534747517,0.0450217721916466
"ENSG00000087494.16",100.63098158798,2.07892155554899,0.800520102125474,2.59696358658478,0.00940518940257411,0.0450242407685971
"ENSG00000112761.22",22.8952909178057,3.61743296809611,1.39322242530976,2.59645043202045,0.00941924951888854,0.0450611974184066
"ENSG00000297150.1",18.1136654717863,2.07915077737354,0.80127081434402,2.59481655908769,0.009464141589217,0.0452232018516209
"ENSG00000133477.17",179.010976339106,2.17257295202308,0.837611424483199,2.59377187144211,0.00949294520381727,0.0453185910265586
"ENSG00000105427.10",22.8190151461979,2.13104154177365,0.821726662957949,2.59337032353629,0.00950403726906736,0.0453504259169088
"ENSG00000086827.9",682.15796454862,1.26404936312859,0.487499449625707,2.59292469786192,0.00951636043614513,0.0453881029036333
"ENSG00000100625.9",449.172397419813,2.44055644810997,0.941538206531459,2.59209496882847,0.00953934342610246,0.0454871389787918
"ENSG00000167772.12",1327.83103693263,2.2774181557658,0.878749028416808,2.59165937272089,0.00955142897597583,0.045534178033808
"ENSG00000177463.16",199.252021025951,1.17569669731589,0.453733434310202,2.59116170070929,0.0095652535214565,0.0455682988392064
"ENSG00000010932.17",174.071687297465,1.52040038459558,0.587038085360222,2.58995186600648,0.00959893525946995,0.0456756947227134
"ENSG00000086015.23",1791.02267095585,1.06526355811108,0.411447511982388,2.58906306901347,0.00962374665954806,0.045738677432574
"ENSG00000091831.25",646.482793284356,1.93405210962971,0.747072560387998,2.58884104728093,0.00962995347249283,0.045738677432574
"ENSG00000100206.11",34.3177966424741,1.64243519442841,0.634429309414958,2.58883877219196,0.00963001709307558,0.045738677432574
"ENSG00000289494.3",21.8758018141782,1.87233415911215,0.723191666012576,2.58898746640091,0.00962585979654258,0.045738677432574
"ENSG00000166133.18",240.783299790513,1.00606186590873,0.388803971550397,2.58758124794084,0.00966523989594715,0.0458847137824729
"ENSG00000213918.11",628.067438983753,1.24296090473725,0.480654539814013,2.58597558491428,0.00971038085520178,0.0460350633653312
"ENSG00000214552.4",10.8557267720069,1.71508071845083,0.663351535899484,2.58547787354594,0.00972441141332861,0.0460909227043203
"ENSG00000163155.12",268.058014757884,1.08744195653602,0.421068914332131,2.58257477463241,0.00980661086698366,0.0464375864241647
"ENSG00000267213.5",16.0585203954576,1.65023921842241,0.639080779804891,2.58220755586832,0.00981705243090296,0.0464704754875268
"ENSG00000272170.2",16.3270326527812,1.89556738026838,0.734510367895954,2.58072242832778,0.00985938193539347,0.0466336256524355
"ENSG00000064601.21",5469.31323495432,1.11605020114137,0.43264534911864,2.57959597489011,0.00989159678837855,0.0467498838165547
"ENSG00000246582.4",22.1365259663995,1.68191006078214,0.652018331123583,2.57954413318995,0.0098930816367553,0.0467498838165547
"ENSG00000251442.9",165.300456061957,1.24299041755791,0.482022485341419,2.57869799720544,0.00991734472434836,0.0468213760598754
"ENSG00000233930.5",62.0029566726209,1.91324596486413,0.74221975776822,2.57773515840789,0.00994501875650253,0.046930417625622
"ENSG00000185359.14",3401.46982301922,1.27072663494958,0.493043856921105,2.57730953770491,0.00995727391001799,0.0469558289445742
"ENSG00000166965.13",568.109061384497,1.47750567222952,0.573496050778051,2.57631359488006,0.00998600327608412,0.0470707653809048
"ENSG00000135750.15",754.30352235379,1.67064235008243,0.648745923341103,2.5751874346716,0.0100185778703498,0.0471523019664136
"ENSG00000066923.19",121.524051679821,2.32152020667344,0.901749656882121,2.5744619795036,0.0100396120120013,0.0472138084160723
"ENSG00000164654.16",972.58443706475,1.00171284812142,0.389134671224001,2.57420610959849,0.0100470401848151,0.0472363717025695
"ENSG00000167962.15",1402.12735818333,1.1022055969039,0.42818434133029,2.57413803008197,0.0100490174291167,0.0472363717025695
"ENSG00000180257.14",136.14390970286,1.22816305289391,0.477208638025809,2.57363960965746,0.0100635036921568,0.0472936235856021
"ENSG00000302221.1",27.3472996681402,1.44694452505808,0.562320880304383,2.57316520822569,0.010077309130352,0.0473476504144677
"ENSG00000105655.19",1816.63991155325,1.80474620637645,0.701429035151187,2.57295623068619,0.0100833958829494,0.0473545463087483
"ENSG00000230107.2",36.6249998935115,2.08760697668849,0.811400619985656,2.57284370416848,0.0100866747253583,0.0473577803107752
"ENSG00000261488.1",78.5287703137599,1.4426273857069,0.560728357711168,2.57277408190224,0.0100887038820457,0.0473577803107752
"ENSG00000139835.14",300.655432845785,1.52343397700199,0.59232425760231,2.57195945877475,0.0101124732808331,0.0474367769732789
"ENSG00000182400.15",290.037077290345,1.15213143387362,0.448015663344546,2.57163203909586,0.0101220409034576,0.047459941391502
"ENSG00000100429.18",51.8872812341476,1.57080789595934,0.61095130590324,2.57108525799291,0.0101380365183019,0.0475132116048598
"ENSG00000121905.10",11.5829324023857,2.5110729156176,0.976823144890236,2.57065255747985,0.0101507107515408,0.0475508734863133
"ENSG00000112473.19",4814.96919101206,1.03154138457577,0.401412019842769,2.56978200348813,0.0101762529051751,0.0476487530412677
"ENSG00000154370.16",1096.313614921,1.3075560325438,0.508926242334054,2.56924466411291,0.0101920470486788,0.0477009204944327
"ENSG00000137700.19",784.829194364239,1.24407886438768,0.484295562399279,2.56884217196687,0.0102038918874622,0.0477454585259073
"ENSG00000172965.18",541.466971020785,1.03424356639813,0.40286094834174,2.56724701328162,0.0102509560214805,0.04792193394082
"ENSG00000260774.1",23.4895437053244,2.25307469001181,0.877966994391539,2.5662407634962,0.0102807440743977,0.0480283382322742
"ENSG00000257270.1",92.4519744110383,1.73527505475759,0.676479824620781,2.56515418731127,0.0103129965263918,0.0481611041477726
"ENSG00000113249.14",29.8012152206359,2.60317100846951,1.01506774288769,2.56452933975021,0.0103315844075886,0.0481999560166546
"ENSG00000238273.3",14.54201396462,2.14230196094346,0.835339350468303,2.5645888221864,0.0103298136489092,0.0481999560166546
"ENSG00000167930.17",2941.0902175755,1.19870210721487,0.467693193349189,2.56300952047402,0.0103769203000964,0.0483564485984494
"ENSG00000204351.13",2132.55701592499,1.19018962375133,0.464412443882324,2.56278581556033,0.0103836082960075,0.0483766199730372
"ENSG00000185298.13",731.767024864199,1.08195417194885,0.422286822493023,2.56213103113518,0.0104032061137555,0.048456914619819
"ENSG00000183347.15",109.191742641146,2.80730387145874,1.09626126327172,2.56079820158977,0.0104431996564174,0.0485888676051257
"ENSG00000184260.6",34.4415795563065,1.31603764072483,0.513918194229755,2.56079207839152,0.0104433837073639,0.0485888676051257
"ENSG00000303375.1",12.1435253225415,1.6246486128135,0.634699768039142,2.55971200026232,0.0104758938565839,0.0487290670679213
"ENSG00000151176.8",2260.30635789547,1.09995679625579,0.429961083640129,2.55827059263912,0.010519420199159,0.0489204336047984
"ENSG00000113924.12",81.5006949103643,2.26163449109758,0.884477124765057,2.557029942067,0.0105570130063378,0.0490305035192802
"ENSG00000227507.3",666.484630162748,1.06972905175262,0.418350551331172,2.55701599615153,0.0105574362581751,0.0490305035192802
"ENSG00000275131.5",214.884080266703,1.25257926263435,0.490067631040244,2.55593143333208,0.0105903984843662,0.0491501879862935
"ENSG00000113360.17",1301.25192228196,1.03930109096267,0.407093679808966,2.55297771129824,0.0106806330834441,0.0495241295212434
"ENSG00000226415.1",125.901276375804,1.33355394197954,0.522389680608966,2.55279533934317,0.0106862267901324,0.0495388636909054
"ENSG00000177455.15",59.1319717368547,2.08574734984057,0.817212760252916,2.55226967967932,0.0107023643841344,0.0495654399547754
"ENSG00000213790.2",20.5285096718748,1.56870403053042,0.614625226752714,2.55229359656851,0.0107016296725527,0.0495654399547754
"ENSG00000306789.1",28.0420863748612,1.62935142951476,0.63852472920848,2.55174366000596,0.0107185347177206,0.0495806964647181
"ENSG00000277363.5",404.821908395006,2.21803296859995,0.8693089713471,2.55148979443159,0.0107263465503892,0.0496014906786603
"ENSG00000206432.4",54.8781901959822,2.33488222998614,0.91519708158368,2.55123434828463,0.0107342121287125,0.0496266709102866
"ENSG00000173914.12",616.319915233252,1.11267378095706,0.436309412831245,2.55019430760577,0.010766289544028,0.0497525356796821
"ENSG00000211648.2",583.035332535967,2.25095052862854,0.882828658886958,2.5497026019369,0.0107814846050953,0.0498115277924455
"ENSG00000130513.7",6524.29199014178,2.5985576350004,1.01933906616638,2.54925737789418,0.0107952596994614,0.0498639344171564
"ENSG00000131584.19",3535.44453689396,1.54440982959286,0.605852235751905,2.5491526455723,0.0107985023573633,0.049867678453914
